-- MySQL dump 10.13  Distrib 8.0.38, for Win64 (x86_64)
--
-- Host: stg-yswa-kr-practice-db-master.mariadb.database.azure.com    Database: s11p12a504
-- ------------------------------------------------------
-- Server version	5.6.47.0

/*!40101 SET @OLD_CHARACTER_SET_CLIENT=@@CHARACTER_SET_CLIENT */;
/*!40101 SET @OLD_CHARACTER_SET_RESULTS=@@CHARACTER_SET_RESULTS */;
/*!40101 SET @OLD_COLLATION_CONNECTION=@@COLLATION_CONNECTION */;
/*!50503 SET NAMES utf8mb4 */;
/*!40103 SET @OLD_TIME_ZONE=@@TIME_ZONE */;
/*!40103 SET TIME_ZONE='+00:00' */;
/*!40014 SET @OLD_UNIQUE_CHECKS=@@UNIQUE_CHECKS, UNIQUE_CHECKS=0 */;
/*!40014 SET @OLD_FOREIGN_KEY_CHECKS=@@FOREIGN_KEY_CHECKS, FOREIGN_KEY_CHECKS=0 */;
/*!40101 SET @OLD_SQL_MODE=@@SQL_MODE, SQL_MODE='NO_AUTO_VALUE_ON_ZERO' */;
/*!40111 SET @OLD_SQL_NOTES=@@SQL_NOTES, SQL_NOTES=0 */;

--
-- Table structure for table `announcement`
--

DROP TABLE IF EXISTS `announcement`;
/*!40101 SET @saved_cs_client     = @@character_set_client */;
/*!50503 SET character_set_client = utf8mb4 */;
CREATE TABLE `announcement` (
  `announcement_id` bigint(20) NOT NULL AUTO_INCREMENT,
  `content` varchar(2000) COLLATE utf8mb4_bin DEFAULT NULL,
  `created_at` datetime(6) NOT NULL,
  `title` varchar(255) COLLATE utf8mb4_bin NOT NULL,
  `updated_at` datetime(6) DEFAULT NULL,
  `member_id` bigint(20) DEFAULT NULL,
  `course_id` bigint(20) DEFAULT NULL,
  PRIMARY KEY (`announcement_id`),
  KEY `FKibvknlhmqcob0njrw9cghkirb` (`member_id`),
  KEY `FKnxopiti7syvupku89mwxpckmq` (`course_id`),
  CONSTRAINT `FKibvknlhmqcob0njrw9cghkirb` FOREIGN KEY (`member_id`) REFERENCES `member` (`member_id`) ON DELETE CASCADE,
  CONSTRAINT `FKnxopiti7syvupku89mwxpckmq` FOREIGN KEY (`course_id`) REFERENCES `course` (`course_id`)
) ENGINE=InnoDB AUTO_INCREMENT=228 DEFAULT CHARSET=utf8mb4 COLLATE=utf8mb4_bin;
/*!40101 SET character_set_client = @saved_cs_client */;

--
-- Dumping data for table `announcement`
--

LOCK TABLES `announcement` WRITE;
/*!40000 ALTER TABLE `announcement` DISABLE KEYS */;
INSERT INTO `announcement` VALUES (100,'안녕하세요! 귀여운 쿠키와 맛있는 타르트 만들기 강의가 2024년 9월 1일부터 시작됩니다. 첫 수업에 필요한 재료 목록은 별도로 공지하겠습니다.','2024-08-12 07:48:40.000000','강의 시작 안내','2024-08-12 07:48:40.000000',12,1),(101,'매주 월요일과 수요일 오후 2시부터 4시까지 강의가 진행됩니다. 첫 주에는 기본적인 쿠키와 타르트를 만드는 방법을 배웁니다.','2024-08-12 07:48:40.000000','강의 일정','2024-08-12 07:48:40.000000',12,1),(102,'첫 강의에서는 기본 재료 준비와 기초 레시피를 다룹니다. 이후 다양한 디저트 레시피와 응용 기법을 배울 예정입니다.!!','2024-08-12 07:48:40.000000','강의 내용','2024-08-14 02:11:31.960000',12,1),(103,'안녕하세요! 온라인 요가 체형 교정 강의는 2024년 8월 25일부터 시작됩니다. 요가 매트와 편안한 복장을 준비해 주세요.','2024-08-12 07:48:43.000000','강의 시작 안내','2024-08-12 07:48:43.000000',23,2),(104,'강의는 매주 화요일과 목요일 오전 10시부터 11시까지 진행됩니다. 체형 교정을 위한 다양한 요가 자세를 배울 예정입니다.','2024-08-12 07:48:43.000000','강의 일정','2024-08-12 07:48:43.000000',23,2),(105,'첫 강의에서는 기본적인 요가 자세와 체형 교정 방법을 소개합니다. 이후 개인 맞춤형 운동법을 안내할 예정입니다.','2024-08-12 07:48:43.000000','강의 내용','2024-08-12 07:48:43.000000',23,2),(106,'반실사와 캐주얼을 넘나드는 웹소설 표지 일러스트 실전 강의가 2024년 9월 5일부터 시작됩니다. 일러스트 작업을 위한 도구와 자료를 준비해 주세요.','2024-08-12 07:48:46.000000','강의 시작 안내','2024-08-12 07:48:46.000000',15,3),(107,'강의는 매주 금요일 오후 3시부터 5시까지 진행됩니다. 웹소설 표지를 제작하기 위한 다양한 기법을 실습합니다.','2024-08-12 07:48:46.000000','강의 일정','2024-08-12 07:48:46.000000',15,3),(108,'첫 주에는 웹소설 표지 디자인의 기본 이론과 기초 작업을 진행합니다. 이후 실전 작업을 통해 각자의 스타일을 개발할 수 있습니다.','2024-08-12 07:48:46.000000','강의 내용','2024-08-12 07:48:46.000000',15,3),(109,'당장 시작할 수 있는 작곡법 강의가 2024년 9월 10일부터 시작됩니다. 작곡에 필요한 기본적인 도구와 소프트웨어를 준비해 주세요.','2024-08-12 07:48:50.000000','강의 시작 안내','2024-08-12 07:48:50.000000',4,4),(110,'강의는 매주 화요일과 목요일 오후 1시부터 3시까지 진행됩니다. 작곡의 기본 이론과 실습을 통해 자신만의 곡을 작곡해 보세요.','2024-08-12 07:48:50.000000','강의 일정','2024-08-12 07:48:50.000000',4,4),(111,'강의 첫 주에는 작곡의 기초 이론과 음악적 구조를 배우며, 실제 곡 작곡을 시작하는 방법을 익힐 수 있습니다.','2024-08-12 07:48:50.000000','강의 내용','2024-08-12 07:48:50.000000',4,4),(112,'매트만 있으면 OK 온라인 필라테스 강의가 2024년 9월 12일부터 시작됩니다. 요가 매트와 편안한 복장을 준비해 주세요.','2024-08-12 07:48:53.000000','강의 시작 안내','2024-08-12 07:48:53.000000',19,5),(113,'강의는 매주 월요일과 수요일 오후 4시부터 5시까지 진행됩니다. 필라테스를 통해 몸의 균형과 유연성을 기르는 방법을 배웁니다.','2024-08-12 07:48:53.000000','강의 일정','2024-08-12 07:48:53.000000',19,5),(114,'첫 강의에서는 필라테스의 기본 자세와 운동법을 배우고, 후속 강의에서는 더 고급 기술을 다룹니다.','2024-08-12 07:48:53.000000','강의 내용','2024-08-12 07:48:53.000000',19,5),(115,'논리와 비판적 사고 강의가 2024년 9월 15일부터 시작됩니다. 강의에 필요한 기본 교재와 노트북을 준비해 주세요.','2024-08-12 07:48:55.000000','강의 시작 안내','2024-08-12 07:48:55.000000',58,6),(116,'강의는 매주 화요일과 목요일 오후 2시부터 4시까지 진행됩니다. 논리적 사고를 향상시키기 위한 다양한 사례를 다룹니다.','2024-08-12 07:48:55.000000','강의 일정','2024-08-12 07:48:55.000000',58,6),(117,'강의 첫 주에는 기본적인 논리 이론과 비판적 사고 기법을 배울 수 있습니다. 이후 실제 사례를 통해 실습을 진행합니다.','2024-08-12 07:48:55.000000','강의 내용','2024-08-12 07:48:55.000000',58,6),(118,'제 1차 세계대전의 이해 강의가 2024년 9월 20일부터 시작됩니다. 교재와 노트는 강의 첫 날 배부됩니다.','2024-08-12 07:48:57.000000','강의 시작 안내','2024-08-12 07:48:57.000000',20,7),(119,'강의는 매주 월요일과 수요일 오후 3시부터 5시까지 진행됩니다. 제 1차 세계대전의 주요 사건과 배경을 심도 있게 분석합니다.','2024-08-12 07:48:57.000000','강의 일정','2024-08-12 07:48:57.000000',20,7),(120,'첫 강의에서는 전쟁의 배경과 원인에 대해 학습하고, 이후 전쟁의 주요 전투와 결과를 다룹니다.','2024-08-12 07:48:57.000000','강의 내용','2024-08-12 07:48:57.000000',20,7),(121,'실존주의 철학 입문 강의가 2024년 9월 25일부터 시작됩니다. 철학 관련 기본 서적을 준비해 주세요.','2024-08-12 07:48:59.000000','강의 시작 안내','2024-08-12 07:48:59.000000',32,8),(122,'강의는 매주 수요일과 금요일 오후 1시부터 3시까지 진행됩니다. 실존주의 철학의 주요 개념과 철학자를 소개합니다.','2024-08-12 07:48:59.000000','강의 일정','2024-08-12 07:48:59.000000',32,8),(123,'강의 첫 주에는 실존주의의 기본 이론과 철학적 배경을 배우고, 이후 주요 철학자들의 사상을 다룹니다.','2024-08-12 07:48:59.000000','강의 내용','2024-08-12 07:48:59.000000',32,8),(124,'불교 경전 입문: 반야심경과 금강경 강의가 2024년 10월 1일부터 시작됩니다. 경전을 읽을 수 있는 교재를 준비해 주세요.','2024-08-12 07:49:02.000000','강의 시작 안내','2024-08-12 07:49:02.000000',66,9),(125,'강의는 매주 월요일과 목요일 오전 11시부터 1시까지 진행됩니다. 반야심경과 금강경의 내용을 심층적으로 분석합니다.','2024-08-12 07:49:02.000000','강의 일정','2024-08-12 07:49:02.000000',66,9),(126,'강의 첫 주에는 반야심경과 금강경의 역사적 배경과 주요 개념을 배우고, 이후 구체적인 구절에 대해 토론합니다.','2024-08-12 07:49:02.000000','강의 내용','2024-08-12 07:49:02.000000',66,9),(127,'가톨릭 사회 교리와 현대 사회 강의가 2024년 10월 5일부터 시작됩니다. 필수 교재와 자료는 첫 강의 날 배부됩니다.','2024-08-12 07:49:03.000000','강의 시작 안내','2024-08-12 07:49:03.000000',82,10),(128,'강의는 매주 화요일과 금요일 오후 3시부터 5시까지 진행됩니다. 가톨릭 사회 교리의 기초와 현대 사회와의 관계를 탐구합니다.','2024-08-12 07:49:03.000000','강의 일정','2024-08-12 07:49:03.000000',82,10),(129,'강의 첫 주에는 가톨릭 사회 교리의 기본 원칙과 이를 현대 사회에서 적용하는 방법을 배웁니다.','2024-08-12 07:49:03.000000','강의 내용','2024-08-12 07:49:03.000000',82,10),(130,'디지털 마케팅 기초 강의가 2024년 10월 20일부터 시작됩니다. 강의 자료와 온라인 마케팅 도구를 준비해 주세요.','2024-08-12 07:49:28.000000','강의 시작 안내','2024-08-12 07:49:28.000000',40,14),(131,'강의는 매주 월요일과 수요일 오후 2시부터 4시까지 진행됩니다. 디지털 마케팅의 기초 이론과 실무 기법을 배우게 됩니다.','2024-08-12 07:49:28.000000','강의 일정','2024-08-12 07:49:28.000000',40,14),(132,'첫 강의에서는 디지털 마케팅의 기본 개념과 주요 플랫폼을 소개하며, 이후 캠페인 설계 및 분석 방법을 실습합니다.','2024-08-12 07:49:28.000000','강의 내용','2024-08-12 07:49:28.000000',40,14),(133,'같이하자! 필라테스 강의가 2024년 10월 5일부터 시작됩니다. 필라테스 매트와 편안한 운동복을 준비해 주세요.','2024-08-12 07:51:09.000000','강의 시작 안내','2024-08-12 07:51:09.000000',36,11),(134,'강의는 매주 월요일과 금요일 오전 10시부터 11시 30분까지 진행됩니다. 필라테스의 기본 자세와 호흡법을 배울 예정입니다.','2024-08-12 07:51:09.000000','강의 일정','2024-08-12 07:51:09.000000',36,11),(135,'첫 강의에서는 필라테스의 기본 원칙과 기초 동작을 소개합니다. 이후 각자의 운동 수준에 맞는 동작을 진행할 예정입니다.','2024-08-12 07:51:09.000000','강의 내용','2024-08-12 07:51:09.000000',36,11),(136,'풀스택 웹 개발 강의가 2024년 10월 10일부터 시작됩니다. 웹 개발에 필요한 기본적인 도구와 소프트웨어를 설치해 주세요.','2024-08-12 07:51:10.000000','강의 시작 안내','2024-08-12 07:51:10.000000',84,12),(137,'강의는 매주 화요일과 목요일 오후 2시부터 4시까지 진행됩니다. HTML, CSS, JavaScript 등 웹 개발의 기초를 배울 예정입니다.','2024-08-12 07:51:10.000000','강의 일정','2024-08-12 07:51:10.000000',84,12),(138,'첫 강의에서는 웹 개발의 기초부터 서버 사이드 프로그래밍까지 폭넓게 다룹니다. 이후 실습을 통해 실전 기술을 익힐 수 있습니다.','2024-08-12 07:51:10.000000','강의 내용','2024-08-12 07:51:10.000000',84,12),(139,'파이썬 개념 정리 강의가 2024년 10월 15일부터 시작됩니다. Python 설치와 개발 환경 설정을 준비해 주세요.','2024-08-12 07:51:13.000000','강의 시작 안내','2024-08-12 07:51:13.000000',7,13),(140,'강의는 매주 수요일과 금요일 오후 1시부터 3시까지 진행됩니다. 파이썬의 기본 문법과 주요 개념을 정리합니다.','2024-08-12 07:51:13.000000','강의 일정','2024-08-12 07:51:13.000000',7,13),(141,'첫 강의에서는 파이썬의 기본 문법과 데이터 구조를 다루며, 실습을 통해 개념을 확립할 예정입니다.','2024-08-12 07:51:13.000000','강의 내용','2024-08-12 07:51:13.000000',7,13),(142,'미적분학 입문 강의가 2024년 10월 25일부터 시작됩니다. 교재와 계산기를 준비해 주세요.','2024-08-12 07:51:14.000000','강의 시작 안내','2024-08-12 07:51:14.000000',2,15),(143,'강의는 매주 화요일과 목요일 오후 4시부터 6시까지 진행됩니다. 미적분학의 기본 개념과 공식을 배울 예정입니다.','2024-08-12 07:51:14.000000','강의 일정','2024-08-12 07:51:14.000000',2,15),(144,'첫 강의에서는 미적분학의 기초 개념과 함수의 변화율을 다루며, 기초 문제 풀이를 진행할 예정입니다.','2024-08-12 07:51:14.000000','강의 내용','2024-08-12 07:51:14.000000',2,15),(145,'홈 트레이닝으로 몸짱 되기 강의가 2024년 11월 1일부터 시작됩니다. 운동에 적합한 복장과 기본적인 운동 기구를 준비해 주세요.','2024-08-12 07:51:16.000000','강의 시작 안내','2024-08-12 07:51:16.000000',98,16),(146,'강의는 매주 월요일과 목요일 오후 5시부터 6시 30분까지 진행됩니다. 다양한 홈 트레이닝 운동을 통해 체력을 향상시키는 방법을 배웁니다.','2024-08-12 07:51:16.000000','강의 일정','2024-08-12 07:51:16.000000',98,16),(147,'첫 강의에서는 기본적인 홈 트레이닝 운동과 프로그램 설계를 배우며, 개인 맞춤형 운동 계획을 수립할 수 있습니다.','2024-08-12 07:51:16.000000','강의 내용','2024-08-12 07:51:16.000000',98,16),(148,'세계 요리 탐방 강의가 2024년 11월 5일부터 시작됩니다. 각 나라의 요리를 위한 기본 재료와 조리 도구를 준비해 주세요.','2024-08-12 07:51:18.000000','강의 시작 안내','2024-08-12 07:51:18.000000',24,17),(149,'강의는 매주 화요일과 금요일 오후 6시부터 8시까지 진행됩니다. 세계 각국의 요리를 배우며 요리 기술을 향상시키는 방법을 배웁니다.','2024-08-12 07:51:18.000000','강의 일정','2024-08-12 07:51:18.000000',24,17),(150,'첫 강의에서는 기본적인 조리법과 세계 요리의 대표적인 메뉴를 다루며, 후속 강의에서는 다양한 국가의 요리를 실습합니다.','2024-08-12 07:51:18.000000','강의 내용','2024-08-12 07:51:18.000000',24,17),(151,'음악 입문: 기초부터 작곡까지 강의가 2024년 11월 10일부터 시작됩니다. 기본적인 악기와 작곡 도구를 준비해 주세요.','2024-08-12 07:51:20.000000','강의 시작 안내','2024-08-12 07:51:20.000000',99,18),(152,'강의는 매주 월요일과 수요일 오후 7시부터 9시까지 진행됩니다. 음악의 기초부터 작곡 기법까지 폭넓게 배울 수 있습니다.','2024-08-12 07:51:20.000000','강의 일정','2024-08-12 07:51:20.000000',99,18),(153,'첫 강의에서는 음악의 기본 이론과 기초 작곡 기법을 다루며, 이후 실습을 통해 다양한 곡을 작곡하는 방법을 배울 예정입니다.','2024-08-12 07:51:20.000000','강의 내용','2024-08-12 07:51:20.000000',99,18),(154,'사진 예술: 순간을 포착하다 강의가 2024년 11월 15일부터 시작됩니다. 카메라와 관련 액세서리를 준비해 주세요.','2024-08-12 07:51:21.000000','강의 시작 안내','2024-08-12 07:51:21.000000',42,19),(155,'강의는 매주 화요일과 목요일 오후 3시부터 5시까지 진행됩니다. 사진 예술의 기초와 촬영 기술을 배울 수 있습니다.','2024-08-12 07:51:21.000000','강의 일정','2024-08-12 07:51:21.000000',42,19),(156,'첫 강의에서는 사진 촬영의 기본 기술과 예술적 접근 방법을 배우며, 실제 촬영을 통해 기술을 연습합니다.','2024-08-12 07:51:21.000000','강의 내용','2024-08-12 07:51:21.000000',42,19),(157,'수채화 일상화 강의가 2024년 11월 20일부터 시작됩니다. 수채화 재료와 도구를 준비해 주세요...!','2024-08-12 07:51:26.000000','강의 시작 안내','2024-08-14 06:19:58.117000',8,20),(158,'강의는 매주 수요일과 금요일 오후 2시부터 4시까지 진행됩니다. 수채화의 기법과 표현 방법을 배우게 됩니다.','2024-08-12 07:51:26.000000','강의 일정','2024-08-12 07:51:26.000000',8,20),(159,'첫 강의에서는 수채화의 기초 기법과 다양한 색상 사용법을 배우며, 이후 실습을 통해 자신의 스타일을 개발할 예정입니다.','2024-08-12 07:51:26.000000','강의 내용','2024-08-12 07:51:26.000000',8,20),(160,'프랑스 가정식 강의가 2024년 11월 25일부터 시작됩니다. 프랑스 요리를 위한 기본 재료를 준비해 주세요.','2024-08-12 07:57:21.000000','강의 시작 안내','2024-08-12 07:57:21.000000',47,21),(161,'강의는 매주 월요일과 수요일 오후 6시부터 8시까지 진행됩니다. 프랑스 가정식 요리의 기본적인 기법을 배울 수 있습니다.','2024-08-12 07:57:21.000000','강의 일정','2024-08-12 07:57:21.000000',47,21),(162,'첫 강의에서는 프랑스 가정식의 기본적인 요리법과 맛있는 레시피를 배워보며, 실제 요리를 실습할 예정입니다.','2024-08-12 07:57:21.000000','강의 내용','2024-08-12 07:57:21.000000',47,21),(163,'캘리그라피 강의가 2024년 11월 26일부터 시작됩니다. 캘리그라피 도구와 재료를 준비해 주세요.','2024-08-12 07:57:21.000000','강의 시작 안내','2024-08-12 07:57:21.000000',79,22),(164,'강의는 매주 화요일과 목요일 오전 10시부터 12시까지 진행됩니다. 기본적인 캘리그라피 기술을 배울 수 있습니다.','2024-08-12 07:57:21.000000','강의 일정','2024-08-12 07:57:21.000000',79,22),(165,'홈 가드닝 강의가 2024년 11월 27일부터 시작됩니다. 필요한 식물과 도구를 준비해 주세요.','2024-08-12 07:57:21.000000','강의 시작 안내','2024-08-12 07:57:21.000000',9,23),(166,'강의는 매주 수요일과 금요일 오후 1시부터 3시까지 진행됩니다. 가드닝의 기초와 식물 관리 방법을 배울 수 있습니다.','2024-08-12 07:57:21.000000','강의 일정','2024-08-12 07:57:21.000000',9,23),(167,'첫 강의에서는 다양한 식물의 특성과 가드닝의 기초 기술을 배우며, 실습을 통해 자신의 가드닝 공간을 꾸밀 예정입니다.','2024-08-12 07:57:21.000000','강의 내용','2024-08-12 07:57:21.000000',9,23),(168,'클래식 기타 강의가 2024년 11월 28일부터 시작됩니다. 기타를 준비해 주세요!','2024-08-12 07:57:21.000000','강의 시작 안내','2024-08-14 07:30:11.549952',12,24),(169,'강의는 매주 목요일과 토요일 오후 4시부터 6시까지 진행됩니다. 클래식 기타의 기초와 다양한 연주 기법을 배울 수 있습니다.','2024-08-12 07:57:21.000000','강의 일정','2024-08-12 07:57:21.000000',12,24),(170,'첫 강의에서는 기본적인 기타 코드와 연주 기법을 배우며, 클래식 기타의 다양한 곡을 연습할 예정입니다.','2024-08-14 07:57:21.000000','강의 내용','2024-08-14 07:57:21.000000',12,24),(171,'천연 비누 강의가 2024년 11월 29일부터 시작됩니다. 비누 제조 재료를 준비해 주세요.','2024-08-12 07:57:21.000000','강의 시작 안내','2024-08-12 07:57:21.000000',32,25),(172,'강의는 매주 금요일 오후 2시부터 4시까지 진행됩니다. 천연 비누의 기초 제조법과 재료에 대해 배울 수 있습니다.','2024-08-12 07:57:21.000000','강의 일정','2024-08-12 07:57:21.000000',32,25),(173,'첫 강의에서는 천연 비누의 기본 성분과 제조 과정을 배우며, 다양한 향과 색상을 추가하는 방법을 실습할 예정입니다.','2024-08-12 07:57:21.000000','강의 내용','2024-08-12 07:57:21.000000',32,25),(174,'도예 입문 강의가 2024년 12월 1일부터 시작됩니다. 도예 재료와 도구를 준비해 주세요.','2024-08-12 07:57:21.000000','강의 시작 안내','2024-08-12 07:57:21.000000',58,26),(175,'강의는 매주 일요일 오후 3시부터 5시까지 진행됩니다. 도예의 기초 기법과 도구 사용법을 배울 수 있습니다.','2024-08-12 07:57:21.000000','강의 일정','2024-08-12 07:57:21.000000',58,26),(176,'첫 강의에서는 도예의 기초와 간단한 도자기 제작 방법을 배우며, 자신의 작품을 만드는 실습이 포함됩니다.','2024-08-12 07:57:21.000000','강의 내용','2024-08-12 07:57:21.000000',58,26),(177,'요가와 명상 강의가 2024년 12월 2일부터 시작됩니다. 요가 매트와 편한 복장을 준비해 주세요.','2024-08-12 07:57:21.000000','강의 시작 안내','2024-08-12 07:57:21.000000',15,27),(178,'강의는 매주 월요일과 수요일 오전 10시부터 12시까지 진행됩니다. 요가의 기초와 명상 기법을 배울 수 있습니다.','2024-08-12 07:57:21.000000','강의 일정','2024-08-12 07:57:21.000000',15,27),(179,'첫 강의에서는 요가의 기본 자세와 호흡법, 그리고 명상의 기초를 배우며, 편안한 상태에서 연습할 예정입니다.','2024-08-12 07:57:21.000000','강의 내용','2024-08-12 07:57:21.000000',15,27),(180,'와인 테이스팅 강의가 2024년 12월 3일부터 시작됩니다. 다양한 와인을 시음할 준비를 해 주세요.','2024-08-12 07:57:21.000000','강의 시작 안내','2024-08-12 07:57:21.000000',23,28),(181,'강의는 매주 화요일 오후 6시부터 8시까지 진행됩니다. 와인의 기본적인 종류와 테이스팅 방법을 배울 수 있습니다.','2024-08-12 07:57:21.000000','강의 일정','2024-08-12 07:57:21.000000',23,28),(182,'첫 강의에서는 와인의 종류와 시음 방법을 배우며, 다양한 와인의 맛을 비교하는 실습이 포함됩니다.','2024-08-12 07:57:21.000000','강의 내용','2024-08-12 07:57:21.000000',23,28),(183,'손뜨개 니트 강의가 2024년 12월 4일부터 시작됩니다. 니트 실과 바늘을 준비해 주세요.','2024-08-12 07:57:21.000000','강의 시작 안내','2024-08-12 07:57:21.000000',19,29),(184,'강의는 매주 수요일과 금요일 오전 11시부터 1시까지 진행됩니다. 기본적인 손뜨개 기법과 다양한 패턴을 배울 수 있습니다.','2024-08-12 07:57:21.000000','강의 일정','2024-08-12 07:57:21.000000',19,29),(185,'첫 강의에서는 손뜨개의 기초와 실습을 통해 간단한 니트 작품을 만들어 볼 예정입니다.','2024-08-12 07:57:21.000000','강의 내용','2024-08-12 07:57:21.000000',19,29),(186,'인물 드로잉 강의가 2024년 12월 5일부터 시작됩니다. 드로잉 도구를 준비해 주세요.','2024-08-12 07:57:21.000000','강의 시작 안내','2024-08-12 07:57:21.000000',2,30),(187,'강의는 매주 목요일 오후 3시부터 5시까지 진행됩니다. 인물 드로잉의 기초와 다양한 테크닉을 배울 수 있습니다.','2024-08-12 07:57:21.000000','강의 일정','2024-08-12 07:57:21.000000',2,30),(188,'첫 강의에서는 인물 드로잉의 기초와 기본적인 드로잉 기법을 배우며, 다양한 연습을 통해 실력을 향상시킬 예정입니다.','2024-08-12 07:57:21.000000','강의 내용','2024-08-12 07:57:21.000000',2,30),(189,'홈 인테리어 강의가 2024년 12월 6일부터 시작됩니다. 인테리어 아이디어를 준비해 주세요.','2024-08-12 07:57:21.000000','강의 시작 안내','2024-08-12 07:57:21.000000',84,31),(190,'강의는 매주 금요일 오후 7시부터 9시까지 진행됩니다. 홈 인테리어의 기본적인 아이디어와 디자인 기법을 배울 수 있습니다.','2024-08-12 07:57:21.000000','강의 일정','2024-08-12 07:57:21.000000',84,31),(191,'첫 강의에서는 홈 인테리어의 기본 개념과 디자인 방법을 배우며, 자신의 공간을 디자인하는 방법을 실습할 예정입니다.','2024-08-12 07:57:21.000000','강의 내용','2024-08-12 07:57:21.000000',84,31),(192,'재즈 피아노 강의가 2024년 12월 7일부터 시작됩니다. 재즈 피아노 악보를 준비해 주세요.','2024-08-12 07:57:21.000000','강의 시작 안내','2024-08-12 07:57:21.000000',20,32),(193,'강의는 매주 토요일 오후 4시부터 6시까지 진행됩니다. 재즈 피아노의 기초와 다양한 연주 기법을 배울 수 있습니다.','2024-08-12 07:57:21.000000','강의 일정','2024-08-12 07:57:21.000000',20,32),(194,'첫 강의에서는 재즈 피아노의 기본적인 이론과 연주 기법을 배우며, 다양한 재즈 곡을 연습할 예정입니다.','2024-08-12 07:57:21.000000','강의 내용','2024-08-12 07:57:21.000000',20,32),(195,'DIY 가구 강의가 2024년 12월 8일부터 시작됩니다. 가구 제작 재료를 준비해 주세요.','2024-08-12 07:57:21.000000','강의 시작 안내','2024-08-12 07:57:21.000000',66,33),(196,'강의는 매주 일요일 오후 2시부터 4시까지 진행됩니다. DIY 가구 제작의 기본 기법과 다양한 디자인을 배울 수 있습니다.','2024-08-12 07:57:21.000000','강의 일정','2024-08-12 07:57:21.000000',66,33),(197,'첫 강의에서는 DIY 가구 제작의 기본 도구와 기술을 배우며, 간단한 가구 프로젝트를 실습할 예정입니다.','2024-08-12 07:57:21.000000','강의 내용','2024-08-12 07:57:21.000000',66,33),(198,'한국 전통 자수 강의가 2024년 12월 9일부터 시작됩니다. 자수 도구와 실을 준비해 주세요.','2024-08-12 07:57:21.000000','강의 시작 안내','2024-08-12 07:57:21.000000',82,34),(199,'강의는 매주 월요일과 목요일 오후 1시부터 3시까지 진행됩니다. 한국 전통 자수의 기법과 디자인을 배울 수 있습니다.','2024-08-12 07:57:21.000000','강의 일정','2024-08-12 07:57:21.000000',82,34),(200,'첫 강의에서는 한국 전통 자수의 기초 기법과 전통 디자인을 배우며, 자신만의 자수 작품을 만들어 볼 예정입니다.','2024-08-12 07:57:21.000000','강의 내용','2024-08-12 07:57:21.000000',82,34),(201,'베이킹 과학 강의가 2024년 12월 10일부터 시작됩니다. 베이킹 재료와 도구를 준비해 주세요.','2024-08-12 07:57:21.000000','강의 시작 안내','2024-08-12 07:57:21.000000',36,35),(202,'강의는 매주 화요일과 금요일 오후 5시부터 7시까지 진행됩니다. 베이킹의 기초 과학과 다양한 베이킹 기술을 배울 수 있습니다.','2024-08-12 07:57:21.000000','강의 일정','2024-08-12 07:57:21.000000',36,35),(203,'첫 강의에서는 베이킹의 기본 원리와 과학을 배우며, 다양한 베이킹 기술과 레시피를 실습할 예정입니다.','2024-08-12 07:57:21.000000','강의 내용','2024-08-12 07:57:21.000000',36,35),(204,'스마트폰 사진 강의가 2024년 12월 11일부터 시작됩니다. 스마트폰과 사진 관련 앱을 준비해 주세요.','2024-08-12 07:57:21.000000','강의 시작 안내','2024-08-12 07:57:21.000000',98,36),(205,'강의는 매주 수요일 오후 3시부터 5시까지 진행됩니다. 스마트폰을 활용한 사진 촬영 기법과 편집 방법을 배울 수 있습니다.','2024-08-12 07:57:21.000000','강의 일정','2024-08-12 07:57:21.000000',98,36),(206,'첫 강의에서는 스마트폰 사진의 기본 기법과 유용한 앱을 배우며, 다양한 사진 촬영과 편집 실습을 진행할 예정입니다.','2024-08-12 07:57:21.000000','강의 내용','2024-08-12 07:57:21.000000',98,36),(207,'플라워 장식 강의가 2024년 12월 12일부터 시작됩니다. 꽃과 장식 도구를 준비해 주세요.','2024-08-12 07:57:21.000000','강의 시작 안내','2024-08-12 07:57:21.000000',40,37),(208,'강의는 매주 목요일 오후 6시부터 8시까지 진행됩니다. 플라워 장식의 기법과 디자인을 배울 수 있습니다.','2024-08-12 07:57:21.000000','강의 일정','2024-08-12 07:57:21.000000',40,37),(209,'첫 강의에서는 플라워 장식의 기본 기법과 다양한 꽃을 활용한 장식 방법을 배우며, 실습을 통해 자신만의 장식을 만들어 볼 예정입니다.','2024-08-12 07:57:21.000000','강의 내용','2024-08-12 07:57:21.000000',40,37),(210,'클래식 감상 강의가 2024년 12월 13일부터 시작됩니다. 클래식 음악과 관련된 자료를 준비해 주세요.','2024-08-12 07:57:21.000000','강의 시작 안내','2024-08-12 07:57:21.000000',24,38),(211,'강의는 매주 금요일 오후 7시부터 9시까지 진행됩니다. 클래식 음악의 기초와 유명 작곡가의 작품을 감상할 수 있습니다.','2024-08-12 07:57:21.000000','강의 일정','2024-08-12 07:57:21.000000',24,38),(212,'첫 강의에서는 클래식 음악의 역사와 유명 작품을 감상하며, 음악의 배경과 의미를 깊이 이해할 수 있는 시간이 될 예정입니다.','2024-08-12 07:57:21.000000','강의 내용','2024-08-12 07:57:21.000000',24,38),(213,'바리스타 강의가 2024년 12월 14일부터 시작됩니다. 커피 기계와 원두를 준비해 주세요.','2024-08-12 07:57:21.000000','강의 시작 안내','2024-08-12 07:57:21.000000',4,39),(214,'강의는 매주 토요일 오전 10시부터 12시까지 진행됩니다. 바리스타의 기초 기술과 다양한 커피 음료를 만드는 법을 배울 수 있습니다.','2024-08-12 07:57:21.000000','강의 일정','2024-08-12 07:57:21.000000',4,39),(215,'첫 강의에서는 바리스타의 기본 기법과 커피 추출 방법을 배우며, 다양한 커피 음료를 만드는 실습이 포함됩니다.','2024-08-12 07:57:21.000000','강의 내용','2024-08-12 07:57:21.000000',4,39),(216,'패션 일러스트 강의가 2024년 12월 15일부터 시작됩니다. 드로잉 도구와 패션 관련 자료를 준비해 주세요.','2024-08-12 07:57:21.000000','강의 시작 안내','2024-08-12 07:57:21.000000',99,40),(217,'강의는 매주 일요일 오후 2시부터 4시까지 진행됩니다. 패션 일러스트의 기초 기법과 다양한 스타일을 배울 수 있습니다.','2024-08-12 07:57:21.000000','강의 일정','2024-08-12 07:57:21.000000',99,40),(218,'첫 강의에서는 패션 일러스트의 기본 기법과 스타일링 기법을 배우며, 자신의 패션 아이디어를 시각화하는 실습이 포함됩니다.','2024-08-12 07:57:21.000000','강의 내용','2024-08-12 07:57:21.000000',99,40),(220,'1. 가죽 공예 개요\n2. 가죽 공예 실습 기초\n3. 세계의 여러 가죽 공예들\n4. 일단 대기','2024-08-13 06:00:12.479151','강의 계획','2024-08-13 06:15:12.517581',8,43),(221,'현재 강의 일정은 미정 상태 입니다. 차후 다시 공지 드리겠습니다.\n문의하실 점이 있다면 seungmini@ssafy.com 로 연락 부탁드립니다. (^^)~','2024-08-14 01:52:45.198000','강의 일정 공지','2024-08-14 02:03:58.809000',12,92),(222,'준비물은 다음과 같습니다.\n1. 건강한 신체\n2. 트레이닝 복\n3. 발목보호대\n\n실제 실습 옷은 링크로 드리겠습니다.','2024-08-14 02:13:38.210000','준비물 공지','2024-08-14 07:30:34.448909',12,92),(223,'추후 알려드리겠습니다.!!!!','2024-08-14 05:06:54.624000','강의 기본적인 스케줄','2024-08-14 05:11:24.741000',8,112),(224,'1주차 첫 수업은 OT로 수업에 대한 안내 및 이후 강의에 대한 일정 전달을 할 예정입니다.\n그럼 8월 16일 20:00시에 온라인으로 뵙겠습니다.','2024-08-15 07:13:48.045371','1주차 공지입니다',NULL,136,115),(225,'수업때 쓸 수 있도록 요가 매트를 준비하시면 됩니다.\n그럼 8월 23일 20:00시에 온라인에서 뵙겠습니다.','2024-08-15 07:15:59.771915','2주차 공지입니다.',NULL,136,115),(227,'책 읽을 사람들만 와주세용','2024-08-15 14:42:45.018001','꼭 필독해주세요!',NULL,116,117);
/*!40000 ALTER TABLE `announcement` ENABLE KEYS */;
UNLOCK TABLES;

--
-- Table structure for table `attendance`
--

DROP TABLE IF EXISTS `attendance`;
/*!40101 SET @saved_cs_client     = @@character_set_client */;
/*!50503 SET character_set_client = utf8mb4 */;
CREATE TABLE `attendance` (
  `attendance_id` bigint(20) NOT NULL AUTO_INCREMENT,
  `entry_time` datetime(6) DEFAULT NULL,
  `exit_time` datetime(6) DEFAULT NULL,
  `history_id` bigint(20) DEFAULT NULL,
  `member_id` bigint(20) DEFAULT NULL,
  PRIMARY KEY (`attendance_id`),
  KEY `FKi6h406qdj57ncytod55v719sm` (`history_id`),
  KEY `FKslaf4mu3eu0gi72u4t9xcsxjd` (`member_id`),
  CONSTRAINT `FKi6h406qdj57ncytod55v719sm` FOREIGN KEY (`history_id`) REFERENCES `history` (`history_id`),
  CONSTRAINT `FKslaf4mu3eu0gi72u4t9xcsxjd` FOREIGN KEY (`member_id`) REFERENCES `member` (`member_id`)
) ENGINE=InnoDB DEFAULT CHARSET=utf8mb4 COLLATE=utf8mb4_bin;
/*!40101 SET character_set_client = @saved_cs_client */;

--
-- Dumping data for table `attendance`
--

LOCK TABLES `attendance` WRITE;
/*!40000 ALTER TABLE `attendance` DISABLE KEYS */;
/*!40000 ALTER TABLE `attendance` ENABLE KEYS */;
UNLOCK TABLES;

--
-- Table structure for table `course`
--

DROP TABLE IF EXISTS `course`;
/*!40101 SET @saved_cs_client     = @@character_set_client */;
/*!50503 SET character_set_client = utf8mb4 */;
CREATE TABLE `course` (
  `course_id` bigint(20) NOT NULL AUTO_INCREMENT,
  `completed_course` bigint(20) DEFAULT NULL,
  `created_at` datetime(6) DEFAULT NULL,
  `description` varchar(2000) COLLATE utf8mb4_bin DEFAULT NULL,
  `img_url` varchar(1000) COLLATE utf8mb4_bin DEFAULT NULL,
  `name` varchar(255) COLLATE utf8mb4_bin DEFAULT NULL,
  `price` bigint(20) DEFAULT NULL,
  `rating` double NOT NULL,
  `status` varchar(255) COLLATE utf8mb4_bin DEFAULT NULL,
  `summary` varchar(255) COLLATE utf8mb4_bin DEFAULT NULL,
  `total_course` bigint(20) DEFAULT NULL,
  `view` bigint(20) DEFAULT NULL,
  `instructor_id` bigint(20) DEFAULT NULL,
  PRIMARY KEY (`course_id`),
  KEY `FKqk2yq2yk124dhlsilomy36qr9` (`instructor_id`),
  CONSTRAINT `FKqk2yq2yk124dhlsilomy36qr9` FOREIGN KEY (`instructor_id`) REFERENCES `instructor` (`member_id`)
) ENGINE=InnoDB AUTO_INCREMENT=119 DEFAULT CHARSET=utf8mb4 COLLATE=utf8mb4_bin;
/*!40101 SET character_set_client = @saved_cs_client */;

--
-- Dumping data for table `course`
--

LOCK TABLES `course` WRITE;
/*!40000 ALTER TABLE `course` DISABLE KEYS */;
INSERT INTO `course` VALUES (1,1,'2024-07-11 16:13:32.000000','귀여운 쿠키와 맛있는 타르트 만들기 이 강의는 베이킹 초보자부터 중급자까지 모두를 위한 과정입니다\r\n귀여운 디자인의 쿠키와 풍미 가득한 타르트 제작 기술을 배울 수 있습니다\r\n기본적인 반죽 만들기부터 시작해 장식 기법, 구워내기까지 전 과정을 다룹니다\r\n특히 시각적으로 매력적인 쿠키 디자인과 다양한 타르트 필링 레시피를 소개합니다\r\n집에서도 쉽게 따라할 수 있는 팁들을 제공하여 수강생들이 자신만의 달콤한 작품을 만들어낼 수 있도록 돕습니다','https://storage.googleapis.com/circleup-bucket/course_1_banner','귀여운 쿠키와 맛있는 타르트 만들기',34500,4.5,'Approved','초보자부터 중급자를 위한 실용적인 베이킹 강의',2,82,12),(2,1,'2024-07-11 16:13:38.000000','온라인 요가 체형 교정 이 강의는 요가를 통해 체형을 교정하고 건강을 개선하고자 하는 모든 이들을 위한 온라인 과정입니다\r\n경험 많은 요가 강사가 잘못된 자세로 인한 체형 불균형을 바로잡는 다양한 요가 동작들을 소개합니다\r\n초보자부터 중급자까지 수준별로 적용할 수 있는 루틴을 제공하며','https://storage.googleapis.com/circleup-bucket/course_2_banner','온라인 요가 체형 교정',0,4.25,'Approved','전문 교정과 함께 체형 관리를 해보세요.',1,269,23),(3,3,'2024-07-11 16:13:38.000000','반실사와 캐주얼을 넘나드는 웹소설 표지 일러스트 실전 가이드 이 강의는 웹소설 표지 일러스트 제작에 관심 있는 아티스트들을 위한 실전 중심의 가이드입니다\r\n반실사 스타일부터 캐주얼한 스타일까지 다양한 일러스트레이션 기법을 다룹니다\r\n웹소설 장르별 효과적인 표지 디자인 전략','https://storage.googleapis.com/circleup-bucket/course_3_banner','반실사와 캐주얼을 넘나드는 웹소설 표지 일러스트 실전 가이드\n',280000,3.8333333333333335,'Approved','다양한 스타일과 전략을 배우는 실전 중심의 아티스트 가이드',23,30,15),(4,13,'2024-07-11 16:13:38.000000','당장 시작할 수 있는 작곡법 음악 이론 지식이 없어도 바로 작곡을 시작할 수 있도록 돕는 실용적인 강의입니다\r\n기초적인 화성학과 멜로디 작성법부터 시작해','https://storage.googleapis.com/circleup-bucket/course_4_banner','당장 시작할 수 있는 작곡법',250000,3.5,'Approved','이론 지식이 없어도 바로 시작할 수 있는 실용적인 작곡 입문 강의',20,215,4),(5,11,'2024-07-11 16:13:38.000000','이 강의는 필라테스를 배우고 싶지만 시간이나 장소의 제약으로 어려움을 겪는 분들을 위한 완벽한 온라인 솔루션입니다\r\n강의의 가장 큰 장점은 접근성과 편의성입니다\r\n필라테스 매트만 있으면 언제 어디서든 수업에 참여할 수 있어, 바쁜 현대인의 라이프스타일에 딱 맞는 프로그램입니다\r\n경험 풍부한 필라테스 강사가 기초부터 고급 동작까지 단계별로 가르쳐 줍니다\r\n초보자도 쉽게 따라할 수 있는 기본 동작부터 시작해, 점진적으로 난이도를 높여가는 체계적인 커리큘럼을 제공합니다\r\n특히 올바른 자세와 호흡법에 중점을 두어, 운동 효과를 극대화하고 부상을 방지합니다\r\n이 강의는 코어 근력 강화, 유연성 향상, 자세 교정, 전신 톤업 등 필라테스의 다양한 효과를 집에서도 충분히 경험할 수 있도록 구성되어 있습니다\r\n또한, 일상생활에서 쉽게 활용할 수 있는 스트레칭과 간단한 운동 팁도 제공하여 수강생들의 전반적인 건강 증진을 돕습니다\r\n온라인으로 진행되지만, 상세한 설명과 다양한 각도의 동작 시연을 통해 마치 1:1 개인 레슨을 받는 것과 같은 경험을 제공합니다\r\n또한, 질문과 답변 세션을 통해 수강생들의 궁금증을 해소하고, 개인별 피드백을 제공하여 온라인 수업의 한계를 극복합니다.','https://storage.googleapis.com/circleup-bucket/course_5_banner','매트만 있으면 OK 온라인 필라테스',0,4.833333333333333,'Approved',' 질문과 답변 세션을 통해 수강생들의 궁금증을 해소하고',24,116,19),(6,0,'2024-08-01 12:29:08.000000','논리적 사고와 비판적 분석 능력을 향상시키는 것을 목표로 합니다\r\n학생들은 형식 논리학의 기본 원리를 학습하고, 다양한 논증 구조를 이해하며, 논리적 오류를 식별하는 방법을 배웁니다\r\n또한 일상생활과 학문적 맥락에서 비판적 사고를 적용하는 방법을 익힙니다\r\n강의 내용은 연역법과 귀납법, 가설 검증, 인과관계 분석 등을 포함하며, 실제 사례를 통해 이론을 적용해 봅니다\r\n학생들은 복잡한 문제를 분석하고, 근거에 기반한 결론을 도출하며, 자신의 주장을 논리적으로 구성하는 능력을 기릅니다\r\n이 과정은 학문적 연구, 직업적 성공, 그리고 일상적 의사결정에 필수적인 사고 도구를 제공합니다.','https://storage.googleapis.com/circleup-bucket/course_6_banner','논리와 비판적 사고',99000,4,'Approved','합리적 사고와 논증 능력을 향상시키는 방법을 학습하는 강의',15,21,58),(7,14,'2024-08-01 12:29:07.000000','20세기 초 발발한 제1차 세계대전의 전반적인 이해를 목표로 합니다\r\n전쟁의 배경이 된 19세기 말 유럽의 정치, 경제, 사회적 상황부터 시작하여, 전쟁의 직접적 원인, 주요 참전국들의 동기와 전략, 그리고 전쟁의 전개 과정을 상세히 다룹니다\r\n주요 전투와 군사 전략의 변화, 새로운 무기의 도입과 그 영향, 그리고 전쟁이 일반 시민들의 삶에 미친 영향도 살펴봅니다\r\n또한 전쟁의 종결 과정과 그 결과, 특히 베르사유 조약의 내용과 영향에 대해 심도 있게 분석합니다\r\n마지막으로 제1차 세계대전이 20세기의 정치, 사회, 문화에 미친 장기적 영향을 평가하며, 현대 국제 관계의 형성에 이 전쟁이 어떤 역할을 했는지 고찰합니다.','https://storage.googleapis.com/circleup-bucket/course_7_banner','제 1차 세계대전의 이해',79000,3.4,'Approved','세계대전으로 보는 국가의 탐욕과 잔혹함',15,645,20),(8,12,'2024-08-01 12:29:10.000000','20세기 중요한 철학 사조인 실존주의에 대한 포괄적인 입문을 제공합니다\r\n키르케고르와 니체의 선구적 사상부터 시작하여, 사르트르, 카뮈, 하이데거, 야스퍼스 등 주요 실존주의 철학자들의 사상을 탐구합니다\r\n실존주의의 핵심 개념인 실존, 본질, 자유, 책임, 불안, 부조리성 등을 살펴보고, 이들이 인간의 삶과 어떻게 연관되는지 논의합니다\r\n또한 실존주의가 문학, 예술, 심리학 등 다양한 분야에 미친 영향을 살펴봅니다\r\n학생들은 실존주의적 관점에서 현대 사회의 문제들을 분석하고, 개인의 삶의 의미와 가치에 대해 성찰하는 기회를 갖게 됩니다\r\n이 강의는 철학적 사고를 통해 자신의 삶을 더 깊이 이해하고 주체적으로 살아가는 방법을 모색하는 데 도움을 줄 것입니다.','https://storage.googleapis.com/circleup-bucket/course_8_banner','실존주의 철학 입문',0,1.7777777777777777,'Approved','개인의 존재와 선택, 자유, 책임을 중심으로 한 현대 철학 사조를 탐구하는 강의',15,354,32),(9,15,'2024-08-01 12:29:10.000000','불교의 핵심 가르침을 담고 있는 두 주요 경전, 반야심경과 금강경에 대한 심도 있는 이해를 목표로 합니다\r\n먼저 불교의 기본 교리와 대승불교의 특징을 간략히 소개한 후, 각 경전의 역사적 배경과 중요성을 설명합니다\r\n반야심경의 핵심 개념인 공(空)사상과 반야지혜에 대해 상세히 다루며, 일상생활에서의 적용 방법을 탐구합니다\r\n금강경에서는 불성(佛性)과 보살도(菩薩道)의 개념을 중심으로, 집착을 버리고 깨달음에 이르는 과정을 학습합니다\r\n두 경전의 주요 구절들을 원문과 함께 분석하고, 현대적 해석을 통해 그 의미를 깊이 이해합니다\r\n이 강의는 불교 철학의 핵심을 이해하고, 이를 통해 자신의 삶을 성찰하는 기회를 제공할 것입니다.','https://storage.googleapis.com/circleup-bucket/course_9_banner','불교 경전 입문: 반야심경과 금강경',0,1.25,'Approved','불교의 핵심 가르침을 담은 두 주요 경전의 내용과 의미를 학습하는 강의',15,829,66),(10,6,'2024-08-01 12:29:11.000000','가톨릭 교회의 사회 교리를 현대 사회의 맥락에서 탐구합니다\r\n먼저 교회의 사회 교리의 역사적 발전 과정을 개관한 후, 인간의 존엄성, 공동선, 보조성의 원리, 연대성 등 핵심 원칙들을 살펴봅니다\r\n이어서 현대 사회의 주요 이슈들 - 경제적 불평등, 환경 문제, 생명윤리, 인권, 평화와 전쟁, 이주와 난민 문제 등 - 에 대한 교회의 입장을 분석합니다\r\n특히 프란치스코 교황의 회칙 \'찬미받으소서(Laudato Si)\'와 \'모든 형제들(Fratelli Tutti)\'의 내용을 중심으로, 기후 변화와 글로벌 연대에 대한 교회의 관점을 깊이 있게 다룹니다\r\n학생들은 가톨릭 사회 교리의 관점에서 현대 사회의 문제들을 비판적으로 분석하고, 이를 해결하기 위한 실천적 방안을 모색하는 기회를 갖게 됩니다.','https://storage.googleapis.com/circleup-bucket/course_10_banner','가톨릭 사회 교리와 현대 사회',0,1.2,'Approved','현대 사회 문제에 대한 가톨릭 교회의 입장과 가르침을 탐구하는 강의',15,916,82),(11,0,'2024-07-11 16:13:38.000000',' 올바른 자세와 효과적인 운동 방법을 안내합니다\r\n이 강의는 다양한 레벨의 수강생들을 위한 맞춤형 프로그램을 제공합니다\r\n초보자를 위한 기초 과정부터 고급자를 위한 챌린지 과정까지','https://storage.googleapis.com/circleup-bucket/course_11_banner','같이하자! 필라테스',120000,3,'Approved','실시간 상호작용을 통해 더욱 생동감 있는 필라테스 수업을 제공하는 온라인 강의',12,496,36),(12,5,'2024-07-24 12:00:00.000000','최신 웹 개발 기술을 배워보세요! HTML, CSS, JavaScript를 활용하여 반응형 웹사이트와 동적 웹 애플리케이션을 만드는 방법을 배울 수 있습니다.','https://storage.googleapis.com/circleup-bucket/course_12_banner','풀스택 웹 개발',200000,2.5714285714285716,'Approved','HTML, CSS, JS를 활용한 웹 개발 입문',5,425,84),(13,1,'2024-07-24 12:00:00.000000','파이썬은 웹 개발, 데이터 분석, AI 등 다양한 분야에서 활용되는 다목적 프로그래밍 언어입니다\r\n이 강의에서는 파이썬의 기초 문법부터 고급 개념까지 다룹니다.','https://storage.googleapis.com/circleup-bucket/course_13_banner','파이썬 개념 정리',0,2.2222222222222223,'Approved','문법으로 파이썬 완벽 정복하기',6,579,7),(14,2,'2024-07-24 12:00:00.000000','디지털 마케팅 전략을 마스터하여 온라인 브랜드를 성장시키세요\r\nSEO, 소셜 미디어 마케팅, 이메일 마케팅 등 다양한 온라인 전략을 통해 비즈니스의 가시성과 참여도를 높일 수 있습니다.','https://storage.googleapis.com/circleup-bucket/course_14_banner','디지털 마케팅 기초',0,1.7142857142857142,'Approved','온라인 브랜드 성장을 위한 디지털 마케팅 전략',5,323,40),(15,4,'2024-07-24 12:00:00.000000','고등학교 및 대학 수학의 기본이 되는 미적분학을 이해하고, 이를 실생활에 적용하는 방법을 배워보세요\r\n미분과 적분의 개념을 쉽게 풀어 설명합니다.','https://storage.googleapis.com/circleup-bucket/course_15_banner','미적분학 입문',0,2,'Approved',' 미분과 적분의 기본 개념과 원리를 배우는 과정입니다. 이를 통해 함수의 변화율을 분석하고, 넓이나 부피 같은 문제를 계산하는 방법을 익힙니다.',4,768,2),(16,0,'2024-07-24 12:00:00.000000','전문 트레이너와 함께하는 홈 트레이닝 강좌로, 기본적인 유산소 운동부터 근력 강화 운동까지 다양한 운동 방법을 배울 수 있습니다.','https://storage.googleapis.com/circleup-bucket/course_16_banner','홈 트레이닝으로 몸짱 되기',0,2.6666666666666665,'Approved','집에서 간편하게 하는 다양한 운동',5,187,98),(17,1,'2024-07-24 12:00:00.000000','이 강좌에서는 세계 각국의 요리 기법을 배우고, 특별한 날을 위한 요리를 직접 만들어 볼 수 있습니다\r\n쉽고 재미있는 요리 강의!','https://storage.googleapis.com/circleup-bucket/course_17_banner','세계 요리 탐방',70000,2.5,'Approved','다양한 나라의 요리를 배우고 만들어보세요.',7,262,24),(18,3,'2024-07-24 12:00:00.000000','음악을 처음 시작하는 사람들을 위한 입문 강좌로, 기초 음악 이론부터 다양한 악기 연주와 작곡까지 단계별로 배울 수 있습니다.','https://storage.googleapis.com/circleup-bucket/course_18_banner','음악 입문: 기초부터 작곡까지',0,2.3333333333333335,'Approved','기초 음악 이론과 악기 연주, 작곡 배우기',6,464,99),(19,0,'2024-07-24 12:00:00.000000','프로 사진작가가 알려주는 사진 촬영 기법 강의\r\n카메라 사용법과 다양한 사진 스타일을 배워, 아름다운 순간을 포착해 보세요.','https://storage.googleapis.com/circleup-bucket/course_19_banner','사진 예술: 순간을 포착하다',0,2.6,'Approved','다양한 스타일의 사진 촬영 기법 배우기',8,6,42),(20,10,'2023-04-10 15:02:00.000000','일상의 소소한 순간을 수채화로 담아내는 방법을 배웁니다!!\r\n\r\n\r\n색의 혼합, 물의 양 조절, 다양한 붓 기법을 익히며 자신만의 독특한 화풍을 개발합니다\r\n초보자도 쉽게 따라할 수 있는 단계별 실습으로 수채화의 매력에 푹 빠져보세요.','https://storage.googleapis.com/circleup-bucket/course_20_banner','수채화 일상화',32000,2.8,'Approved','아름다운 수채화 일상화 그리기',19,474,8),(21,17,'2023-03-24 02:53:00.000000','프랑스 가정에서 즐겨 먹는 정통 요리법을 배웁니다\r\n라따뚜이, 꼬꼬뱅, 크로크무슈 등 클래식한 메뉴부터 현대적으로 재해석된 요리까지 다양하게 다룹니다\r\n식재료 선택부터 플레이팅까지, 프랑스 요리의 정수를 가정에서 쉽게 구현할 수 있는 비법을 전수받습니다.','https://storage.googleapis.com/circleup-bucket/course_21_banner','프랑스 가정식',78000,3.25,'Approved','프랑스 가정식 요리의 기초',18,724,47),(22,1,'2024-06-09 21:22:00.000000','아름다운 손글씨 예술, 캘리그라피의 기초부터 심화까지 배웁니다\r\n다양한 도구와 잉크를 활용해 글자의 굵기와 흐름을 조절하고, 자신만의 독특한 스타일을 개발합니다\r\n초보자도 쉽게 따라할 수 있는 기본 스트로크부터 작품 제작까지, 단계별로 실력을 향상시킬 수 있습니다.','https://storage.googleapis.com/circleup-bucket/course_22_banner','캘리그라피',92000,3.875,'Approved','캘리그라피로 나만의 아트웍 만들기',16,597,79),(23,8,'2023-03-21 12:09:00.000000','집 안에서 식물을 키우는 모든 것을 배웁니다\r\n실내 환경에 적합한 식물 선택, 화분과 토양 관리, 물주기와 영양 관리, 병해충 대처법 등을 다룹니다\r\n작은 화분부터 베란다 정원까지, 공간에 맞는 다양한 가드닝 기법으로 집 안에 자연을 들여놓습니다.','https://storage.googleapis.com/circleup-bucket/course_23_banner','홈 가드닝',53000,4.5,'Approved','홈 가드닝: 실내 식물 키우기의 모든 것',17,425,9),(24,8,'2024-01-03 13:08:00.000000','클래식 기타의 기본 주법부터 고급 테크닉까지 배웁니다\r\n올바른 자세와 손가락 포지션, 음계와 화음 연습, 다양한 장르의 클래식 곡 연주법을 익힙니다\r\n초보자부터 중급자까지, 체계적인 커리큘럼으로 클래식 기타의 우아한 선율을 마스터할 수 있습니다.','https://storage.googleapis.com/circleup-bucket/course_24_banner','클래식 기타',33000,2.8333333333333335,'Approved','클래식 기타 독학 마스터 클래스',12,955,12),(25,0,'2023-04-14 14:50:00.000000','화학 첨가물 없는 순수한 천연 비누 제작법을 배웁니다\r\n식물성 오일의 특성과 배합비, 천연 색소와 향료 사용법, 다양한 몰드 활용 기법 등을 익힙니다\r\n피부 타입별 맞춤 비누 제작, 선물용 비누 포장 방법까지 배워 나만의 천연 비누 브랜드를 만들어볼 수 있습니다.','https://storage.googleapis.com/circleup-bucket/course_25_banner','천연 비누',59000,1.8,'Approved','나만의 천연 비누와 화장품 만들기',19,69,32),(26,14,'2023-10-29 21:55:00.000000','도예의 기초부터 작품 제작까지 전 과정을 배웁니다\r\n점토 선택과 준비, 기본 성형 기법, 물레 사용법, 유약 제작과 시유 방법, 가마 소성 과정을 익힙니다\r\n전통 기법과 현대적 표현을 접목해 실용적이면서도 예술성 있는 도자기 작품을 만들어볼 수 있습니다.','https://storage.googleapis.com/circleup-bucket/course_26_banner','도예 입문',18000,2,'Approved','도예의 세계: 물레 성형부터 유약까지',20,119,58),(27,6,'2023-06-05 11:33:00.000000','요가와 명상을 통해 몸과 마음의 균형을 찾습니다\r\n기본적인 요가 동작부터 고급 포즈까지 단계별로 배우고, 호흡법과 명상 기법을 익혀 스트레스를 해소합니다\r\n일상에서 쉽게 실천할 수 있는 루틴을 개발하여 지속적인 건강 관리와 마음의 평화를 얻을 수 있습니다.','https://storage.googleapis.com/circleup-bucket/course_27_banner','요가와 명상',11000,2.8333333333333335,'Approved','요가와 명상으로 시작하는 아침 루틴',7,295,15),(28,4,'2023-10-18 16:54:00.000000','와인의 세계를 깊이 있게 탐구하는 강좌입니다\r\n포도 품종과 와인 생산 지역의 특징, 양조 방법, 와인 평가 기준, 음식과의 페어링 등을 배웁니다\r\n실제 테이스팅 실습을 통해 향과 맛을 구별하는 능력을 키우고, 자신의 취향에 맞는 와인을 선택할 수 있게 됩니다.','https://storage.googleapis.com/circleup-bucket/course_28_banner','와인 테이스팅',80000,1,'Approved','와인 테이스팅: 와인 전문가 되기',20,428,23),(29,12,'2023-12-15 14:52:00.000000','따뜻하고 개성 있는 니트웨어 제작법을 배웁니다\r\n기본적인 뜨개질 기법부터 고급 패턴 해석까지 익히고, 다양한 실의 특성과 관리법을 배웁니다\r\n모자, 목도리부터 스웨터까지 실용적인 아이템을 직접 만들며, 세상에 하나뿐인 나만의 니트웨어를 완성할 수 있습니다.','https://storage.googleapis.com/circleup-bucket/course_29_banner','손뜨개 니트',19000,2.5,'Approved','손뜨개로 만드는 따뜻한 니트웨어',13,429,19),(30,8,'2023-02-11 16:58:00.000000','인물의 특징을 정확하고 생동감 있게 표현하는 기술을 배웁니다\r\n얼굴의 비율, 표정의 미묘한 변화, 인체의 구조와 동작을 정확히 포착하는 방법을 익힙니다\r\n연필, 목탄, 펜 등 다양한 도구를 활용해 개성 있는 인물화를 그릴 수 있게 됩니다.','https://storage.googleapis.com/circleup-bucket/course_30_banner','인물 드로잉',18000,2.4,'Approved','인물 드로잉의 기초부터 심화까지',13,87,2),(31,0,'2024-05-13 07:53:00.000000','자신의 취향과 라이프스타일을 반영한 인테리어 연출법을 배웁니다\r\n색채 이론, 가구 배치, 조명 활용, 소품 선택 등 인테리어의 기본 원리를 익힙니다\r\n작은 변화로 큰 효과를 내는 팁부터 전체적인 공간 계획까지, 실용적이면서도 아름다운 집 꾸미기의 모든 것을 배웁니다.','https://storage.googleapis.com/circleup-bucket/course_31_banner','홈 인테리어',49000,4.5,'Approved','홈 인테리어 스타일링의 비밀',10,776,84),(32,9,'2023-10-09 14:12:00.000000','재즈 피아노의 리듬, 화성, 즉흥연주 기법을 배웁니다\r\n블루스 스케일, 재즈 화성 진행, 코드 보이싱, 리듬 패턴, 즉흥 솔로 연주법을 익힙니다\r\n클래식 피아노와의 차이점을 이해하고, 자유롭고 개성 있는 재즈 연주를 할 수 있게 됩니다.','https://storage.googleapis.com/circleup-bucket/course_32_banner','재즈 피아노',35000,3.6,'Approved','초보자를 위한 재즈 피아노 레슨',17,349,20),(33,13,'2023-06-25 15:54:00.000000','직접 가구를 설계하고 제작하는 방법을 배웁니다\r\n목재의 종류와 특성, 기본적인 목공 도구 사용법, 조인트 기법, 마감 처리 방법 등을 익힙니다\r\n간단한 선반부터 테이블, 의자까지 다양한 가구를 만들어보며 실용적이면서도 개성 있는 나만의 공간을 꾸밀 수 있습니다.','https://storage.googleapis.com/circleup-bucket/course_33_banner','DIY 가구',13000,1.875,'Approved','DIY 가구 제작: 원목 테이블 만들기',13,14,66),(34,5,'2023-03-08 18:18:00.000000','한국의 전통 자수 기법과 문양의 의미를 배웁니다\r\n다양한 자수 스티치 기법, 전통 문양의 상징성, 색실의 조화로운 사용법 등을 익힙니다\r\n전통 보자기부터 현대적으로 재해석한 패션 소품까지, 한국의 미를 담은 자수 작품을 만들 수 있게 됩니다.','https://storage.googleapis.com/circleup-bucket/course_34_banner','한국 전통 자수',35000,2.2,'Approved','한국 전통 자수의 현대적 재해석',19,394,82),(35,2,'2023-09-30 06:26:00.000000','과학적 원리를 바탕으로 완벽한 베이킹의 비결을 배웁니다\r\n밀가루, 설탕, 버터 등 재료의 특성과 역할, 발효의 원리, 온도와 습도의 영향 등을 이해합니다\r\n이를 통해 빵, 케이크, 쿠키 등 다양한 베이킹 제품의 질감과 맛을 자유자재로 조절할 수 있게 됩니다.','https://storage.googleapis.com/circleup-bucket/course_35_banner','베이킹 과학',29000,2.5,'Approved','베이킹의 과학: 완벽한 빵과 과자 만들기',16,134,36),(36,1,'2023-11-15 02:02:00.000000','스마트폰으로 고품질의 사진을 찍는 기술을 배웁니다\r\n구도, 빛의 활용, 초점 조절, 다양한 촬영 모드 활용법, 기본적인 보정 기술 등을 익힙니다\r\n일상의 순간부터 여행, 음식 사진까지 다양한 상황에서 프로페셔널한 느낌의 사진을 찍을 수 있게 됩니다.','https://storage.googleapis.com/circleup-bucket/course_36_banner','스마트폰 사진',57000,1.4285714285714286,'Approved','사진 구도와 빛의 이해: 스마트폰 사진 고수되기',16,657,98),(37,5,'2023-02-15 17:49:00.000000','꽃과 식물을 활용한 다양한 장식 기법을 배웁니다\r\n꽃의 특성과 보관법, 색상과 형태의 조화, 다양한 스타일의 꽃꽂이 기법을 익힙니다\r\n일상적인 테이블 장식부터 특별한 행사용 대형 장식까지, 상황에 맞는 아름다운 플라워 디자인을 할 수 있게 됩니다.','https://storage.googleapis.com/circleup-bucket/course_37_banner','플라워 장식',59000,3.2,'Approved','플라워 아레인지먼트: 사계절 꽃 장식',8,685,40),(38,0,'2023-03-19 10:06:00.000000','클래식 음악을 깊이 있게 이해하고 감상하는 방법을 배웁니다\r\n시대별 음악 특징, 주요 작곡가와 대표작, 악기의 특성과 역할, 음악 구조 분석법을 익힙니다\r\n단순한 감상을 넘어 음악의 깊이를 이해하고 더 풍부한 감동을 느낄 수 있게 됩니다.','https://storage.googleapis.com/circleup-bucket/course_38_banner','클래식 감상',86000,3,'Approved','클래식 음악 감상법: 바로크부터 현대까지',7,835,24),(39,0,'2023-12-06 19:43:00.000000','전문 바리스타의 커피 추출 기술과 라떼 아트를 배웁니다\r\n커피 원두의 특성, 로스팅 정도에 따른 맛의 차이, 에스프레소 머신 사용법, 다양한 추출 방식, 우유 스티밍과 라떼 아트 기법을 익힙니다\r\n카페 수준의 고품질 커피를 집에서 만들 수 있게 됩니다.','https://storage.googleapis.com/circleup-bucket/course_39_banner','바리스타',82000,3.2,'Approved','바리스타 되기: 에스프레소부터 라떼아트까지',7,94,4),(40,3,'2023-10-31 18:19:00.000000','패션 디자인을 시각적으로 표현하는 기술을 배웁니다\r\n인체 비율, 움직임 표현, 다양한 의상과 소재의 질감 묘사, 컬러링 기법 등을 익힙니다\r\n손으로 그리는 전통적인 방식부터 디지털 툴을 활용한 현대적인 일러스트레이션까지 다양하게 학습합니다.','https://storage.googleapis.com/circleup-bucket/course_40_banner','패션 일러스트',61000,2.25,'Approved','패션 일러스트레이션의 기초',6,852,99),(41,1,'2023-03-24 05:41:00.000000','하와이의 작은 기타, 우쿨렐레 연주법을 배웁니다\r\n기본적인 코드와 스트럼 패턴, 핑거 피킹 기법, 다양한 장르의 곡 연주법을 익힙니다\r\n초보자도 쉽게 배울 수 있는 악기로, 노래 반주부터 솔로 연주까지 다양하게 활용할 수 있습니다.','https://storage.googleapis.com/circleup-bucket/course_41_banner','우쿨렐레',0,4.5,'Approved','우쿨렐레로 시작하는 어쿠스틱 음악',10,299,7),(42,2,'2024-06-03 18:42:00.000000','전통 한국화의 기법과 정신을 배우는 강좌입니다\r\n먹의 농담 조절, 붓의 사용법, 전통 안료의 특성, 여백의 미 등 한국화의 핵심을 익힙니다\r\n산수화, 사군자, 민화 등 다양한 장르를 실습하며 현대적 감각으로 재해석한 작품도 제작해봅니다.','https://storage.googleapis.com/circleup-bucket/course_42_banner','한국화',25000,2.4,'Approved','한국화의 정신: 먹과 붓의 예술',17,941,47),(43,1,'2023-03-30 22:17:00.000000','가죽을 다루는 기본 기술부터 고급 기법까지 배웁니다\r\n가죽의 종류와 특성, 재단 방법, 바느질 기법, 염색과 마감 처리 등을 익힙니다\r\n지갑, 벨트, 가방 등 실용적인 소품부터 예술적인 가죽 작품까지 다양하게 만들어볼 수 있습니다.','https://storage.googleapis.com/circleup-bucket/course_43_banner','가죽 공예',45000,3,'Approved','가죽 공예: 핸드메이드 가방 만들기',13,119,8),(44,10,'2023-11-16 06:57:00.000000','발레의 기본 동작과 자세를 배우는 입문 과정입니다\r\n바 운동, 기본 포지션, 간단한 동작 시퀀스를 익히며 유연성, 근력, 균형감을 향상시킵니다\r\n발레의 아름다움을 이해하고 경험하며, 전반적인 신체 건강과 자세','https://storage.googleapis.com/circleup-bucket/course_44_banner','발레 기초',90000,2.2,'Approved','발레 기초: 아름다운 자세와 몸의 균형',17,274,42),(45,6,'2024-06-21 19:27:00.000000','한국의 전통 술 제조 기법을 배우는 강좌입니다\r\n쌀, 누룩, 물의 비율과 온도 조절, 발효 과정 관리, 숙성 방법 등 전통주 제조의 모든 과정을 익힙니다\r\n막걸리부터 청주, 약주까지 다양한 종류의 전통주를 만들며, 각 술의 특징과 역사, 음식 페어링까지 배울 수 있습니다.','https://storage.googleapis.com/circleup-bucket/course_45_banner','전통주 빚기',40000,1.5,'Approved','전통주 빚기: 막걸리에서 약주까지',6,548,9),(46,8,'2024-01-15 20:24:00.000000','매듭을 이용한 장식 공예인 마크라메 기법을 배웁니다\r\n기본 매듭부터 복잡한 패턴까지 다양한 기술을 익히고, 실의 종류와 색상 선택법, 디자인 원리를 학습합니다\r\n벽걸이, 플랜트 행어, 가방 등 보헤미안 스타일의 인테리어 소품을 직접 만들어 집을 꾸밀 수 있습니다.','https://storage.googleapis.com/circleup-bucket/course_46_banner','마크라메',71000,3.1666666666666665,'Approved','마크라메로 만드는 보헤미안 인테리어 소품',11,436,79),(47,1,'2023-05-23 13:05:00.000000','타로카드의 상징과 의미, 해석 방법을 깊이 있게 배웁니다\r\n78장의 카드 각각의 의미와 조합의 해석법을 익히고, 다양한 스프레드 기법과 직관력 향상 방법을 학습합니다\r\n개인의 성장과 통찰을 위한 도구로 타로를 활용하며, 윤리적이고 책임감 있는 리딩 방법도 함께 배웁니다.','https://storage.googleapis.com/circleup-bucket/course_47_banner','타로카드',34000,1.5,'Approved','타로카드 리딩의 기술과 해석',11,586,12),(48,0,'2023-05-31 17:36:00.000000','개인의 피부톤과 특징에 맞는 최적의 색상을 찾는 방법을 배웁니다\r\n색채 이론의 기초, 피부 톤 분석법, 계절별 컬러 시스템을 학습하고, 메이크업, 의상, 헤어 스타일링에 적용하는 법을 익힙니다\r\n자신만의 매력을 극대화하는 컬러 활용법을 통해 개성 있고 자신감 넘치는 이미지를 만들 수 있습니다.','https://storage.googleapis.com/circleup-bucket/course_48_banner','퍼스널 컬러',14000,1,'Approved','퍼스널 컬러 진단과 이미지 메이킹',14,173,23),(49,0,'2024-02-16 21:50:00.000000','아로마테라피와 캔들 제작을 결합한 강좌입니다\r\n에센셜 오일의 특성과 블렌딩 기법, 천연 왁스의 종류와 사용법, 향의 확산도를 고려한 캔들 제작 기술을 배웁니다\r\n심신의 안정과 치유에 도움을 주는 아로마 효과를 이해하고, 인테리어 소품으로도 활용 가능한 아름다운 캔들을 만듭니다.','https://storage.googleapis.com/circleup-bucket/course_49_banner','캔들 아로마',49000,3.142857142857143,'Approved','캔들 아로마테라피: 힐링과 인테리어의 만남',10,68,15),(50,2,'2023-12-25 21:33:00.000000','집에서 직접 맥주를 양조하는 모든 과정을 배웁니다\r\n맥아, 홉, 효모의 특성과 역할, 발효 과정의 과학적 원리, 다양한 맥주 스타일의 레시피와 양조 기법을 익힙니다\r\n기본적인 라거부터 복잡한 풍미의 에일까지 제조해보며, 자신만의 특별한 맥주를 개발할 수 있는 능력을 키웁니다.','https://storage.googleapis.com/circleup-bucket/course_50_banner','수제 맥주',57000,4.5,'Approved','수제 맥주 양조의 모든 것',5,71,4),(51,0,'2023-03-08 17:12:00.000000','섬세하고 우아한 프랑스 자수 기법을 배웁니다\r\n기본 스티치부터 고급 테크닉까지 다양한 기법을 익히고, 색실의 조화로운 사용법, 다양한 질감 표현 방법을 학습합니다\r\n손수건, 쿠션 커버, 벽걸이 등 실용적이고 아기자기한 소품을 만들며, 전통적인 모티프부터 현대적 디자인까지 폭넓게 다룹니다.','https://storage.googleapis.com/circleup-bucket/course_51_banner','프랑스 자수',56000,2,'Approved','프랑스 자수로 만드는 아기자기한 소품',5,515,19),(52,9,'2024-03-18 04:04:00.000000','가창력 향상을 위한 체계적인 훈련 방법을 배웁니다\r\n올바른 호흡법, 발성 기술, 공명 활용, 음정과 리듬 훈련, 다양한 장르의 노래 해석과 표현 기법을 익힙니다\r\n본인의 목소리 특징을 이해하고 장단점을 파악하여, 개성 있는 vocalist로 성장할 수 있는 기반을 마련합니다.','https://storage.googleapis.com/circleup-bucket/course_52_banner','보컬 트레이닝',22000,1,'Approved','보컬 트레이닝: 노래 실력 향상의 비결',11,446,58),(53,1,'2023-12-13 06:31:00.000000','작은 유리 용기 안에 미니어처 정원을 만드는 방법을 배웁니다\r\n적합한 식물 선택법, 토양 층 구성, 자갈과 모래의 활용, 습도 조절과 관리 방법 등을 익힙니다\r\n다양한 스타일의 테라리움을 직접 제작해보며, 실내 공간에 자연의 생기를 불어넣는 방법을 학습합니다.','https://storage.googleapis.com/circleup-bucket/course_53_banner','테라리움',26000,2.3333333333333335,'Approved','테라리움 만들기: 작은 정원의 세계',13,811,20),(54,8,'2023-08-17 05:01:00.000000','한국 전통 무용의 기본기부터 고급 동작까지 배웁니다\r\n기본 발동작, 손동작, 몸의 선과 흐름 표현법을 익히고, 장구, 부채, 한삼 등 소도구를 활용한 춤도 학습합니다\r\n살풀이, 승무, 태평무 등 대표적인 전통 춤을 배우며, 한국 무용의 예술성과 정신을 체득할 수 있습니다.','https://storage.googleapis.com/circleup-bucket/course_54_banner','한국 무용',3000,2,'Approved','한국 무용의 아름다움: 기본부터 작품까지',10,900,32),(55,4,'2023-09-28 22:42:00.000000','제한된 공간에서 효율적으로 채소를 재배하는 방법을 배웁니다\r\n베란다 환경에 적합한 채소 선택, 용토 관리, 햇빛과 물 조절, 친환경 병충해 관리, 수확과 저장법 등을 익힙니다\r\n상추, 토마토, 허브 등 다양한 채소를 직접 길러보며, 신선하고 안전한 먹거리를 만드는 즐거움을 경험합니다.','https://storage.googleapis.com/circleup-bucket/course_55_banner','베란다 채소',31000,2,'Approved','도시 농부 되기: 베란다 채소 재배법',16,645,66),(56,2,'2023-02-21 09:12:00.000000','펜과 잉크를 사용한 도시 풍경 스케치 기법을 배웁니다\r\n선의 농담, 질감 표현, 음영 처리, 원근법 활용 등을 익히고, 건물, 거리, 자연물의 특징을 간결하게 표현하는 법을 학습합니다\r\n현장 스케치와 사진을 바탕으로 한 작업을 병행하며, 자신만의 독특한 도시 스케치 스타일을 개발합니다.','https://storage.googleapis.com/circleup-bucket/course_56_banner','펜화 스케치',37000,2.8,'Approved','펜과 잉크로 그리는 도시 스케치',19,250,82),(57,6,'2023-10-31 01:54:00.000000','유명 화가들의 작품을 모사하며 유화 기법을 배웁니다\r\n캔버스 준비, 밑그림 그리기, 색 만들기, 붓 사용법, 층을 이루며 쌓아가는 유화의 특성을 이해하고 실습합니다\r\n다양한 화풍과 기법을 직접 체험하며 회화의 역사를 이해하고, 이를 바탕으로 자신만의 작품 세계를 발전시킬 수 있습니다.','https://storage.googleapis.com/circleup-bucket/course_57_banner','명화 모사',69000,2.8333333333333335,'Approved','명화 모사로 배우는 유화 기법',19,694,36),(58,1,'2023-10-06 19:09:00.000000','가죽으로 지갑을 디자인하고 제작하는 전 과정을 배웁니다\r\n가죽의 종류와 특성, 패턴 디자인, 재단, 접착, 바느질, 마감 처리 등의 기술을 익힙니다\r\n카드 지갑부터 장지갑까지 다양한 스타일의 지갑을 만들어보며, 실용성과 미적 감각을 갖춘 가죽 공예품을 제작할 수 있습니다.','https://storage.googleapis.com/circleup-bucket/course_58_banner','가죽 지갑',25000,2.8333333333333335,'Approved','가죽 지갑 만들기: 패턴 디자인부터 제작까지',10,228,84),(59,1,'2023-04-12 12:09:00.000000','젬베와 카혼을 중심으로 다양한 타악기 연주법을 배웁니다\r\n기본 리듬 패턴, 손 타법, 음색 변화, 즉흥 연주 기법을 익히고, 서아프리카와 남미의 전통 리듬을 학습합니다\r\n솔로 연주부터 앙상블 참여까지 다양한 경험을 통해 리듬 감각과 음악성을 전반적으로 향상시킬 수 있습니다.','https://storage.googleapis.com/circleup-bucket/course_59_banner','타악기 연주',33000,2.7142857142857144,'Approved','타악기의 세계: 젬베와 카혼 연주법',16,906,7),(60,14,'2024-02-07 06:08:00.000000','생화를 특수 처리하여 장기간 보존하는 기술을 배웁니다\r\n꽃의 선별, 탈수 과정, 보존액 처리, 착색 기법 등을 익히고, 프리저브드 플라워를 활용한 다양한 작품 제작법을 학습합니다\r\n화환, 부케, 액자 등 다양한 형태의 작품을 만들어보며, 오래 지속되는 아름다움을 선사하는 방법을 익힙니다.','https://storage.googleapis.com/circleup-bucket/course_60_banner','프리저브드',28000,2,'Approved','프리저브드 플라워 아트: 영원한 꽃의 매력',19,62,40),(61,1,'2024-05-31 22:50:00.000000','한문 서예의 기본 원리와 기법을 배우는 강좌입니다\r\n올바른 자세와 붓 잡는 법, 기본 획의 운필법, 다양한 서체(해서, 행서, 초서 등)의 특징과 쓰는 법을 익힙니다\r\n전통 문인화의 정신을 이해하고, 작품 구성과 낙관 찍는 법도 배우며, 정신 수양과 예술적 표현을 동시에 추구하는 서예의 묘미를 경험합니다.','https://storage.googleapis.com/circleup-bucket/course_61_banner','한문 서예',18000,1.6,'Approved','한문 서예의 정신과 기법',18,239,2),(62,0,'2023-05-06 21:38:00.000000','가정에서 손쉽게 준비할 수 있는 파티 요리 기술을 배웁니다\r\n메뉴 기획부터 식재료 준비, 효율적인 조리 순서, 근사한 플레이팅 기법까지 전반적인 과정을 학습합니다\r\n전채요리, 메인 디시, 디저트 등 다양한 요리를 실습하며, 게스트들에게 감동을 줄 수 있는 홈 파티 노하우를 익힙니다.','https://storage.googleapis.com/circleup-bucket/course_62_banner','홈 파티 요리',43000,0.5,'Approved','홈 파티 요리: 손님 접대 요리의 기술',16,914,98),(63,12,'2023-07-11 07:19:00.000000','한국 전통 민화의 특징과 현대적 재해석 방법을 배웁니다\r\n길상 문양의 의미, 전통 안료와 현대 재료의 사용법, 민화 특유의 구도와 채색 기법을 익힙니다\r\n십장생도, 화조도 등 대표적인 민화 주제를 실습하고, 전통을 바탕으로 한 창의적인 현대 민화 작품을 제작합니다.','https://storage.googleapis.com/circleup-bucket/course_63_banner','민화 그리기',0,3.857142857142857,'Approved','민화 그리기: 전통과 현대의 조화',13,741,24),(64,4,'2024-01-05 04:17:00.000000','기초적인 마술 트릭과 퍼포먼스 기술을 배웁니다\r\n카드 마술, 동전 마술, 로프 마술 등의 기본 기법을 익히고, 손기술 향상을 위한 연습 방법, 관객과의 상호작용 기술을 학습합니다\r\n마술의 원리를 이해하고 직접 트릭을 구상해보며, 자신만의 독특한 마술 루틴을 개발하는 방법을 배웁니다.','https://storage.googleapis.com/circleup-bucket/course_64_banner','마술 기초',51000,3.4,'Approved','마술의 기초: 카드 트릭부터 시작하기',15,547,99),(65,10,'2023-10-14 20:59:00.000000','퀼트 기법을 활용한 다양한 홈 데코 아이템 제작법을 배웁니다\r\n기본적인 패치워크 기법, 아플리케, 퀼팅 방법을 익히고, 쿠션 커버, 테이블 러너, 월 행잉 등을 만들어봅니다\r\n색상 조합과 패턴 디자인 원리를 학습하여 따뜻하고 개성 있는 인테리어 소품을 제작할 수 있습니다.','https://storage.googleapis.com/circleup-bucket/course_65_banner','퀼트 홈데코',88000,1.8571428571428572,'Approved','퀼트로 만드는 따뜻한 홈 데코',14,693,42),(66,3,'2024-01-31 21:49:00.000000','성인 초보자를 위한 클래식 발레의 기초를 배웁니다\r\n기본 발레 포지션, 바 운동, 간단한 센터 동작을 익히고, 발레 특유의 우아한 움직임과 자세를 연습합니다\r\n\r\r\n유연성, 근력, 균형감을 향상시키는 운동법을 배우며, 발레의 아름다움을 경험하고 전반적인 신체 건강을 증진시킵니다.','https://storage.googleapis.com/circleup-bucket/course_66_banner','발레 클래스',11000,2.6666666666666665,'Approved','클래식 발레의 우아함: 초보자를 위한 발레 클래스',8,183,8),(67,12,'2023-07-02 10:57:00.000000','동물성 재료를 전혀 사용하지 않는 비건 요리법을 배웁니다\r\n식물성 재료만으로 영양 균형을 맞추는 방법, 다양한 대체 재료 활용법, 비건 요리의 기본 기술을 익힙니다\r\n전통 요리의 비건 버전부터 창의적인 비건 레시피까지 실습하며, 건강하고 환경 친화적인 식생활을 실천하는 방법을 학습합니다.','https://storage.googleapis.com/circleup-bucket/course_67_banner','비건 요리',46000,3.2,'Approved','비건 요리의 세계: 건강한 식탁 만들기',20,52,47),(68,5,'2024-05-15 07:09:00.000000','다양한 패치워크 기법을 활용한 퀼트 가방 제작법을 배웁니다\r\n기본적인 패치워크 패턴, 재단 방법, 바느질 기술, 지퍼와 안감 달기 등 가방 제작의 전 과정을 익힙니다\r\n토트백, 클러치, 에코백 등 다양한 스타일의 가방을 만들어보며, 실용적이면서도 아름다운 핸드메이드 가방을 완성할 수 있습니다.','https://storage.googleapis.com/circleup-bucket/course_68_banner','패치워크',39000,2.6666666666666665,'Approved','패치워크 기법으로 만드는 퀼트 가방',9,284,79),(69,10,'2024-03-12 08:41:00.000000','체계적인 필라테스 운동법을 배우는 강좌입니다\r\n바른 자세와 호흡법, 코어 근육 강화 운동, 유연성과 근력을 향상시키는 다양한 동작을 익힙니다\r\n매트 운동부터 소도구를 활용한 운동까지 단계별로 학습하며, 신체 균형과 자세 교정, 전반적인 건강 증진을 도모합니다.','https://storage.googleapis.com/circleup-bucket/course_69_banner','필라테스',3000,1.2,'Approved','필라테스의 정석: 코어 강화와 자세 교정',10,577,9),(70,5,'2024-02-18 17:39:00.000000','나만의 독특한 향수를 제작하는 방법을 배웁니다\r\n향료의 종류와 특성, 향수의 구조(탑/미들/베이스 노트), 조향의 기본 원리와 블렌딩 기법을 익힙니다\r\n천연 에센셜 오일과 합성 향료를 활용한 실습을 통해 자신만의 시그니처 향수를 만들 수 있는 능력을 키웁니다.','https://storage.googleapis.com/circleup-bucket/course_70_banner','향수 만들기',17000,1,'Approved','나만의 향수 만들기: 조향의 기술',19,182,23),(71,5,'2023-06-24 06:14:00.000000','집에서 직접 치즈를 만드는 방법을 배우는 강좌입니다\r\n우유의 선택부터 응유, 숙성까지 치즈 제조의 전 과정을 익히고, 모짜렐라, 리코타, 체다, 카멤베르 등 다양한 종류의 치즈를 만듭니다\r\n치즈의 역사와 문화, 치즈와 어울리는 음식 페어링도 학습하며, 나만의 특별한 치즈를 개발할 수 있는 기초를 다집니다.','https://storage.googleapis.com/circleup-bucket/course_71_banner','수제 치즈',24000,2.3333333333333335,'Approved','수제 치즈 만들기: 모짜렐라부터 카멤베르까지',8,290,15),(72,4,'2024-04-26 11:32:00.000000','다양한 판화 기법의 원리와 제작 과정을 배웁니다\r\n목판화, 동판화, 리놀륨 판화 등의 기본 기술을 익히고, 도구 사용법, 판 제작, 잉크 사용, 프레스 기법을 학습합니다\r\n단색부터 다색 판화까지 다양한 작품을 제작해보며, 창의적인 표현이 가능한 판화의 매력을 경험합니다.','https://storage.googleapis.com/circleup-bucket/course_72_banner','판화 기법',100000,1.3333333333333333,'Approved','판화의 세계: 목판화와 동판화 기법',5,410,4),(73,7,'2024-04-26 14:51:00.000000','중국 전통 무술인 태극권의 기본 원리와 동작을 배웁니다\r\n기본 자세와 호흡법, 천천히 흐르는 듯한 동작의 연결, 에너지(기)의 흐름을 인식하고 조절하는 방법을 익힙니다\r\n24식 태극권을 기본으로 학습하며, 명상적 요소도 함께 배워 신체와 정신의 조화로운 균형을 이루는 방법을 터득합니다.','https://storage.googleapis.com/circleup-bucket/course_73_banner','태극권',12000,2.6,'Approved','태극권의 철학과 동작: 심신의 균형',8,603,19),(74,0,'2023-12-22 03:14:00.000000','수제화 제작의 전 과정을 배우는 전문적인 강좌입니다\r\n발 측정과 라스트 선택, 패턴 제작, 재단, 재봉, 밑창 부착, 마감 처리 등 구두 제작의 모든 단계를 익힙니다\r\n옥스퍼드, 로퍼, 부츠 등 다양한 스타일의 신발을 만들어보며, 개인의 발에 완벽히 맞는 맞춤형 수제화를 제작할 수 있습니다.','https://storage.googleapis.com/circleup-bucket/course_74_banner','가죽 슈즈',62000,3,'Approved','가죽 슈즈 메이킹: 수제화의 모든 것',13,871,58),(75,15,'2024-03-14 13:55:00.000000','도자기에 그림을 그리는 다양한 기법을 배웁니다\r\n세라믹 물감의 특성, 붓 사용법, 채색 기법, 유약 처리와 소성 과정에 대해 학습합니다\r\n접시, 컵, 화병 등 다양한 형태의 도자기에 그림을 그려보며, 실용적이면서도 예술적인 나만의 도자기 작품을 만듭니다.','https://storage.googleapis.com/circleup-bucket/course_75_banner','도자기 페인팅',93000,2.3333333333333335,'Approved','마음을 담는 도자기 핸드페인팅',19,852,20),(76,1,'2023-10-09 09:55:00.000000','즉흥적인 상황에서의 연기 기술을 배우는 강좌입니다\r\n상상력과 순발력을 키우는 다양한 연기 게임과 exercises, 캐릭터 구축 방법, 감정 표현 기법 등을 익힙니다\r\n파트너와의 호흡, 공간 활용, 대사 즉흥 구성 능력을 향상시키며, 자연스럽고 생동감 있는 연기를 할 수 있는 기반을 다집니다.','https://storage.googleapis.com/circleup-bucket/course_76_banner','즉흥 연기',0,3.6,'Approved','즉흥 연기 클래스: 연기력 향상의 비결',8,391,32),(77,0,'2023-04-16 07:39:00.000000','화학 첨가물 없는 순수 천연 화장품 제조법을 배웁니다\r\n천연 원료의 특성과 효능, 보존제 없이 안전하게 제품을 만드는 방법, 스킨, 로션, 크림, 립밤 등 기초 화장품 제조 기술을 익힙니다\r\n자신의 피부 타입에 맞는 맞춤형 화장품을 만들어보며, 건강하고 윤리적인 뷰티 케어 방법을 학습합니다.','https://storage.googleapis.com/circleup-bucket/course_77_banner','천연 화장품',60000,3,'Approved','DIY 천연 화장품: 스킨케어부터 메이크업까지',10,175,66),(78,7,'2023-02-21 07:16:00.000000','한국 전통 매듭의 역사와 기법을 배우는 강좌입니다\r\n기본적인 매듭법부터 복잡한 장식 매듭까지 단계별로 익히고, 전통 색실의 의미와 조화로운 배색법을 학습합니다\r\n노리개, 주머니 끈, 장신구 등 다양한 작품을 만들어보며, 현대적으로 재해석한 매듭 공예품도 제작해봅니다.','https://storage.googleapis.com/circleup-bucket/course_78_banner','전통 매듭',66000,2,'Approved','한국의 전통 매듭: 장신구 만들기',8,301,82),(79,0,'2023-01-29 23:13:00.000000','한국 전통 현악기인 가야금의 기초를 배우는 강좌입니다\r\n올바른 연주 자세, 기본 주법(술대 잡는 법, 뜯는 법, 누르는 법), 정악과 산조의 기본 가락을 익힙니다\r\n전통 민요부터 현대 창작곡까지 다양한 곡을 연습하며, 한국 전통 음악의 아름다움과 깊이를 체험합니다.','https://storage.googleapis.com/circleup-bucket/course_79_banner','가야금',56000,1.6666666666666667,'Approved','가야금의 선율: 초보자를 위한 가야금 클래스',5,192,36),(80,5,'2023-10-01 20:09:00.000000','다양한 필기구를 활용한 아름다운 손글씨 기술을 배웁니다\r\n펜의 종류와 특성, 다양한 글씨체의 기본 구조와 쓰는 법, 레이아웃과 디자인 원리를 익힙니다\r\n일상적인 필기부터 예술적인 작품 제작까지 폭넓게 실습하며, 개성 있고 아름다운 나만의 손글씨 스타일을 개발합니다.','https://storage.googleapis.com/circleup-bucket/course_80_banner','손글씨 예술',16000,2,'Approved','손글씨의 예술: 다양한 펜과 잉크로 쓰기',16,72,84),(81,13,'2023-09-16 15:56:00.000000','조경의 기본 원리와 실용적인 기술을 배우는 강좌입니다\r\n식물 선택, 공간 활용, 조화로운 배치 등을 학습하여 개인의 취향과 환경에 맞는 아름다운 정원을 직접 설계할 수 있는 능력을 키웁니다\r\n소규모 정원부터 대형 조경까지 다양한 스케일의 설계를 실습하며, 지속 가능한 정원 관리 방법도 함께 배웁니다\r\n','https://storage.googleapis.com/circleup-bucket/course_81_banner','정원 설계',10000,3,'Approved','나만의 정원 설계하기: 조경의 기초',18,870,7),(82,2,'2024-06-30 05:50:00.000000','재즈 음악의 역동적인 리듬에 맞춰 자유로운 몸의 움직임을 익히는 강좌입니다\r\n기본 스텝부터 복잡한 안무까지 단계별로 학습하며, 즉흥 표현 능력도 키웁니다\r\n음악성과 신체 표현력을 동시에 향상시키며, 재즈 댄스의 역사와 다양한 스타일도 탐구합니다\r\n','https://storage.googleapis.com/circleup-bucket/course_82_banner','재즈 댄스',33000,4,'Approved','재즈 댄스: 리듬과 표현의 자유',19,845,40),(83,15,'2023-01-19 22:58:00.000000','집에서 직접 건강한 발효 식품을 만드는 방법을 배우는 강좌입니다\r\n김치, 요구르트, 콤부차 등 다양한 발효 식품의 제조 과정을 실습하며, 발효의 과학적 원리와 영양학적 가치도 함께 학습합니다\r\n전통적인 방법부터 현대적 기술까지 다양한 발효 기법을 익힙니다\r\n','https://storage.googleapis.com/circleup-bucket/course_83_banner','발효 식품',98000,2,'Approved','이 강의는 김치, 요구르트, 콤부차 등 발효 식품을 집에서 직접 만드는 방법을 가르칩니다. 발효의 과학적 원리와 영양학적 가치도 함께 학습하며, 전통적 및 현대적 발효 기법을 실습합니다.',17,651,2),(84,12,'2023-07-18 19:09:00.000000','디지털 기기를 활용한 그림 그리기 기술을 배우는 강좌입니다\r\n태블릿과 드로잉 소프트웨어 사용법부터 시작해 다양한 브러시 효과, 레이어 활용, 색상 이론 등 디지털 일러스트레이션의 기초를 익힙니다\r\n자신만의 스타일을 개발하고 포트폴리오를 만드는 방법도 배웁니다\r\n','https://storage.googleapis.com/circleup-bucket/course_84_banner','디지털 드로잉',90000,1.4,'Approved','디지털 드로잉: 태블릿으로 그리는 일러스트',16,660,98),(85,8,'2023-04-25 20:18:00.000000','클래식 기타를 직접 만드는 전 과정을 배우는 전문적인 강좌입니다\r\n목재 선택부터 음향 조절까지, 기타 제작의 모든 단계를 상세히 학습합니다\r\n목공 기술, 기타의 구조, 조립 방법, 마감 처리 등 전문적인 기타 제작 기술을 습득하며, 악기의 음색 조율 방법도 배웁니다\r\n','https://storage.googleapis.com/circleup-bucket/course_85_banner','기타 제작',81000,2.4,'Approved','클래식 기타 제작의 모든 것',13,55,24),(86,2,'2023-06-11 22:03:00.000000','전통 한복의 기본 구조와 제작 방법을 배우고, 현대적 감각을 더해 창의적인 한복을 만드는 강좌입니다\r\n패턴 제작, 재단, 바느질 기술을 익히며 전통 한복부터 현대적으로 재해석한 생활한복까지 다양한 스타일의 한복을 제작합니다\r\n한복의 역사와 문화적 의미도 함께 탐구합니다\r\n','https://storage.googleapis.com/circleup-bucket/course_86_banner','한복 만들기',11000,2,'Approved','한복 만들기: 전통과 현대의 만남',9,945,99),(87,10,'2023-03-10 14:54:00.000000','수채화 기법을 활용해 아름다운 자연 풍경을 그리는 방법을 배우는 강좌입니다\r\n빛과 그림자의 표현, 원근법, 색채 혼합 등 풍경화에 필요한 다양한 기술을 익힙니다\r\n실외 스케치부터 완성된 작품 제작까지 전 과정을 실습하며, 개인의 감성을 담은 풍경화를 만듭니다\r\n','https://storage.googleapis.com/circleup-bucket/course_87_banner','풍경 수채화',71000,2.8,'Approved','풍경 수채화: 빛과 그림자 표현하기',11,802,42),(88,11,'2024-03-02 17:04:00.000000','평면의 종이를 입체적인 예술 작품으로 만드는 팝업북 제작 기술을 배우는 강좌입니다\r\n기본적인 접기 기술부터 복잡한 메커니즘까지 다양한 팝업 기법을 익힙니다\r\n창의적인 스토리텔링과 결합하여 독특한 나만의 팝업북을 만들어보고, 책 디자인의 기초도 함께 학습합니다\r\n','https://storage.googleapis.com/circleup-bucket/course_88_banner','팝업북 아트',55000,3.1,'Approved','팝업북 아트: 입체적인 종이 예술',11,832,8),(89,11,'2024-02-05 01:49:00.000000','크로쉐 뜨개의 기본 기술부터 고급 기법까지 단계별로 배우는 강좌입니다\r\n간단한 소품인 도일리부터 시작해 모자, 스카프, 가방, 스웨터 등 다양한 의류와 액세서리 아이템을 제작하는 방법을 익힙니다\r\n창의적인 패턴 디자인과 색상 조합 기술도 습득합니다\r\n','https://storage.googleapis.com/circleup-bucket/course_89_banner','크로쉐 뜨개',90000,2,'Approved','크로쉐 뜨개: 레이스 도일리부터 의류까지',16,644,47),(90,8,'2023-07-06 12:25:00.000000','한국 전통 차 문화와 다도의 역사, 철학을 배우고 실제 다도 예절을 익히는 강좌입니다\r\n다양한 차의 종류와 특성, 올바른 차 우리는 방법, 차 예절 등을 학습합니다\r\n전통 다례 체험을 통해 한국 차 문화의 정신을 깊이 이해하고, 현대 생활에서의 활용법도 탐구합니다\r\n','https://storage.googleapis.com/circleup-bucket/course_90_banner','차 문화',32000,2.5,'Approved','한국의 차 문화와 다도의 정신',15,755,79),(91,3,'2024-02-11 01:35:00.000000','버려지는 물건들을 창의적으로 재활용하여 새로운 예술 작품이나 실용적인 소품으로 만드는 방법을 배우는 강좌입니다\r\n다양한 재료의 특성과 가공 기술을 익히고, 환경 보호의 의미를 담은 독특한 업사이클링 작품을 제작합니다\r\n지속 가능한 예술과 디자인의 가치를 실?합니다\r\n','https://storage.googleapis.com/circleup-bucket/course_91_banner','재활용 아트',0,4.6,'Approved','재활용 아트: 업사이클링 소품 만들기',16,838,9),(92,3,'2023-05-03 12:59:00.000000','라틴 아메리카의 열정적인 살사 댄스를 배우는 강좌입니다\r\n기본 스텝과 리듬 감각을 익히고, 파트너와의 호흡을 맞추는 방법을 학습합니다\r\n다양한 살사 스타일과 복잡한 턴 패턴도 단계별로 익히며, 살사 음악의 이해와 즉흥 춤추기 능력도 향상시킵니다\r\n','https://storage.googleapis.com/circleup-bucket/course_92_banner','살사 댄스',42000,3.6,'Approved','살사 댄스의 열정: 커플 댄스 배우기',7,877,12),(93,4,'2023-07-28 20:48:00.000000','다양한 꽃과 허브를 이용해 건강에 좋고 아름다운 꽃차를 만드는 방법을 배우는 강좌입니다\r\n재료 선택부터 건조, 블렌딩, 보관까지 꽃차 제작의 전 과정을 익힙니다\r\n계절별 적합한 재료를 활용해 다양한 맛과 향의 꽃차를 만들고, 꽃차의 약리 효과도 학습합니다\r\n','https://storage.googleapis.com/circleup-bucket/course_93_banner','꽃차 만들기',0,2.5,'Approved','꽃차 만들기: 사계절 허브와 꽃으로',6,191,32),(94,1,'2023-07-01 22:15:00.000000','다양한 종류의 인형을 만드는 기술을 배우는 강좌입니다\r\n섬세한 포셀린 인형부터 포근한 테디베어까지, 각 인형의 특성에 맞는 제작 방법과 재료 사용법을 익힙니다\r\n인형의 얼굴 표정, 의상 제작 등 세밀한 기술을 습득하여 개성 있는 인형을 만들고, 인형 제작의 역사도 탐구합니다\r\n','https://storage.googleapis.com/circleup-bucket/course_94_banner','인형 제작',12000,3.7142857142857144,'Approved','인형 제작의 세계: 포셀린 인형부터 테디베어까지',12,700,58),(95,9,'2023-12-08 20:01:00.000000','한국 전통 주방 가구의 구조와 제작 방법을 배우는 강좌입니다\r\n전통 목공 기술을 익히고, 실제로 소반, 찬장, 뒤주 등의 가구를 만들어봅니다\r\n전통 가구의 미적 가치와 실용성을 이해하고, 현대적 공간에도 어울리는 전통 가구 제작 기술을 습득하며, 목재의 특성과 관리법도 학습합니다\r\n','https://storage.googleapis.com/circleup-bucket/course_95_banner','전통 가구',57000,2.3333333333333335,'Approved','한국 전통 주방 가구 만들기',19,386,15),(96,6,'2023-12-22 06:43:00.000000','아크릴 물감의 특성을 이해하고 다양한 표현 기법을 배우는 강좌입니다\r\n질감 표현, 색채 혼합, 레이어링 등 아크릴화의 장점을 살린 창의적인 작품 제작 방법을 익힙니다\r\n추상화부터 사실적 그림까지 다양한 스타일의 아크릴화 기법을 실습하고, 개인의 예술적 vision을 발전시킵니다\r\n','https://storage.googleapis.com/circleup-bucket/course_96_banner','아크릴화',9000,2.142857142857143,'Approved','아크릴화의 다양한 기법과 표현',11,633,23),(97,1,'2024-03-12 07:02:00.000000','깊은 이완과 명상을 통해 심신의 안정을 찾는 요가 니드라 기법을 배우는 강좌입니다\r\n스트레스 해소와 내면의 평화를 위한 다양한 요가 니드라 실습 방법을 익힙니다\r\n요가 니드라의 철학적 배경과 과학적 효과에 대해 학습하고, 일상생활에서의 적용 방법도 탐구합니다\r\n','https://storage.googleapis.com/circleup-bucket/course_97_banner','요가 니드라',78000,2,'Approved','명상과 요가 니드라: 깊은 이완의 기술',20,228,19),(98,13,'2024-05-05 00:27:00.000000','가정에서 쉽게 만들 수 있는 다양한 디저트 레시피를 배우는 강좌입니다\r\n기본적인 베이킹 기술부터 시작해 창의적인 플레이팅 방법까지 익힙니다\r\n케이크, 쿠키, 푸딩 등 다양한 종류의 디저트 제작법을 실습하고, 식재료의 특성과 영양학적 가치도 함께 학습합니다\r\n','https://storage.googleapis.com/circleup-bucket/course_98_banner','홈 디저트',76000,2.857142857142857,'Approved','가정식 디저트: 베이킹부터 플레이팅까지',14,502,20),(99,2,'2023-04-14 02:42:00.000000','그림책 제작의 전 과정을 배우는 강좌입니다\r\n스토리 구상, 캐릭터 개발, 일러스트레이션 기법, 레이아웃 디자인 등을 학습하여 창의적이고 매력적인 나만의 그림책을 만듭니다\r\n그림책의 역사와 현대적 트렌드도 탐구하며, 출판 과정에 대한 이해도 함께 높입니다\r\n','https://storage.googleapis.com/circleup-bucket/course_99_banner','그림책 만들기',28000,3,'Approved','나만의 그림책 만들기: 스토리텔링과 일러스트',16,455,84),(112,0,'2024-08-14 04:45:21.447000','요리를 처음 접하시는 분들께 강추!!!!!!!!!!!!\r\r\n재료선정부터 각종 조미료, 그리고 다양한 조리방법에 대한 기초를 제공합니다\r\n모두 이 강의를 통해 집밥을 잘 하실 수 있도록 만들어 드립니다!','https://storage.googleapis.com/circleup-bucket/course_112_banner','요리학개론',1200,3.5,'Approved','기초적인 요리방법을 배웁니다.',2,0,8),(114,2,'2024-08-15 05:31:02.214371','모든 백종원의 요리 레시피를 따라해보는 수업입니다.','https://storage.googleapis.com/circleup-bucket/course_114_banner','당신도 될 수 있다 백종원',0,4,'Approved','백종원이 되고 싶은 분들 어서 모이세요',3,0,116),(115,0,'2024-08-15 06:56:46.365397','\r\n운동 프로그램은\r\n유산소 운동, 근력 운동, 코어 운동, 유연성 및 스트레칭으로 이루어져 있습니다.\r\n매 주차마다 해당 수업에 맞는 추가 자료가 제공되며 운동 계획표도 제공됩니다.\r\n추가 자료는 추천 영양 정보, 휴식 요령 등의 내용을 포함하고 있습니다.\r\n매 수업이 끝난 후 제공된 운동 계획표를 작성하여 보여주시면 실시간 Q&A를 통해\r\n피드백을 받을 수 있습니다.','https://storage.googleapis.com/circleup-bucket/course_115_banner','쉽게 따라하는 홈트레이닝',0,0,'Approved','쉽게 따라하는 홈트레이닝은 초보자도 쉽게 따라할 수 있도록 기초부터 심화까지 차근차근 진행되며 제공되는 추가 자료를 이용해 혼자서도 식단 관리 및 스케쥴 관리를 할 수 있게 도와줍니다.',2,0,136),(117,0,'2024-08-15 14:35:25.622513','그 어떤 상황에서도 책에 몰입할 수 있는 일류가 되는 그날까지 정진','https://storage.googleapis.com/circleup-bucket/course_117_banner','독서 고수 되기',0,0,'Approved','독서의 장인으로 만들어 드립니다',2,0,116);
/*!40000 ALTER TABLE `course` ENABLE KEYS */;
UNLOCK TABLES;

--
-- Table structure for table `course_tag`
--

DROP TABLE IF EXISTS `course_tag`;
/*!40101 SET @saved_cs_client     = @@character_set_client */;
/*!50503 SET character_set_client = utf8mb4 */;
CREATE TABLE `course_tag` (
  `course_tag_id` bigint(20) NOT NULL AUTO_INCREMENT,
  `course_id` bigint(20) DEFAULT NULL,
  `tag_id` bigint(20) DEFAULT NULL,
  PRIMARY KEY (`course_tag_id`),
  KEY `FK3tta6lkm8fr0rgfyr4y3xrr3u` (`course_id`),
  KEY `FKj7piuv0dh0v01l3aolwwd1jwh` (`tag_id`),
  CONSTRAINT `FK3tta6lkm8fr0rgfyr4y3xrr3u` FOREIGN KEY (`course_id`) REFERENCES `course` (`course_id`),
  CONSTRAINT `FKj7piuv0dh0v01l3aolwwd1jwh` FOREIGN KEY (`tag_id`) REFERENCES `tag` (`tag_id`)
) ENGINE=InnoDB AUTO_INCREMENT=159 DEFAULT CHARSET=utf8mb4 COLLATE=utf8mb4_bin;
/*!40101 SET character_set_client = @saved_cs_client */;

--
-- Dumping data for table `course_tag`
--

LOCK TABLES `course_tag` WRITE;
/*!40000 ALTER TABLE `course_tag` DISABLE KEYS */;
INSERT INTO `course_tag` VALUES (1,1,1),(2,1,2),(3,2,3),(4,2,4),(5,3,7),(6,4,8),(7,5,3),(8,12,10),(9,13,10),(10,14,10),(12,16,3),(13,17,1),(14,18,8),(15,19,11),(16,11,3),(17,11,4),(35,5,4),(36,20,7),(37,21,1),(38,22,7),(39,23,12),(40,24,8),(41,25,13),(42,26,7),(43,27,3),(44,27,4),(45,28,8),(46,29,13),(47,30,7),(48,31,12),(49,32,8),(50,32,9),(51,33,12),(52,34,6),(53,35,1),(54,35,2),(55,36,11),(56,37,6),(57,38,8),(58,39,1),(59,40,7),(60,41,8),(61,42,7),(62,43,13),(63,44,3),(64,45,1),(65,46,7),(66,47,7),(67,48,7),(68,49,13),(69,50,1),(70,51,13),(71,52,8),(72,53,13),(73,54,3),(74,55,1),(75,56,7),(76,57,7),(77,58,13),(78,59,8),(79,60,7),(80,61,7),(81,62,1),(82,63,7),(83,64,8),(84,65,13),(85,66,3),(86,67,1),(87,68,7),(88,69,3),(89,69,4),(90,70,13),(91,71,1),(92,72,7),(93,73,3),(94,74,13),(95,75,7),(96,76,8),(97,77,13),(98,78,13),(99,79,8),(100,80,7),(101,81,12),(102,82,3),(103,83,1),(104,84,7),(105,85,8),(106,86,5),(107,87,7),(108,88,7),(109,89,6),(110,90,1),(111,91,6),(112,92,3),(113,93,1),(114,94,13),(115,95,13),(116,96,7),(117,97,3),(118,97,4),(119,98,1),(120,98,2),(121,99,7),(124,36,11),(127,19,6),(130,22,6),(131,26,6),(132,24,6),(133,37,6),(134,38,6),(135,80,6),(136,39,5),(137,43,13),(138,47,5),(139,60,5),(140,76,5),(141,81,5),(152,112,1),(154,114,1),(155,115,3),(158,117,6);
/*!40000 ALTER TABLE `course_tag` ENABLE KEYS */;
UNLOCK TABLES;

--
-- Table structure for table `curriculum`
--

DROP TABLE IF EXISTS `curriculum`;
/*!40101 SET @saved_cs_client     = @@character_set_client */;
/*!50503 SET character_set_client = utf8mb4 */;
CREATE TABLE `curriculum` (
  `curriculum_id` bigint(20) NOT NULL AUTO_INCREMENT,
  `description` varchar(2000) COLLATE utf8mb4_bin DEFAULT NULL,
  `index_no` bigint(20) DEFAULT NULL,
  `name` varchar(255) COLLATE utf8mb4_bin DEFAULT NULL,
  `rec_url` varchar(1000) COLLATE utf8mb4_bin DEFAULT NULL,
  `time` bigint(20) DEFAULT NULL,
  `course_id` bigint(20) DEFAULT NULL,
  `doc_url` varchar(1000) COLLATE utf8mb4_bin DEFAULT NULL,
  PRIMARY KEY (`curriculum_id`),
  KEY `FKcgu83td64npa6diolbcgk1bn3` (`course_id`),
  CONSTRAINT `FKcgu83td64npa6diolbcgk1bn3` FOREIGN KEY (`course_id`) REFERENCES `course` (`course_id`)
) ENGINE=InnoDB AUTO_INCREMENT=1283 DEFAULT CHARSET=utf8mb4 COLLATE=utf8mb4_bin;
/*!40101 SET character_set_client = @saved_cs_client */;

--
-- Dumping data for table `curriculum`
--

LOCK TABLES `curriculum` WRITE;
/*!40000 ALTER TABLE `curriculum` DISABLE KEYS */;
INSERT INTO `curriculum` VALUES (1,'타르트 반죽의 이해와 기본 레시피',1,NULL,NULL,NULL,1,'https://storage.cloud.google.com/circleup-bucket/curriculum_1_doc'),(2,'타르트 필링 기초 – 달콤한 필링 준비하기',2,NULL,NULL,NULL,1,'https://storage.cloud.google.com/circleup-bucket/curriculum_2_doc'),(3,'요가를 통한 체형 교정 기초와 실습',1,NULL,NULL,NULL,2,'https://storage.cloud.google.com/circleup-bucket/curriculum_3_doc.doc'),(4,'기초 드로잉',1,NULL,NULL,NULL,3,'https://storage.cloud.google.com/circleup-bucket/curriculum_4_doc'),(5,'캐릭터 디자인',2,NULL,NULL,NULL,3,'https://storage.cloud.google.com/circleup-bucket/curriculum_4_doc'),(6,'배경 설정',3,NULL,NULL,NULL,3,'https://storage.cloud.google.com/circleup-bucket/curriculum_4_doc'),(7,'컬러링 기법',4,NULL,NULL,NULL,3,'https://storage.cloud.google.com/circleup-bucket/curriculum_4_doc'),(8,'구도와 레이아웃',5,NULL,NULL,NULL,3,'https://storage.cloud.google.com/circleup-bucket/curriculum_4_doc'),(9,'디지털 작업 기초',6,NULL,NULL,NULL,3,'https://storage.cloud.google.com/circleup-bucket/curriculum_4_doc'),(10,'캐주얼 일러스트 스타일',7,NULL,NULL,NULL,3,'https://storage.cloud.google.com/circleup-bucket/curriculum_4_doc'),(11,'반실사 일러스트 기법',8,NULL,NULL,NULL,3,'https://storage.cloud.google.com/circleup-bucket/curriculum_4_doc'),(12,'효과적인 라이팅',9,NULL,NULL,NULL,3,'https://storage.cloud.google.com/circleup-bucket/curriculum_4_doc'),(13,'표정과 감정 표현',10,NULL,NULL,NULL,3,'https://storage.cloud.google.com/circleup-bucket/curriculum_4_doc'),(14,'액션 포즈 그리기',11,NULL,NULL,NULL,3,'https://storage.cloud.google.com/circleup-bucket/curriculum_4_doc'),(15,'의상과 소품 디자인',12,NULL,NULL,NULL,3,'https://storage.cloud.google.com/circleup-bucket/curriculum_4_doc'),(16,'배경 심화',13,NULL,NULL,NULL,3,'https://storage.cloud.google.com/circleup-bucket/curriculum_4_doc'),(17,'장르별 일러스트 특징',14,NULL,NULL,NULL,3,'https://storage.cloud.google.com/circleup-bucket/curriculum_4_doc'),(18,'웹소설 표지 구성 요소',15,NULL,NULL,NULL,3,'https://storage.cloud.google.com/circleup-bucket/curriculum_4_doc'),(19,'타이포그래피 기초',16,NULL,NULL,NULL,3,'https://storage.cloud.google.com/circleup-bucket/curriculum_4_doc'),(20,'마케팅을 위한 일러스트',17,NULL,NULL,NULL,3,'https://storage.cloud.google.com/circleup-bucket/curriculum_4_doc'),(21,'포트폴리오 제작',18,NULL,NULL,NULL,3,'https://storage.cloud.google.com/circleup-bucket/curriculum_4_doc'),(22,'클라이언트와의 소통',19,NULL,NULL,NULL,3,'https://storage.cloud.google.com/circleup-bucket/curriculum_4_doc'),(23,'일러스트레이터 계약과 저작권',20,NULL,NULL,NULL,3,'https://storage.cloud.google.com/circleup-bucket/curriculum_4_doc'),(24,'온라인 플랫폼 활용',21,NULL,NULL,NULL,3,'https://storage.cloud.google.com/circleup-bucket/curriculum_4_doc'),(25,'트렌드 분석과 적용',22,NULL,NULL,NULL,3,'https://storage.cloud.google.com/circleup-bucket/curriculum_4_doc'),(26,'최종 작품 완성 및 평가',23,NULL,NULL,NULL,3,'https://storage.cloud.google.com/circleup-bucket/curriculum_4_doc'),(27,'음악 이론 기초',1,NULL,NULL,NULL,4,'https://storage.cloud.google.com/circleup-bucket/curriculum_27_doc.doc'),(28,'멜로디 작성법',2,NULL,NULL,NULL,4,'https://storage.cloud.google.com/circleup-bucket/curriculum_28_doc.doc'),(29,'화성학 입문',3,NULL,NULL,NULL,4,'https://storage.cloud.google.com/circleup-bucket/curriculum_29_doc.doc'),(31,'작곡 구조와 형식',5,NULL,NULL,NULL,4,'https://storage.cloud.google.com/circleup-bucket/curriculum_31_doc.doc'),(32,'가사 쓰기',6,NULL,NULL,NULL,4,'https://storage.cloud.google.com/circleup-bucket/curriculum_32_doc.doc'),(33,'코드 진행',7,NULL,NULL,NULL,4,'https://storage.cloud.google.com/circleup-bucket/curriculum_33_doc.doc'),(34,'편곡 기초',8,NULL,NULL,NULL,4,'https://storage.cloud.google.com/circleup-bucket/curriculum_34_doc.doc'),(35,'보컬 멜로디 작성',9,NULL,NULL,NULL,4,'https://storage.cloud.google.com/circleup-bucket/curriculum_35_doc.doc'),(36,'악기 편성',10,NULL,NULL,NULL,4,'https://storage.cloud.google.com/circleup-bucket/curriculum_36_doc.doc'),(37,'작곡 소프트웨어 사용법',11,NULL,NULL,NULL,4,'https://storage.cloud.google.com/circleup-bucket/curriculum_37_doc.doc'),(38,'MIDI 기초',12,NULL,NULL,NULL,4,'https://storage.cloud.google.com/circleup-bucket/curriculum_38_doc.doc'),(39,'사운드 디자인',13,NULL,NULL,NULL,4,'https://storage.cloud.google.com/circleup-bucket/curriculum_39_doc.doc'),(40,'믹싱 기초',14,NULL,NULL,NULL,4,'https://storage.cloud.google.com/circleup-bucket/curriculum_40_doc.doc'),(41,'장르별 작곡 특징',15,NULL,NULL,NULL,4,'https://storage.cloud.google.com/circleup-bucket/curriculum_41_doc.doc'),(42,'영화음악 작곡',16,NULL,NULL,NULL,4,'https://storage.cloud.google.com/circleup-bucket/curriculum_42_doc.doc'),(43,'광고음악 작곡',17,NULL,NULL,NULL,4,'https://storage.cloud.google.com/circleup-bucket/curriculum_43_doc.doc'),(44,'게임음악 작곡',18,NULL,NULL,NULL,4,'https://storage.cloud.google.com/circleup-bucket/curriculum_44_doc.doc'),(45,'저작권과 음원 등록',19,NULL,NULL,NULL,4,'https://storage.cloud.google.com/circleup-bucket/curriculum_45_doc.doc'),(46,'자작곡 발표 및 피드백',20,NULL,NULL,NULL,4,'https://storage.cloud.google.com/circleup-bucket/curriculum_46_doc.doc'),(47,'필라테스 기본 자세',1,NULL,NULL,NULL,5,'https://storage.cloud.google.com/circleup-bucket/curriculum_47_doc.doc'),(48,'코어 강화 운동',2,NULL,NULL,NULL,5,'https://storage.cloud.google.com/circleup-bucket/curriculum_48_doc.doc'),(49,'상체 운동',3,NULL,NULL,NULL,5,'https://storage.cloud.google.com/circleup-bucket/curriculum_49_doc.doc'),(50,'하체 운동',4,NULL,NULL,NULL,5,'https://storage.cloud.google.com/circleup-bucket/curriculum_50_doc.doc'),(51,'유연성 향상 운동',5,NULL,NULL,NULL,5,'https://storage.cloud.google.com/circleup-bucket/curriculum_51_doc.doc'),(52,'자세 교정 운동',6,NULL,NULL,NULL,5,'https://storage.cloud.google.com/circleup-bucket/curriculum_52_doc.doc'),(53,'호흡법',7,NULL,NULL,NULL,5,'https://storage.cloud.google.com/circleup-bucket/curriculum_53_doc.doc'),(54,'근력 강화 운동',8,NULL,NULL,NULL,5,'https://storage.cloud.google.com/circleup-bucket/curriculum_54_doc.doc'),(55,'밸런스 트레이닝',9,NULL,NULL,NULL,5,'https://storage.cloud.google.com/circleup-bucket/curriculum_55_doc.doc'),(56,'스트레칭',10,NULL,NULL,NULL,5,'https://storage.cloud.google.com/circleup-bucket/curriculum_56_doc.doc'),(57,'폼롤러 사용법',11,NULL,NULL,NULL,5,'https://storage.cloud.google.com/circleup-bucket/curriculum_57_doc.doc'),(58,'매트 필라테스 기초',12,NULL,NULL,NULL,5,'https://storage.cloud.google.com/circleup-bucket/curriculum_58_doc.doc'),(59,'소도구를 활용한 운동',13,NULL,NULL,NULL,5,'https://storage.cloud.google.com/circleup-bucket/curriculum_59_doc.doc'),(60,'등 근육 강화 운동',14,NULL,NULL,NULL,5,'https://storage.cloud.google.com/circleup-bucket/curriculum_60_doc.doc'),(61,'골반 교정 운동',15,NULL,NULL,NULL,5,'https://storage.cloud.google.com/circleup-bucket/curriculum_61_doc.doc'),(62,'어깨 통증 완화 운동',16,NULL,NULL,NULL,5,'https://storage.cloud.google.com/circleup-bucket/curriculum_62_doc.doc'),(63,'허리 통증 완화 운동',17,NULL,NULL,NULL,5,'https://storage.cloud.google.com/circleup-bucket/curriculum_63_doc.doc'),(64,'목 통증 완화 운동',18,NULL,NULL,NULL,5,'https://storage.cloud.google.com/circleup-bucket/curriculum_64_doc.doc'),(65,'전신 순환 운동',19,NULL,NULL,NULL,5,'https://storage.cloud.google.com/circleup-bucket/curriculum_65_doc.doc'),(66,'릴랙세이션 테크닉',20,NULL,NULL,NULL,5,'https://storage.cloud.google.com/circleup-bucket/curriculum_66_doc.doc'),(67,'체형 분석',21,NULL,NULL,NULL,5,'https://storage.cloud.google.com/circleup-bucket/curriculum_67_doc.doc'),(68,'개인별 맞춤 운동 프로그램',22,NULL,NULL,NULL,5,'https://storage.cloud.google.com/circleup-bucket/curriculum_68_doc.doc'),(69,'일상생활 속 자세 교정',23,NULL,NULL,NULL,5,'https://storage.cloud.google.com/circleup-bucket/curriculum_69_doc.doc'),(70,'전신 운동 및 마무리',24,NULL,NULL,NULL,5,'https://storage.cloud.google.com/circleup-bucket/curriculum_70_doc.doc'),(71,'필라테스 소개 및 기본 자세',1,NULL,NULL,NULL,11,'https://storage.cloud.google.com/circleup-bucket/curriculum_71_doc.doc'),(72,'호흡법과 코어 운동',2,NULL,NULL,NULL,11,'https://storage.cloud.google.com/circleup-bucket/curriculum_72_doc.doc'),(73,'상체 운동',3,NULL,NULL,NULL,11,'https://storage.cloud.google.com/circleup-bucket/curriculum_73_doc.doc'),(74,'하체 운동',4,NULL,NULL,NULL,11,'https://storage.cloud.google.com/circleup-bucket/curriculum_74_doc.doc'),(75,'전신 스트레칭',5,NULL,NULL,NULL,11,'https://storage.cloud.google.com/circleup-bucket/curriculum_75_doc.doc'),(76,'밸런스 트레이닝',6,NULL,NULL,NULL,11,'https://storage.cloud.google.com/circleup-bucket/curriculum_76_doc.doc'),(77,'근력 강화 운동',7,NULL,NULL,NULL,11,'https://storage.cloud.google.com/circleup-bucket/curriculum_77_doc.doc'),(78,'유연성 향상 운동',8,NULL,NULL,NULL,11,'https://storage.cloud.google.com/circleup-bucket/curriculum_78_doc.doc'),(79,'자세 교정 운동',9,NULL,NULL,NULL,11,'https://storage.cloud.google.com/circleup-bucket/curriculum_79_doc.doc'),(80,'소도구를 활용한 운동',10,NULL,NULL,NULL,11,'https://storage.cloud.google.com/circleup-bucket/curriculum_80_doc.doc'),(81,'집중력 향상 운동',11,NULL,NULL,NULL,11,'https://storage.cloud.google.com/circleup-bucket/curriculum_81_doc.doc'),(82,'전신 운동 및 마무리',12,NULL,NULL,NULL,11,'https://storage.cloud.google.com/circleup-bucket/curriculum_82_doc.doc'),(83,'HTML/CSS 기초',1,NULL,NULL,NULL,12,'https://storage.cloud.google.com/circleup-bucket/curriculum_83_doc.doc'),(84,'JavaScript 기초',2,NULL,NULL,NULL,12,'https://storage.cloud.google.com/circleup-bucket/curriculum_84_doc.doc'),(85,'백엔드 기초',3,NULL,NULL,NULL,12,'https://storage.cloud.google.com/circleup-bucket/curriculum_85_doc.doc'),(86,'데이터베이스 연동',4,NULL,NULL,NULL,12,'https://storage.cloud.google.com/circleup-bucket/curriculum_86_doc.doc'),(87,'풀스택 프로젝트 완성',5,NULL,NULL,NULL,12,'https://storage.cloud.google.com/circleup-bucket/curriculum_87_doc.doc'),(88,'파이썬 기초 문법',1,NULL,'https://storage.googleapis.com/circleup-bucket/3f334392-91d7-4248-8170-98cf13a8e22b.mp4',NULL,13,'https://storage.cloud.google.com/circleup-bucket/curriculum_88_doc.doc'),(89,'자료구조와 알고리즘',2,NULL,NULL,NULL,13,'https://storage.cloud.google.com/circleup-bucket/curriculum_89_doc.doc'),(90,'객체지향 프로그래밍',3,NULL,'https://storage.googleapis.com/circleup-bucket/ab70fd54-fd86-4a00-a3f8-ab78c932e46d.mp4',NULL,13,'https://storage.cloud.google.com/circleup-bucket/curriculum_90_doc.doc'),(91,'파일 처리와 예외 처리',4,NULL,NULL,NULL,13,'https://storage.cloud.google.com/circleup-bucket/curriculum_91_doc.doc'),(92,'모듈과 패키지',5,NULL,NULL,NULL,13,'https://storage.cloud.google.com/circleup-bucket/curriculum_92_doc.doc'),(93,'실전 프로젝트',6,NULL,NULL,NULL,13,'https://storage.cloud.google.com/circleup-bucket/curriculum_93_doc.doc'),(94,'디지털 마케팅 개요',1,NULL,NULL,NULL,14,'https://storage.cloud.google.com/circleup-bucket/curriculum_94_doc.doc'),(95,'검색엔진 최적화(SEO)',2,NULL,NULL,NULL,14,'https://storage.cloud.google.com/circleup-bucket/curriculum_95_doc.doc'),(96,'소셜 미디어 마케팅',3,NULL,NULL,NULL,14,'https://storage.cloud.google.com/circleup-bucket/curriculum_96_doc.doc'),(97,'이메일 마케팅',4,NULL,NULL,NULL,14,'https://storage.cloud.google.com/circleup-bucket/curriculum_97_doc.doc'),(98,'콘텐츠 마케팅 및 분석',5,NULL,NULL,NULL,14,'https://storage.cloud.google.com/circleup-bucket/curriculum_98_doc.doc'),(99,'함수와 극한',1,NULL,'https://storage.googleapis.com/circleup-bucket/43cd3e44-bdce-4589-89d6-b45ee3c2cb12.mp4',NULL,15,'https://storage.cloud.google.com/circleup-bucket/curriculum_99_doc.doc'),(100,'미분',2,NULL,NULL,NULL,15,'https://storage.cloud.google.com/circleup-bucket/curriculum_100_doc.doc'),(101,'적분',3,NULL,NULL,NULL,15,'https://storage.cloud.google.com/circleup-bucket/curriculum_101_doc.doc'),(102,'응용 문제 해결',4,NULL,NULL,NULL,15,'https://storage.cloud.google.com/circleup-bucket/curriculum_102_doc.doc'),(103,'기초 체력 평가',1,NULL,NULL,NULL,16,'https://storage.cloud.google.com/circleup-bucket/curriculum_103_doc.doc'),(104,'상체 운동',2,NULL,NULL,NULL,16,'https://storage.cloud.google.com/circleup-bucket/curriculum_104_doc.doc'),(105,'하체 운동',3,NULL,NULL,NULL,16,'https://storage.cloud.google.com/circleup-bucket/curriculum_105_doc.doc'),(106,'코어 운동',4,NULL,NULL,NULL,16,'https://storage.cloud.google.com/circleup-bucket/curriculum_106_doc.doc'),(107,'전신 운동 및 식단 관리',5,NULL,NULL,NULL,16,'https://storage.cloud.google.com/circleup-bucket/curriculum_107_doc.doc'),(108,'이탈리아 요리',1,NULL,NULL,NULL,17,'https://storage.cloud.google.com/circleup-bucket/%EB%8B%B9%EC%8B%A0%EB%8F%84%20%EB%90%A0%20%EC%88%98%20%EC%9E%88%EB%8B%A4%20%EB%B0%B1%EC%A2%85%EC%9B%90.docx'),(109,'프랑스 요리',2,NULL,NULL,NULL,17,'https://storage.cloud.google.com/circleup-bucket/%EB%8B%B9%EC%8B%A0%EB%8F%84%20%EB%90%A0%20%EC%88%98%20%EC%9E%88%EB%8B%A4%20%EB%B0%B1%EC%A2%85%EC%9B%90.docx'),(110,'중국 요리',3,NULL,NULL,NULL,17,'https://storage.cloud.google.com/circleup-bucket/%EB%8B%B9%EC%8B%A0%EB%8F%84%20%EB%90%A0%20%EC%88%98%20%EC%9E%88%EB%8B%A4%20%EB%B0%B1%EC%A2%85%EC%9B%90.docx'),(111,'일본 요리',4,NULL,NULL,NULL,17,'https://storage.cloud.google.com/circleup-bucket/%EB%8B%B9%EC%8B%A0%EB%8F%84%20%EB%90%A0%20%EC%88%98%20%EC%9E%88%EB%8B%A4%20%EB%B0%B1%EC%A2%85%EC%9B%90.docx'),(112,'인도 요리',5,NULL,NULL,NULL,17,'https://storage.cloud.google.com/circleup-bucket/%EB%8B%B9%EC%8B%A0%EB%8F%84%20%EB%90%A0%20%EC%88%98%20%EC%9E%88%EB%8B%A4%20%EB%B0%B1%EC%A2%85%EC%9B%90.docx'),(113,'멕시코 요리',6,NULL,NULL,NULL,17,'https://storage.cloud.google.com/circleup-bucket/%EB%8B%B9%EC%8B%A0%EB%8F%84%20%EB%90%A0%20%EC%88%98%20%EC%9E%88%EB%8B%A4%20%EB%B0%B1%EC%A2%85%EC%9B%90.docx'),(114,'세계 요리 퓨전',7,NULL,NULL,NULL,17,'https://storage.cloud.google.com/circleup-bucket/%EB%8B%B9%EC%8B%A0%EB%8F%84%20%EB%90%A0%20%EC%88%98%20%EC%9E%88%EB%8B%A4%20%EB%B0%B1%EC%A2%85%EC%9B%90.docx'),(115,'음악 이론 기초',1,NULL,NULL,NULL,18,'https://storage.cloud.google.com/circleup-bucket/curriculum_115_doc.doc'),(116,'악기 연주법',2,NULL,NULL,NULL,18,'https://storage.cloud.google.com/circleup-bucket/curriculum_116_doc.doc'),(117,'화성학 입문',3,NULL,NULL,NULL,18,'https://storage.cloud.google.com/circleup-bucket/curriculum_117_doc.doc'),(118,'작곡 기초',4,NULL,NULL,NULL,18,'https://storage.cloud.google.com/circleup-bucket/curriculum_118_doc.doc'),(119,'편곡 기법',5,NULL,NULL,NULL,18,'https://storage.cloud.google.com/circleup-bucket/curriculum_119_doc.doc'),(120,'작품 발표 및 피드백',6,NULL,NULL,NULL,18,'https://storage.cloud.google.com/circleup-bucket/curriculum_120_doc.doc'),(121,'카메라 기초',1,NULL,NULL,NULL,19,'https://storage.cloud.google.com/circleup-bucket/curriculum_121_doc.doc'),(122,'구도와 프레임',2,NULL,NULL,NULL,19,'https://storage.cloud.google.com/circleup-bucket/curriculum_122_doc.doc'),(123,'빛과 노출',3,NULL,NULL,NULL,19,'https://storage.cloud.google.com/circleup-bucket/curriculum_123_doc.doc'),(124,'인물 사진',4,NULL,NULL,NULL,19,'https://storage.cloud.google.com/circleup-bucket/curriculum_124_doc.doc'),(125,'풍경 사진',5,NULL,NULL,NULL,19,'https://storage.cloud.google.com/circleup-bucket/curriculum_125_doc.doc'),(126,'스트리트 포토그래피',6,NULL,NULL,NULL,19,'https://storage.cloud.google.com/circleup-bucket/curriculum_126_doc.doc'),(127,'사진 편집',7,NULL,NULL,NULL,19,'https://storage.cloud.google.com/circleup-bucket/curriculum_127_doc.doc'),(128,'포트폴리오 제작',8,NULL,NULL,NULL,19,'https://storage.cloud.google.com/circleup-bucket/curriculum_128_doc.doc'),(129,'수채화 재료 소개',1,NULL,'https://storage.googleapis.com/circleup-bucket/173163b3-ddd5-4cb0-bf3b-eb12ac45d510.mp4',NULL,20,'https://storage.cloud.google.com/circleup-bucket/curriculum_129_doc.doc'),(130,'기본 기법',2,NULL,'https://storage.googleapis.com/circleup-bucket/eb4a9da5-552d-4e82-8ac9-ef2a6dbea1c8.mp4',NULL,20,'https://storage.cloud.google.com/circleup-bucket/curriculum_130_doc.doc'),(131,'정물화',3,NULL,'https://storage.googleapis.com/circleup-bucket/7f02a2dc-fec5-4049-be1a-8db63a58a116.mp4',NULL,20,'https://storage.cloud.google.com/circleup-bucket/curriculum_131_doc.doc'),(132,'풍경화',4,NULL,NULL,NULL,20,'https://storage.cloud.google.com/circleup-bucket/curriculum_132_doc.doc'),(133,'인물화',5,NULL,NULL,NULL,20,'https://storage.cloud.google.com/circleup-bucket/curriculum_133_doc.doc'),(134,'색채 이론',6,NULL,NULL,NULL,20,'https://storage.cloud.google.com/circleup-bucket/curriculum_134_doc.doc'),(135,'명암 표현',7,NULL,NULL,NULL,20,'https://storage.cloud.google.com/circleup-bucket/curriculum_135_doc.doc'),(136,'질감 표현',8,NULL,NULL,NULL,20,'https://storage.cloud.google.com/circleup-bucket/curriculum_136_doc.doc'),(137,'구도 잡기',9,NULL,NULL,NULL,20,'https://storage.cloud.google.com/circleup-bucket/curriculum_137_doc.doc'),(138,'수채화 기법 응용',10,NULL,NULL,NULL,20,'https://storage.cloud.google.com/circleup-bucket/curriculum_138_doc.doc'),(139,'야외 스케치',11,NULL,'https://storage.googleapis.com/circleup-bucket/1128c2bd-7f23-48ee-8c7f-c19a8486d843.mp4',NULL,20,'https://storage.cloud.google.com/circleup-bucket/curriculum_139_doc.doc'),(140,'수채화 마스킹 기법',12,NULL,NULL,NULL,20,'https://storage.cloud.google.com/circleup-bucket/curriculum_140_doc.doc'),(141,'다양한 붓 활용법',13,NULL,NULL,NULL,20,'https://storage.cloud.google.com/circleup-bucket/curriculum_141_doc.doc'),(142,'물의 양 조절하기',14,NULL,NULL,NULL,20,'https://storage.cloud.google.com/circleup-bucket/curriculum_142_doc.doc'),(143,'색 혼합 기법',15,NULL,NULL,NULL,20,'https://storage.cloud.google.com/circleup-bucket/curriculum_143_doc.doc'),(144,'습식 기법',16,NULL,NULL,NULL,20,'https://storage.cloud.google.com/circleup-bucket/curriculum_144_doc.doc'),(145,'건식 기법',17,NULL,NULL,NULL,20,'https://storage.cloud.google.com/circleup-bucket/curriculum_145_doc.doc'),(146,'작품 분석',18,NULL,NULL,NULL,20,'https://storage.cloud.google.com/circleup-bucket/curriculum_146_doc.doc'),(147,'작품 전시 준비',19,NULL,NULL,NULL,20,'https://storage.cloud.google.com/circleup-bucket/curriculum_147_doc.doc'),(148,'프랑스 요리 개요',1,NULL,NULL,NULL,21,'https://storage.cloud.google.com/circleup-bucket/%EB%8B%B9%EC%8B%A0%EB%8F%84%20%EB%90%A0%20%EC%88%98%20%EC%9E%88%EB%8B%A4%20%EB%B0%B1%EC%A2%85%EC%9B%90.docx'),(149,'수프와 전채',2,NULL,NULL,NULL,21,'https://storage.cloud.google.com/circleup-bucket/%EB%8B%B9%EC%8B%A0%EB%8F%84%20%EB%90%A0%20%EC%88%98%20%EC%9E%88%EB%8B%A4%20%EB%B0%B1%EC%A2%85%EC%9B%90.docx'),(150,'메인 요리',3,NULL,NULL,NULL,21,'https://storage.cloud.google.com/circleup-bucket/%EB%8B%B9%EC%8B%A0%EB%8F%84%20%EB%90%A0%20%EC%88%98%20%EC%9E%88%EB%8B%A4%20%EB%B0%B1%EC%A2%85%EC%9B%90.docx'),(151,'디저트',4,NULL,NULL,NULL,21,'https://storage.cloud.google.com/circleup-bucket/%EB%8B%B9%EC%8B%A0%EB%8F%84%20%EB%90%A0%20%EC%88%98%20%EC%9E%88%EB%8B%A4%20%EB%B0%B1%EC%A2%85%EC%9B%90.docx'),(152,'프랑스 치즈',5,NULL,NULL,NULL,21,'https://storage.cloud.google.com/circleup-bucket/%EB%8B%B9%EC%8B%A0%EB%8F%84%20%EB%90%A0%20%EC%88%98%20%EC%9E%88%EB%8B%A4%20%EB%B0%B1%EC%A2%85%EC%9B%90.docx'),(153,'프랑스 와인',6,NULL,NULL,NULL,21,'https://storage.cloud.google.com/circleup-bucket/%EB%8B%B9%EC%8B%A0%EB%8F%84%20%EB%90%A0%20%EC%88%98%20%EC%9E%88%EB%8B%A4%20%EB%B0%B1%EC%A2%85%EC%9B%90.docx'),(154,'프랑스 빵',7,NULL,NULL,NULL,21,'https://storage.cloud.google.com/circleup-bucket/%EB%8B%B9%EC%8B%A0%EB%8F%84%20%EB%90%A0%20%EC%88%98%20%EC%9E%88%EB%8B%A4%20%EB%B0%B1%EC%A2%85%EC%9B%90.docx'),(155,'소스 만들기',8,NULL,NULL,NULL,21,'https://storage.cloud.google.com/circleup-bucket/%EB%8B%B9%EC%8B%A0%EB%8F%84%20%EB%90%A0%20%EC%88%98%20%EC%9E%88%EB%8B%A4%20%EB%B0%B1%EC%A2%85%EC%9B%90.docx'),(156,'해산물 요리',9,NULL,NULL,NULL,21,'https://storage.cloud.google.com/circleup-bucket/%EB%8B%B9%EC%8B%A0%EB%8F%84%20%EB%90%A0%20%EC%88%98%20%EC%9E%88%EB%8B%A4%20%EB%B0%B1%EC%A2%85%EC%9B%90.docx'),(157,'육류 요리',10,NULL,NULL,NULL,21,'https://storage.cloud.google.com/circleup-bucket/%EB%8B%B9%EC%8B%A0%EB%8F%84%20%EB%90%A0%20%EC%88%98%20%EC%9E%88%EB%8B%A4%20%EB%B0%B1%EC%A2%85%EC%9B%90.docx'),(158,'채식 요리',11,NULL,NULL,NULL,21,'https://storage.cloud.google.com/circleup-bucket/%EB%8B%B9%EC%8B%A0%EB%8F%84%20%EB%90%A0%20%EC%88%98%20%EC%9E%88%EB%8B%A4%20%EB%B0%B1%EC%A2%85%EC%9B%90.docx'),(159,'테린과 파테',12,NULL,NULL,NULL,21,'https://storage.cloud.google.com/circleup-bucket/%EB%8B%B9%EC%8B%A0%EB%8F%84%20%EB%90%A0%20%EC%88%98%20%EC%9E%88%EB%8B%A4%20%EB%B0%B1%EC%A2%85%EC%9B%90.docx'),(160,'크레프와 갈레트',13,NULL,NULL,NULL,21,'https://storage.cloud.google.com/circleup-bucket/%EB%8B%B9%EC%8B%A0%EB%8F%84%20%EB%90%A0%20%EC%88%98%20%EC%9E%88%EB%8B%A4%20%EB%B0%B1%EC%A2%85%EC%9B%90.docx'),(161,'키쉬와 타르트',14,NULL,NULL,NULL,21,'https://storage.cloud.google.com/circleup-bucket/%EB%8B%B9%EC%8B%A0%EB%8F%84%20%EB%90%A0%20%EC%88%98%20%EC%9E%88%EB%8B%A4%20%EB%B0%B1%EC%A2%85%EC%9B%90.docx'),(162,'프랑스식 조리 기법',15,NULL,NULL,NULL,21,'https://storage.cloud.google.com/circleup-bucket/%EB%8B%B9%EC%8B%A0%EB%8F%84%20%EB%90%A0%20%EC%88%98%20%EC%9E%88%EB%8B%A4%20%EB%B0%B1%EC%A2%85%EC%9B%90.docx'),(163,'프랑스 지역별 요리',16,NULL,NULL,NULL,21,'https://storage.cloud.google.com/circleup-bucket/%EB%8B%B9%EC%8B%A0%EB%8F%84%20%EB%90%A0%20%EC%88%98%20%EC%9E%88%EB%8B%A4%20%EB%B0%B1%EC%A2%85%EC%9B%90.docx'),(164,'프랑스식 테이블 세팅',17,NULL,NULL,NULL,21,'https://storage.cloud.google.com/circleup-bucket/%EB%8B%B9%EC%8B%A0%EB%8F%84%20%EB%90%A0%20%EC%88%98%20%EC%9E%88%EB%8B%A4%20%EB%B0%B1%EC%A2%85%EC%9B%90.docx'),(165,'프랑스식 홈 파티 준비',18,NULL,NULL,NULL,21,'https://storage.cloud.google.com/circleup-bucket/curriculum_165_doc.doc'),(166,'기본 도구 소개',1,NULL,NULL,NULL,22,'https://storage.cloud.google.com/circleup-bucket/curriculum_166_doc.doc'),(167,'기초 선 연습',2,NULL,NULL,NULL,22,'https://storage.cloud.google.com/circleup-bucket/curriculum_167_doc.doc'),(168,'알파벳 쓰기',3,NULL,NULL,NULL,22,'https://storage.cloud.google.com/circleup-bucket/curriculum_168_doc.doc'),(169,'숫자 쓰기',4,NULL,NULL,NULL,22,'https://storage.cloud.google.com/circleup-bucket/curriculum_169_doc.doc'),(170,'단어 구성',5,NULL,NULL,NULL,22,'https://storage.cloud.google.com/circleup-bucket/curriculum_170_doc.doc'),(171,'문장 구성',6,NULL,NULL,NULL,22,'https://storage.cloud.google.com/circleup-bucket/curriculum_171_doc.doc'),(172,'다양한 글씨체 연습',7,NULL,NULL,NULL,22,'https://storage.cloud.google.com/circleup-bucket/curriculum_172_doc.doc'),(173,'장식 기법',8,NULL,NULL,NULL,22,'https://storage.cloud.google.com/circleup-bucket/curriculum_173_doc.doc'),(174,'레이아웃 디자인',9,NULL,NULL,NULL,22,'https://storage.cloud.google.com/circleup-bucket/curriculum_174_doc.doc'),(175,'색상 활용',10,NULL,NULL,NULL,22,'https://storage.cloud.google.com/circleup-bucket/curriculum_175_doc.doc'),(176,'작품 구상',11,NULL,NULL,NULL,22,'https://storage.cloud.google.com/circleup-bucket/curriculum_176_doc.doc'),(177,'미니 프로젝트',12,NULL,NULL,NULL,22,'https://storage.cloud.google.com/circleup-bucket/curriculum_177_doc.doc'),(178,'대형 작품 제작',13,NULL,NULL,NULL,22,'https://storage.cloud.google.com/circleup-bucket/curriculum_178_doc.doc'),(179,'디지털 캘리그라피 소개',14,NULL,NULL,NULL,22,'https://storage.cloud.google.com/circleup-bucket/curriculum_179_doc.doc'),(180,'아트 저널 만들기',15,NULL,NULL,NULL,22,'https://storage.cloud.google.com/circleup-bucket/curriculum_180_doc.doc'),(181,'작품 전시회 준비',16,NULL,NULL,NULL,22,'https://storage.cloud.google.com/circleup-bucket/curriculum_181_doc.doc'),(182,'가드닝 기초',1,NULL,NULL,NULL,23,'https://storage.cloud.google.com/circleup-bucket/curriculum_182_doc.doc'),(183,'실내 식물 관리',2,NULL,NULL,NULL,23,'https://storage.cloud.google.com/circleup-bucket/curriculum_183_doc.doc'),(184,'허브 가꾸기',3,NULL,NULL,NULL,23,'https://storage.cloud.google.com/circleup-bucket/curriculum_184_doc.doc'),(185,'채소 재배',4,NULL,NULL,NULL,23,'https://storage.cloud.google.com/circleup-bucket/curriculum_185_doc.doc'),(186,'화분 선택과 배치',5,NULL,NULL,NULL,23,'https://storage.cloud.google.com/circleup-bucket/curriculum_186_doc.doc'),(187,'토양 관리',6,NULL,NULL,NULL,23,'https://storage.cloud.google.com/circleup-bucket/curriculum_187_doc.doc'),(188,'식물 번식법',7,NULL,NULL,NULL,23,'https://storage.cloud.google.com/circleup-bucket/curriculum_188_doc.doc'),(189,'병해충 관리',8,NULL,NULL,NULL,23,'https://storage.cloud.google.com/circleup-bucket/curriculum_189_doc.doc'),(190,'계절별 가드닝',9,NULL,NULL,NULL,23,'https://storage.cloud.google.com/circleup-bucket/curriculum_190_doc.doc'),(191,'수경 재배',10,NULL,NULL,NULL,23,'https://storage.cloud.google.com/circleup-bucket/curriculum_191_doc.doc'),(192,'테라리움 만들기',11,NULL,NULL,NULL,23,'https://storage.cloud.google.com/circleup-bucket/curriculum_192_doc.doc'),(193,'가드닝 도구 사용법',12,NULL,NULL,NULL,23,'https://storage.cloud.google.com/circleup-bucket/curriculum_193_doc.doc'),(194,'조경 기초',13,NULL,NULL,NULL,23,'https://storage.cloud.google.com/circleup-bucket/curriculum_194_doc.doc'),(195,'실내 정원 디자인',14,NULL,NULL,NULL,23,'https://storage.cloud.google.com/circleup-bucket/curriculum_195_doc.doc'),(196,'베란다 가드닝',15,NULL,NULL,NULL,23,'https://storage.cloud.google.com/circleup-bucket/curriculum_196_doc.doc'),(197,'친환경 가드닝',16,NULL,NULL,NULL,23,'https://storage.cloud.google.com/circleup-bucket/curriculum_197_doc.doc'),(198,'정원 디자인 프로젝트',17,NULL,NULL,NULL,23,'https://storage.cloud.google.com/circleup-bucket/curriculum_198_doc.doc'),(199,'기타 기초와 자세',1,NULL,NULL,NULL,24,'https://storage.cloud.google.com/circleup-bucket/curriculum_199_doc.doc'),(200,'코드 연습',2,NULL,NULL,NULL,24,'https://storage.cloud.google.com/circleup-bucket/curriculum_200_doc.doc'),(201,'핑거피킹',3,NULL,NULL,NULL,24,'https://storage.cloud.google.com/circleup-bucket/curriculum_201_doc.doc'),(202,'스트럼 패턴',4,NULL,NULL,NULL,24,'https://storage.cloud.google.com/circleup-bucket/curriculum_202_doc.doc'),(203,'음계와 화성학 기초',5,NULL,NULL,NULL,24,'https://storage.cloud.google.com/circleup-bucket/curriculum_203_doc.doc'),(204,'리듬 연습',6,NULL,NULL,NULL,24,'https://storage.cloud.google.com/circleup-bucket/curriculum_204_doc.doc'),(205,'곡 해석과 표현',7,NULL,NULL,NULL,24,'https://storage.cloud.google.com/circleup-bucket/curriculum_205_doc.doc'),(206,'클래식 기타 레퍼토리',8,NULL,NULL,NULL,24,'https://storage.cloud.google.com/circleup-bucket/curriculum_206_doc.doc'),(207,'앙상블 연주',9,NULL,NULL,NULL,24,'https://storage.cloud.google.com/circleup-bucket/curriculum_207_doc.doc'),(208,'즉흥 연주 기초',10,NULL,NULL,NULL,24,'https://storage.cloud.google.com/circleup-bucket/curriculum_208_doc.doc'),(209,'공연 준비',11,NULL,NULL,NULL,24,'https://storage.cloud.google.com/circleup-bucket/curriculum_209_doc.doc'),(210,'솔로 연주 발표회',12,NULL,NULL,NULL,24,'https://storage.cloud.google.com/circleup-bucket/curriculum_210_doc.doc'),(211,'비누 제작 기초',1,NULL,NULL,NULL,25,'https://storage.cloud.google.com/circleup-bucket/curriculum_211_doc.doc'),(212,'오일 선택법',2,NULL,NULL,NULL,25,'https://storage.cloud.google.com/circleup-bucket/curriculum_212_doc.doc'),(213,'색상과 향 첨가',3,NULL,NULL,NULL,25,'https://storage.cloud.google.com/circleup-bucket/curriculum_213_doc.doc'),(214,'몰드 사용법',4,NULL,NULL,NULL,25,'https://storage.cloud.google.com/circleup-bucket/curriculum_214_doc.doc'),(215,'CP 비누 만들기',5,NULL,NULL,NULL,25,'https://storage.cloud.google.com/circleup-bucket/curriculum_215_doc.doc'),(216,'MP 비누 만들기',6,NULL,NULL,NULL,25,'https://storage.cloud.google.com/circleup-bucket/curriculum_216_doc.doc'),(217,'리배치 비누 만들기',7,NULL,NULL,NULL,25,'https://storage.cloud.google.com/circleup-bucket/curriculum_217_doc.doc'),(218,'층 비누 만들기',8,NULL,NULL,NULL,25,'https://storage.cloud.google.com/circleup-bucket/curriculum_218_doc.doc'),(219,'스월 비누 만들기',9,NULL,NULL,NULL,25,'https://storage.cloud.google.com/circleup-bucket/curriculum_219_doc.doc'),(220,'허브 비누 만들기',10,NULL,NULL,NULL,25,'https://storage.cloud.google.com/circleup-bucket/curriculum_220_doc.doc'),(221,'밀크 비누 만들기',11,NULL,NULL,NULL,25,'https://storage.cloud.google.com/circleup-bucket/curriculum_221_doc.doc'),(222,'글리세린 비누 만들기',12,NULL,NULL,NULL,25,'https://storage.cloud.google.com/circleup-bucket/curriculum_222_doc.doc'),(223,'숙성과 커팅',13,NULL,NULL,NULL,25,'https://storage.cloud.google.com/circleup-bucket/curriculum_223_doc.doc'),(224,'포장과 라벨링',14,NULL,NULL,NULL,25,'https://storage.cloud.google.com/circleup-bucket/curriculum_224_doc.doc'),(225,'천연 착색제 사용',15,NULL,NULL,NULL,25,'https://storage.cloud.google.com/circleup-bucket/curriculum_225_doc.doc'),(226,'에센셜 오일 블렌딩',16,NULL,NULL,NULL,25,'https://storage.cloud.google.com/circleup-bucket/curriculum_226_doc.doc'),(227,'특수 효과 비누 만들기',17,NULL,NULL,NULL,25,'https://storage.cloud.google.com/circleup-bucket/curriculum_227_doc.doc'),(228,'비누 품질 테스트',18,NULL,NULL,NULL,25,'https://storage.cloud.google.com/circleup-bucket/curriculum_228_doc.doc'),(229,'고급 기법 활용 작품 만들기',19,NULL,NULL,NULL,25,'https://storage.cloud.google.com/circleup-bucket/curriculum_229_doc.doc'),(230,'점토 다루기',1,NULL,NULL,NULL,26,'https://storage.cloud.google.com/circleup-bucket/curriculum_230_doc.doc'),(231,'성형 기법',2,NULL,NULL,NULL,26,'https://storage.cloud.google.com/circleup-bucket/curriculum_231_doc.doc'),(232,'유약 기초',3,NULL,NULL,NULL,26,'https://storage.cloud.google.com/circleup-bucket/curriculum_232_doc.doc'),(233,'물레 기초',4,NULL,NULL,NULL,26,'https://storage.cloud.google.com/circleup-bucket/curriculum_233_doc.doc'),(234,'코일링 기법',5,NULL,NULL,NULL,26,'https://storage.cloud.google.com/circleup-bucket/curriculum_234_doc.doc'),(235,'판 작업',6,NULL,NULL,NULL,26,'https://storage.cloud.google.com/circleup-bucket/curriculum_235_doc.doc'),(236,'핀칭 기법',7,NULL,NULL,NULL,26,'https://storage.cloud.google.com/circleup-bucket/curriculum_236_doc.doc'),(237,'텍스처 표현',8,NULL,NULL,NULL,26,'https://storage.cloud.google.com/circleup-bucket/curriculum_237_doc.doc'),(238,'장식 기법',9,NULL,NULL,NULL,26,'https://storage.cloud.google.com/circleup-bucket/curriculum_238_doc.doc'),(239,'석고 몰드 제작',10,NULL,NULL,NULL,26,'https://storage.cloud.google.com/circleup-bucket/curriculum_239_doc.doc'),(240,'캐스팅 기법',11,NULL,NULL,NULL,26,'https://storage.cloud.google.com/circleup-bucket/curriculum_240_doc.doc'),(241,'재벌구이',12,NULL,NULL,NULL,26,'https://storage.cloud.google.com/circleup-bucket/curriculum_241_doc.doc'),(242,'유약 활용',13,NULL,NULL,NULL,26,'https://storage.cloud.google.com/circleup-bucket/curriculum_242_doc.doc'),(243,'환원 소성',14,NULL,NULL,NULL,26,'https://storage.cloud.google.com/circleup-bucket/curriculum_243_doc.doc'),(244,'라쿠 기법',15,NULL,NULL,NULL,26,'https://storage.cloud.google.com/circleup-bucket/curriculum_244_doc.doc'),(245,'대형 작품 제작',16,NULL,NULL,NULL,26,'https://storage.cloud.google.com/circleup-bucket/curriculum_245_doc.doc'),(246,'도예 디자인',17,NULL,NULL,NULL,26,'https://storage.cloud.google.com/circleup-bucket/curriculum_246_doc.doc'),(247,'작품 건조와 시유',18,NULL,NULL,NULL,26,'https://storage.cloud.google.com/circleup-bucket/curriculum_247_doc.doc'),(248,'가마 운영',19,NULL,NULL,NULL,26,'https://storage.cloud.google.com/circleup-bucket/curriculum_248_doc.doc'),(249,'개인 작품 전시회',20,NULL,NULL,NULL,26,'https://storage.cloud.google.com/circleup-bucket/curriculum_249_doc.doc'),(250,'요가 기본 자세',2,NULL,NULL,NULL,27,'https://storage.cloud.google.com/circleup-bucket/curriculum_250_doc.doc'),(251,'호흡법',3,NULL,NULL,NULL,27,'https://storage.cloud.google.com/circleup-bucket/curriculum_251_doc.doc'),(252,'명상 기초',4,NULL,NULL,NULL,27,'https://storage.cloud.google.com/circleup-bucket/curriculum_252_doc.doc'),(253,'아사나 연습',5,NULL,NULL,NULL,27,'https://storage.cloud.google.com/circleup-bucket/curriculum_253_doc.doc'),(254,'요가 철학',6,NULL,NULL,NULL,27,'https://storage.cloud.google.com/circleup-bucket/curriculum_254_doc.doc'),(255,'차크라와 에너지',7,NULL,NULL,NULL,27,'https://storage.cloud.google.com/circleup-bucket/curriculum_255_doc.doc'),(256,'요가와 명상 일상화',1,NULL,NULL,NULL,27,'https://storage.cloud.google.com/circleup-bucket/curriculum_256_doc.doc'),(257,'와인 기초 지식',1,NULL,NULL,NULL,28,'https://storage.cloud.google.com/circleup-bucket/curriculum_257_doc.doc'),(258,'화이트 와인',2,NULL,NULL,NULL,28,'https://storage.cloud.google.com/circleup-bucket/curriculum_258_doc.doc'),(259,'레드 와인',3,NULL,NULL,NULL,28,'https://storage.cloud.google.com/circleup-bucket/curriculum_259_doc.doc'),(260,'스파클링 와인',4,NULL,NULL,NULL,28,'https://storage.cloud.google.com/circleup-bucket/curriculum_260_doc.doc'),(261,'로제 와인',5,NULL,NULL,NULL,28,'https://storage.cloud.google.com/circleup-bucket/curriculum_261_doc.doc'),(262,'디저트 와인',6,NULL,NULL,NULL,28,'https://storage.cloud.google.com/circleup-bucket/curriculum_262_doc.doc'),(263,'와인 지역과 품종',7,NULL,NULL,NULL,28,'https://storage.cloud.google.com/circleup-bucket/curriculum_263_doc.doc'),(264,'와인 라벨 읽기',8,NULL,NULL,NULL,28,'https://storage.cloud.google.com/circleup-bucket/curriculum_264_doc.doc'),(265,'와인 보관법',9,NULL,NULL,NULL,28,'https://storage.cloud.google.com/circleup-bucket/curriculum_265_doc.doc'),(266,'와인 서빙 온도',10,NULL,NULL,NULL,28,'https://storage.cloud.google.com/circleup-bucket/curriculum_266_doc.doc'),(267,'와인 잔 선택',11,NULL,NULL,NULL,28,'https://storage.cloud.google.com/circleup-bucket/curriculum_267_doc.doc'),(268,'디캔팅',12,NULL,NULL,NULL,28,'https://storage.cloud.google.com/circleup-bucket/curriculum_268_doc.doc'),(269,'와인 평가 방법',13,NULL,NULL,NULL,28,'https://storage.cloud.google.com/circleup-bucket/curriculum_269_doc.doc'),(270,'와인 용어',14,NULL,NULL,NULL,28,'https://storage.cloud.google.com/circleup-bucket/curriculum_270_doc.doc'),(271,'빈티지의 중요성',15,NULL,NULL,NULL,28,'https://storage.cloud.google.com/circleup-bucket/curriculum_271_doc.doc'),(272,'와인과 치즈 페어링',16,NULL,NULL,NULL,28,'https://storage.cloud.google.com/circleup-bucket/curriculum_272_doc.doc'),(273,'와인 와인과 치즈 페어링',17,NULL,NULL,NULL,28,'https://storage.cloud.google.com/circleup-bucket/curriculum_273_doc.doc'),(274,'와인 에티켓',18,NULL,NULL,NULL,28,'https://storage.cloud.google.com/circleup-bucket/curriculum_274_doc.doc'),(275,'와인 테이스팅 노트 작성',19,NULL,NULL,NULL,28,'https://storage.cloud.google.com/circleup-bucket/curriculum_275_doc.doc'),(276,'와인과 음식 페어링',20,NULL,NULL,NULL,28,'https://storage.cloud.google.com/circleup-bucket/curriculum_276_doc.doc'),(277,'기본 뜨기',1,NULL,NULL,NULL,29,'https://storage.cloud.google.com/circleup-bucket/curriculum_277_doc.doc'),(278,'도안 읽기',2,NULL,NULL,NULL,29,'https://storage.cloud.google.com/circleup-bucket/curriculum_278_doc.doc'),(279,'소품 만들기',3,NULL,NULL,NULL,29,'https://storage.cloud.google.com/circleup-bucket/curriculum_279_doc.doc'),(280,'코바늘 기초',4,NULL,NULL,NULL,29,'https://storage.cloud.google.com/circleup-bucket/curriculum_280_doc.doc'),(281,'대바늘 기초',5,NULL,NULL,NULL,29,'https://storage.cloud.google.com/circleup-bucket/curriculum_281_doc.doc'),(282,'게이지 맞추기',6,NULL,NULL,NULL,29,'https://storage.cloud.google.com/circleup-bucket/curriculum_282_doc.doc'),(283,'색상 변경',7,NULL,NULL,NULL,29,'https://storage.cloud.google.com/circleup-bucket/curriculum_283_doc.doc'),(284,'모티브 뜨기',8,NULL,NULL,NULL,29,'https://storage.cloud.google.com/circleup-bucket/curriculum_284_doc.doc'),(285,'블록 뜨기',9,NULL,NULL,NULL,29,'https://storage.cloud.google.com/circleup-bucket/curriculum_285_doc.doc'),(286,'엣지 처리',10,NULL,NULL,NULL,29,'https://storage.cloud.google.com/circleup-bucket/curriculum_286_doc.doc'),(287,'장식 기법',11,NULL,NULL,NULL,29,'https://storage.cloud.google.com/circleup-bucket/curriculum_287_doc.doc'),(288,'아플리케 기법',12,NULL,NULL,NULL,29,'https://storage.cloud.google.com/circleup-bucket/curriculum_288_doc.doc'),(289,'스웨터 완성하기',13,NULL,NULL,NULL,29,'https://storage.cloud.google.com/circleup-bucket/curriculum_289_doc.doc'),(290,'얼굴 비율',1,NULL,NULL,NULL,30,'https://storage.cloud.google.com/circleup-bucket/curriculum_290_doc.doc'),(291,'눈 그리기',2,NULL,NULL,NULL,30,'https://storage.cloud.google.com/circleup-bucket/curriculum_291_doc.doc'),(292,'코와 입 그리기',3,NULL,NULL,NULL,30,'https://storage.cloud.google.com/circleup-bucket/curriculum_292_doc.doc'),(293,'귀 그리기',4,NULL,NULL,NULL,30,'https://storage.cloud.google.com/circleup-bucket/curriculum_293_doc.doc'),(294,'헤어스타일 표현',5,NULL,NULL,NULL,30,'https://storage.cloud.google.com/circleup-bucket/curriculum_294_doc.doc'),(295,'표정 그리기',6,NULL,NULL,NULL,30,'https://storage.cloud.google.com/circleup-bucket/curriculum_295_doc.doc'),(296,'다양한 각도의 얼굴',7,NULL,NULL,NULL,30,'https://storage.cloud.google.com/circleup-bucket/curriculum_296_doc.doc'),(297,'전신 비율',8,NULL,NULL,NULL,30,'https://storage.cloud.google.com/circleup-bucket/curriculum_297_doc.doc'),(298,'손과 발 그리기',9,NULL,NULL,NULL,30,'https://storage.cloud.google.com/circleup-bucket/curriculum_298_doc.doc'),(299,'의상 표현',10,NULL,NULL,NULL,30,'https://storage.cloud.google.com/circleup-bucket/curriculum_299_doc.doc'),(300,'포즈 잡기',11,NULL,NULL,NULL,30,'https://storage.cloud.google.com/circleup-bucket/curriculum_300_doc.doc'),(301,'그림자와 명암',12,NULL,NULL,NULL,30,'https://storage.cloud.google.com/circleup-bucket/curriculum_301_doc.doc'),(302,'전신 인물화 완성',13,NULL,NULL,NULL,30,'https://storage.cloud.google.com/circleup-bucket/curriculum_302_doc.doc'),(303,'공간 구성 기초',1,NULL,NULL,NULL,31,'https://storage.cloud.google.com/circleup-bucket/curriculum_303_doc.doc'),(304,'색채 이론',2,NULL,NULL,NULL,31,'https://storage.cloud.google.com/circleup-bucket/curriculum_304_doc.doc'),(305,'가구 배치',3,NULL,NULL,NULL,31,'https://storage.cloud.google.com/circleup-bucket/curriculum_305_doc.doc'),(306,'조명 디자인',4,NULL,NULL,NULL,31,'https://storage.cloud.google.com/circleup-bucket/curriculum_306_doc.doc'),(307,'텍스타일 선택',5,NULL,NULL,NULL,31,'https://storage.cloud.google.com/circleup-bucket/curriculum_307_doc.doc'),(308,'벽면 장식',6,NULL,NULL,NULL,31,'https://storage.cloud.google.com/circleup-bucket/curriculum_308_doc.doc'),(309,'수납 솔루션',7,NULL,NULL,NULL,31,'https://storage.cloud.google.com/circleup-bucket/curriculum_309_doc.doc'),(310,'소품 스타일링',8,NULL,NULL,NULL,31,'https://storage.cloud.google.com/circleup-bucket/curriculum_310_doc.doc'),(311,'공간별 인테리어',9,NULL,NULL,NULL,31,'https://storage.cloud.google.com/circleup-bucket/curriculum_311_doc.doc'),(312,'개인 프로젝트 발표',10,NULL,NULL,NULL,31,'https://storage.cloud.google.com/circleup-bucket/curriculum_312_doc.doc'),(313,'재즈 화성 이론',1,NULL,NULL,NULL,32,'https://storage.cloud.google.com/circleup-bucket/curriculum_313_doc.doc'),(314,'즉흥 연주 기초',2,NULL,NULL,NULL,32,'https://storage.cloud.google.com/circleup-bucket/curriculum_314_doc.doc'),(315,'리듬 연습',3,NULL,NULL,NULL,32,'https://storage.cloud.google.com/circleup-bucket/curriculum_315_doc.doc'),(316,'코드 보이싱',4,NULL,NULL,NULL,32,'https://storage.cloud.google.com/circleup-bucket/curriculum_316_doc.doc'),(317,'스케일 연습',5,NULL,NULL,NULL,32,'https://storage.cloud.google.com/circleup-bucket/curriculum_317_doc.doc'),(318,'왼손 컴핑',6,NULL,NULL,NULL,32,'https://storage.cloud.google.com/circleup-bucket/curriculum_318_doc.doc'),(319,'멜로디 즉흥 연주',7,NULL,NULL,NULL,32,'https://storage.cloud.google.com/circleup-bucket/curriculum_319_doc.doc'),(320,'블루스 피아노',8,NULL,NULL,NULL,32,'https://storage.cloud.google.com/circleup-bucket/curriculum_320_doc.doc'),(321,'스윙 리듬',9,NULL,NULL,NULL,32,'https://storage.cloud.google.com/circleup-bucket/curriculum_321_doc.doc'),(322,'발라드 연주법',10,NULL,NULL,NULL,32,'https://storage.cloud.google.com/circleup-bucket/curriculum_322_doc.doc'),(323,'라틴 재즈',11,NULL,NULL,NULL,32,'https://storage.cloud.google.com/circleup-bucket/curriculum_323_doc.doc'),(324,'모던 재즈',12,NULL,NULL,NULL,32,'https://storage.cloud.google.com/circleup-bucket/curriculum_324_doc.doc'),(325,'재즈 트리오 연주',13,NULL,NULL,NULL,32,'https://storage.cloud.google.com/circleup-bucket/curriculum_325_doc.doc'),(326,'원음 악보 해석',14,NULL,NULL,NULL,32,'https://storage.cloud.google.com/circleup-bucket/curriculum_326_doc.doc'),(327,'리하모니제이션',15,NULL,NULL,NULL,32,'https://storage.cloud.google.com/circleup-bucket/curriculum_327_doc.doc'),(328,'고급 즉흥 연주 기법',16,NULL,NULL,NULL,32,'https://storage.cloud.google.com/circleup-bucket/curriculum_328_doc.doc'),(329,'재즈 스탠다드 연주회',17,NULL,NULL,NULL,32,'https://storage.cloud.google.com/circleup-bucket/curriculum_329_doc.doc'),(330,'목공 기초',1,NULL,NULL,NULL,33,'https://storage.cloud.google.com/circleup-bucket/curriculum_330_doc.doc'),(331,'설계와 측정',2,NULL,NULL,NULL,33,'https://storage.cloud.google.com/circleup-bucket/curriculum_331_doc.doc'),(332,'목재 선택',3,NULL,NULL,NULL,33,'https://storage.cloud.google.com/circleup-bucket/curriculum_332_doc.doc'),(333,'기본 도구 사용법',4,NULL,NULL,NULL,33,'https://storage.cloud.google.com/circleup-bucket/curriculum_333_doc.doc'),(334,'조인트 기법',5,NULL,NULL,NULL,33,'https://storage.cloud.google.com/circleup-bucket/curriculum_334_doc.doc'),(335,'표면 처리',6,NULL,NULL,NULL,33,'https://storage.cloud.google.com/circleup-bucket/curriculum_335_doc.doc'),(336,'소형 가구 제작',7,NULL,NULL,NULL,33,'https://storage.cloud.google.com/circleup-bucket/curriculum_336_doc.doc'),(337,'서랍 만들기',8,NULL,NULL,NULL,33,'https://storage.cloud.google.com/circleup-bucket/curriculum_337_doc.doc'),(338,'도어 제작',9,NULL,NULL,NULL,33,'https://storage.cloud.google.com/circleup-bucket/curriculum_338_doc.doc'),(339,'목재 선반 만들기',10,NULL,NULL,NULL,33,'https://storage.cloud.google.com/circleup-bucket/curriculum_339_doc.doc'),(340,'의자 제작',11,NULL,NULL,NULL,33,'https://storage.cloud.google.com/circleup-bucket/curriculum_340_doc.doc'),(341,'테이블 제작',12,NULL,NULL,NULL,33,'https://storage.cloud.google.com/circleup-bucket/curriculum_341_doc.doc'),(342,'대형 가구 제작 완성',13,NULL,NULL,NULL,33,'https://storage.cloud.google.com/circleup-bucket/curriculum_342_doc.doc'),(343,'자수 도구 소개',1,NULL,NULL,NULL,34,'https://storage.cloud.google.com/circleup-bucket/curriculum_343_doc.doc'),(344,'기본 스티치',2,NULL,NULL,NULL,34,'https://storage.cloud.google.com/circleup-bucket/curriculum_344_doc.doc'),(345,'전통 문양',3,NULL,NULL,NULL,34,'https://storage.cloud.google.com/circleup-bucket/curriculum_345_doc.doc'),(346,'자수실 선택',4,NULL,NULL,NULL,34,'https://storage.cloud.google.com/circleup-bucket/curriculum_346_doc.doc'),(347,'색상 배합',5,NULL,NULL,NULL,34,'https://storage.cloud.google.com/circleup-bucket/curriculum_347_doc.doc'),(348,'프랑스 자수 기법',6,NULL,NULL,NULL,34,'https://storage.cloud.google.com/circleup-bucket/curriculum_348_doc.doc'),(349,'십자수 기법',7,NULL,NULL,NULL,34,'https://storage.cloud.google.com/circleup-bucket/curriculum_349_doc.doc'),(350,'리본 자수',8,NULL,NULL,NULL,34,'https://storage.cloud.google.com/circleup-bucket/curriculum_350_doc.doc'),(351,'비즈 자수',9,NULL,NULL,NULL,34,'https://storage.cloud.google.com/circleup-bucket/curriculum_351_doc.doc'),(352,'풍경 자수',10,NULL,NULL,NULL,34,'https://storage.cloud.google.com/circleup-bucket/curriculum_352_doc.doc'),(353,'초상화 자수',11,NULL,NULL,NULL,34,'https://storage.cloud.google.com/circleup-bucket/curriculum_353_doc.doc'),(354,'전통 의상 자수',12,NULL,NULL,NULL,34,'https://storage.cloud.google.com/circleup-bucket/curriculum_354_doc.doc'),(355,'보자기 자수',13,NULL,NULL,NULL,34,'https://storage.cloud.google.com/circleup-bucket/curriculum_355_doc.doc'),(356,'생활 소품 자수',14,NULL,NULL,NULL,34,'https://storage.cloud.google.com/circleup-bucket/curriculum_356_doc.doc'),(357,'자수 액자 제작',15,NULL,NULL,NULL,34,'https://storage.cloud.google.com/circleup-bucket/curriculum_357_doc.doc'),(358,'자수 가방 만들기',16,NULL,NULL,NULL,34,'https://storage.cloud.google.com/circleup-bucket/curriculum_358_doc.doc'),(359,'자수 손수건 제작',17,NULL,NULL,NULL,34,'https://storage.cloud.google.com/circleup-bucket/curriculum_359_doc.doc'),(360,'대형 작품 제작',18,NULL,NULL,NULL,34,'https://storage.cloud.google.com/circleup-bucket/curriculum_360_doc.doc'),(361,'자수 작품 전시회',19,NULL,NULL,NULL,34,'https://storage.cloud.google.com/circleup-bucket/curriculum_361_doc.doc'),(362,'베이킹의 과학적 원리',1,NULL,NULL,NULL,35,'https://storage.cloud.google.com/circleup-bucket/curriculum_362_doc.doc'),(363,'밀가루의 종류와 특성',2,NULL,NULL,NULL,35,'https://storage.cloud.google.com/circleup-bucket/curriculum_363_doc.doc'),(364,'이스트와 발효',3,NULL,NULL,NULL,35,'https://storage.cloud.google.com/circleup-bucket/curriculum_364_doc.doc'),(365,'버터의 역할',4,NULL,NULL,NULL,35,'https://storage.cloud.google.com/circleup-bucket/curriculum_365_doc.doc'),(366,'설탕의 기능',5,NULL,NULL,NULL,35,'https://storage.cloud.google.com/circleup-bucket/curriculum_366_doc.doc'),(367,'달걀의 역할',6,NULL,NULL,NULL,35,'https://storage.cloud.google.com/circleup-bucket/curriculum_367_doc.doc'),(368,'베이킹 온도와 시간',7,NULL,NULL,NULL,35,'https://storage.cloud.google.com/circleup-bucket/curriculum_368_doc.doc'),(369,'반죽 기술',8,NULL,NULL,NULL,35,'https://storage.cloud.google.com/circleup-bucket/curriculum_369_doc.doc'),(370,'빵 만들기 기초',9,NULL,NULL,NULL,35,'https://storage.cloud.google.com/circleup-bucket/curriculum_370_doc.doc'),(371,'케이크 베이킹',10,NULL,NULL,NULL,35,'https://storage.cloud.google.com/circleup-bucket/curriculum_371_doc.doc'),(372,'쿠키 만들기',11,NULL,NULL,NULL,35,'https://storage.cloud.google.com/circleup-bucket/curriculum_372_doc.doc'),(373,'파이와 타르트',12,NULL,NULL,NULL,35,'https://storage.cloud.google.com/circleup-bucket/curriculum_373_doc.doc'),(374,'초콜릿 템퍼링',13,NULL,NULL,NULL,35,'https://storage.cloud.google.com/circleup-bucket/curriculum_374_doc.doc'),(375,'장식 기법',14,NULL,NULL,NULL,35,'https://storage.cloud.google.com/circleup-bucket/curriculum_375_doc.doc'),(376,'글루텐 프리 베이킹',15,NULL,NULL,NULL,35,'https://storage.cloud.google.com/circleup-bucket/curriculum_376_doc.doc'),(377,'창작 베이킹 레시피 발표',16,NULL,NULL,NULL,35,'https://storage.cloud.google.com/circleup-bucket/curriculum_377_doc.doc'),(378,'스마트폰 카메라 기능',1,NULL,NULL,NULL,36,'https://storage.cloud.google.com/circleup-bucket/curriculum_378_doc.doc'),(379,'구도 잡기',2,NULL,NULL,NULL,36,'https://storage.cloud.google.com/circleup-bucket/curriculum_379_doc.doc'),(380,'빛 활용하기',3,NULL,NULL,NULL,36,'https://storage.cloud.google.com/circleup-bucket/curriculum_380_doc.doc'),(381,'인물 사진 촬영',4,NULL,NULL,NULL,36,'https://storage.cloud.google.com/circleup-bucket/curriculum_381_doc.doc'),(382,'풍경 사진 촬영',5,NULL,NULL,NULL,36,'https://storage.cloud.google.com/circleup-bucket/curriculum_382_doc.doc'),(383,'접사 촬영',6,NULL,NULL,NULL,36,'https://storage.cloud.google.com/circleup-bucket/curriculum_383_doc.doc'),(384,'야간 촬영',7,NULL,NULL,NULL,36,'https://storage.cloud.google.com/circleup-bucket/curriculum_384_doc.doc'),(385,'동작 촬영',8,NULL,NULL,NULL,36,'https://storage.cloud.google.com/circleup-bucket/curriculum_385_doc.doc'),(386,'HDR 활용',9,NULL,NULL,NULL,36,'https://storage.cloud.google.com/circleup-bucket/curriculum_386_doc.doc'),(387,'파노라마 촬영',10,NULL,NULL,NULL,36,'https://storage.cloud.google.com/circleup-bucket/curriculum_387_doc.doc'),(388,'타임랩스 촬영',11,NULL,NULL,NULL,36,'https://storage.cloud.google.com/circleup-bucket/curriculum_388_doc.doc'),(389,'모바일 편집 앱 활용',12,NULL,NULL,NULL,36,'https://storage.cloud.google.com/circleup-bucket/curriculum_389_doc.doc'),(390,'필터와 효과',13,NULL,NULL,NULL,36,'https://storage.cloud.google.com/circleup-bucket/curriculum_390_doc.doc'),(391,'SNS 최적화 촬영',14,NULL,NULL,NULL,36,'https://storage.cloud.google.com/circleup-bucket/curriculum_391_doc.doc'),(392,'스마트폰 영상 촬영',15,NULL,NULL,NULL,36,'https://storage.cloud.google.com/circleup-bucket/curriculum_392_doc.doc'),(393,'스마트폰 사진전 준비',16,NULL,NULL,NULL,36,'https://storage.cloud.google.com/circleup-bucket/curriculum_393_doc.doc'),(394,'꽃 다루기 기초',1,NULL,NULL,NULL,37,'https://storage.cloud.google.com/circleup-bucket/curriculum_394_doc.doc'),(395,'꽃꽂이 기본형',2,NULL,NULL,NULL,37,'https://storage.cloud.google.com/circleup-bucket/curriculum_395_doc.doc'),(396,'테이블 장식',3,NULL,NULL,NULL,37,'https://storage.cloud.google.com/circleup-bucket/curriculum_396_doc.doc'),(397,'부케 만들기',4,NULL,NULL,NULL,37,'https://storage.cloud.google.com/circleup-bucket/curriculum_397_doc.doc'),(398,'리스 제작',5,NULL,NULL,NULL,37,'https://storage.cloud.google.com/circleup-bucket/curriculum_398_doc.doc'),(399,'코사지 만들기',6,NULL,NULL,NULL,37,'https://storage.cloud.google.com/circleup-bucket/curriculum_399_doc.doc'),(400,'센터피스 디자인',7,NULL,NULL,NULL,37,'https://storage.cloud.google.com/circleup-bucket/curriculum_400_doc.doc'),(401,'웨딩 부케 만들기',8,NULL,NULL,NULL,37,'https://storage.cloud.google.com/circleup-bucket/curriculum_401_doc.doc'),(402,'클래식 음악의 역사',1,NULL,NULL,NULL,38,'https://storage.cloud.google.com/circleup-bucket/curriculum_402_doc.doc'),(403,'바로크 음악',2,NULL,NULL,NULL,38,'https://storage.cloud.google.com/circleup-bucket/curriculum_403_doc.doc'),(404,'고전주의 음악',3,NULL,NULL,NULL,38,'https://storage.cloud.google.com/circleup-bucket/curriculum_404_doc.doc'),(405,'낭만주의 음악',4,NULL,NULL,NULL,38,'https://storage.cloud.google.com/circleup-bucket/curriculum_405_doc.doc'),(406,'근대 음악',5,NULL,NULL,NULL,38,'https://storage.cloud.google.com/circleup-bucket/curriculum_406_doc.doc'),(407,'현대 음악',6,NULL,NULL,NULL,38,'https://storage.cloud.google.com/circleup-bucket/curriculum_407_doc.doc'),(408,'현대 클래식 음악 감상',7,NULL,NULL,NULL,38,'https://storage.cloud.google.com/circleup-bucket/curriculum_408_doc.doc'),(409,'커피의 역사와 종류',1,NULL,NULL,NULL,39,'https://storage.cloud.google.com/circleup-bucket/curriculum_409_doc.doc'),(410,'에스프레소 추출',2,NULL,NULL,NULL,39,'https://storage.cloud.google.com/circleup-bucket/curriculum_410_doc.doc'),(411,'우유 스티밍',3,NULL,NULL,NULL,39,'https://storage.cloud.google.com/circleup-bucket/curriculum_411_doc.doc'),(412,'카푸치노 만들기',4,NULL,NULL,NULL,39,'https://storage.cloud.google.com/circleup-bucket/curriculum_412_doc.doc'),(413,'라떼 만들기',5,NULL,NULL,NULL,39,'https://storage.cloud.google.com/circleup-bucket/curriculum_413_doc.doc'),(414,'커피 로스팅 기초',6,NULL,NULL,NULL,39,'https://storage.cloud.google.com/circleup-bucket/curriculum_414_doc.doc'),(415,'라떼 아트 마스터',7,NULL,NULL,NULL,39,'https://storage.cloud.google.com/circleup-bucket/curriculum_415_doc.doc'),(416,'인체 비율과 포즈',1,NULL,NULL,NULL,40,'https://storage.cloud.google.com/circleup-bucket/curriculum_416_doc.doc'),(417,'의상 표현 기법',2,NULL,NULL,NULL,40,'https://storage.cloud.google.com/circleup-bucket/curriculum_417_doc.doc'),(418,'텍스처 표현',3,NULL,NULL,NULL,40,'https://storage.cloud.google.com/circleup-bucket/curriculum_418_doc.doc'),(419,'액세서리 디자인',4,NULL,NULL,NULL,40,'https://storage.cloud.google.com/circleup-bucket/curriculum_419_doc.doc'),(420,'컬러링 기법',5,NULL,NULL,NULL,40,'https://storage.cloud.google.com/circleup-bucket/curriculum_420_doc.doc'),(421,'패션 컬렉션 일러스트 완성',6,NULL,NULL,NULL,40,'https://storage.cloud.google.com/circleup-bucket/curriculum_421_doc.doc'),(422,'우쿨렐레 소개와 기본 자세',1,NULL,'https://storage.googleapis.com/circleup-bucket/bb63a824-4b49-49c6-a08b-7020c4e92b88.mp4',NULL,41,'https://storage.cloud.google.com/circleup-bucket/curriculum_422_doc.doc'),(423,'코드 연습',2,NULL,'https://storage.googleapis.com/circleup-bucket/84e5055a-c027-4ce3-8ae1-cca424f4cceb.mp4',NULL,41,'https://storage.cloud.google.com/circleup-bucket/curriculum_423_doc.doc'),(424,'스트럼 패턴',3,NULL,'https://storage.googleapis.com/circleup-bucket/923ba4b3-9d3f-4e98-bc63-e6ca3a5f5cc5.mp4',NULL,41,'https://storage.cloud.google.com/circleup-bucket/curriculum_424_doc.doc'),(425,'핑거 피킹',4,NULL,NULL,NULL,41,'https://storage.cloud.google.com/circleup-bucket/curriculum_425_doc.doc'),(426,'노래 반주하기',5,NULL,NULL,NULL,41,'https://storage.cloud.google.com/circleup-bucket/curriculum_426_doc.doc'),(427,'리듬 연습',6,NULL,NULL,NULL,41,'https://storage.cloud.google.com/circleup-bucket/curriculum_427_doc.doc'),(428,'멜로디 연주',7,NULL,NULL,NULL,41,'https://storage.cloud.google.com/circleup-bucket/curriculum_428_doc.doc'),(429,'우쿨렐레 솔로 연주',8,NULL,NULL,NULL,41,'https://storage.cloud.google.com/circleup-bucket/curriculum_429_doc.doc'),(430,'앙상블 연주',9,NULL,NULL,NULL,41,'https://storage.cloud.google.com/circleup-bucket/curriculum_430_doc.doc'),(431,'미니 콘서트 준비',10,NULL,NULL,NULL,41,'https://storage.cloud.google.com/circleup-bucket/curriculum_431_doc.doc'),(432,'재료와 도구 소개',1,NULL,NULL,NULL,42,'https://storage.cloud.google.com/circleup-bucket/curriculum_432_doc.doc'),(433,'묵법 기초',2,NULL,NULL,NULL,42,'https://storage.cloud.google.com/circleup-bucket/curriculum_433_doc.doc'),(434,'산수화 기법',3,NULL,NULL,NULL,42,'https://storage.cloud.google.com/circleup-bucket/curriculum_434_doc.doc'),(435,'사군자 그리기',4,NULL,NULL,NULL,42,'https://storage.cloud.google.com/circleup-bucket/curriculum_435_doc.doc'),(436,'인물화 기법',5,NULL,NULL,NULL,42,'https://storage.cloud.google.com/circleup-bucket/curriculum_436_doc.doc'),(437,'화조화 그리기',6,NULL,NULL,NULL,42,'https://storage.cloud.google.com/circleup-bucket/curriculum_437_doc.doc'),(438,'문인화 기법',7,NULL,NULL,NULL,42,'https://storage.cloud.google.com/circleup-bucket/curriculum_438_doc.doc'),(439,'채색화 기초',8,NULL,NULL,NULL,42,'https://storage.cloud.google.com/circleup-bucket/curriculum_439_doc.doc'),(440,'전각 기초',9,NULL,NULL,NULL,42,'https://storage.cloud.google.com/circleup-bucket/curriculum_440_doc.doc'),(441,'화선지 다루기',10,NULL,NULL,NULL,42,'https://storage.cloud.google.com/circleup-bucket/curriculum_441_doc.doc'),(442,'농담 표현',11,NULL,NULL,NULL,42,'https://storage.cloud.google.com/circleup-bucket/curriculum_442_doc.doc'),(443,'구도 잡기',12,NULL,NULL,NULL,42,'https://storage.cloud.google.com/circleup-bucket/curriculum_443_doc.doc'),(444,'여백의 미',13,NULL,NULL,NULL,42,'https://storage.cloud.google.com/circleup-bucket/curriculum_444_doc.doc'),(445,'전통 기법 현대적 해석',14,NULL,NULL,NULL,42,'https://storage.cloud.google.com/circleup-bucket/curriculum_445_doc.doc'),(446,'작품 구상',15,NULL,NULL,NULL,42,'https://storage.cloud.google.com/circleup-bucket/curriculum_446_doc.doc'),(447,'대형 작품 제작',16,NULL,NULL,NULL,42,'https://storage.cloud.google.com/circleup-bucket/curriculum_447_doc.doc'),(448,'개인 작품 전시회',17,NULL,NULL,NULL,42,'https://storage.cloud.google.com/circleup-bucket/curriculum_448_doc.doc'),(449,'가죽의 종류와 도구',1,NULL,'https://storage.googleapis.com/circleup-bucket/6e7494c2-847c-479e-a8de-ae6f382a0ada.mp4',NULL,43,'https://storage.cloud.google.com/circleup-bucket/curriculum_449_doc.doc'),(450,'재단과 바느질',2,NULL,'https://storage.googleapis.com/circleup-bucket/1b4229c1-9968-4a7d-b9eb-50b3ee4ea72c.mp4',NULL,43,'https://storage.cloud.google.com/circleup-bucket/curriculum_450_doc.doc'),(451,'염색 기법',3,NULL,'https://storage.googleapis.com/circleup-bucket/94f8e028-7522-433a-98ed-be5490dbed57.mp4',NULL,43,'https://storage.cloud.google.com/circleup-bucket/curriculum_451_doc.doc'),(452,'엠보싱 기법',4,NULL,NULL,NULL,43,'https://storage.cloud.google.com/circleup-bucket/curriculum_452_doc.doc'),(453,'카빙 기법',5,NULL,NULL,NULL,43,'https://storage.cloud.google.com/circleup-bucket/curriculum_453_doc.doc'),(454,'지갑 만들기',6,NULL,NULL,NULL,43,'https://storage.cloud.google.com/circleup-bucket/curriculum_454_doc.doc'),(455,'키홀더 제작',7,NULL,NULL,NULL,43,'https://storage.cloud.google.com/circleup-bucket/curriculum_455_doc.doc'),(456,'벨트 만들기',8,NULL,NULL,NULL,43,'https://storage.cloud.google.com/circleup-bucket/curriculum_456_doc.doc'),(457,'카드 지갑 제작',9,NULL,NULL,NULL,43,'https://storage.cloud.google.com/circleup-bucket/curriculum_457_doc.doc'),(458,'클러치 백 만들기',10,NULL,NULL,NULL,43,'https://storage.cloud.google.com/circleup-bucket/curriculum_458_doc.doc'),(459,'가죽 장식 기법',11,NULL,'https://storage.googleapis.com/circleup-bucket/723b336e-33b2-42ad-b6c8-dc9c6bc57376.mp4',NULL,43,'https://storage.cloud.google.com/circleup-bucket/curriculum_459_doc.doc'),(460,'가죽 염색 심화',12,NULL,NULL,NULL,43,'https://storage.cloud.google.com/circleup-bucket/curriculum_460_doc.doc'),(461,'가죽 가방 제작',13,NULL,NULL,NULL,43,'https://storage.cloud.google.com/circleup-bucket/curriculum_461_doc.doc'),(462,'발레 기본 자세',1,NULL,NULL,NULL,44,'https://storage.cloud.google.com/circleup-bucket/curriculum_462_doc.doc'),(463,'바 운동',2,NULL,NULL,NULL,44,'https://storage.cloud.google.com/circleup-bucket/curriculum_463_doc.doc'),(464,'기본 스텝',3,NULL,NULL,NULL,44,'https://storage.cloud.google.com/circleup-bucket/curriculum_464_doc.doc'),(465,'발레 포지션',4,NULL,NULL,NULL,44,'https://storage.cloud.google.com/circleup-bucket/curriculum_465_doc.doc'),(466,'점프와 회전',5,NULL,NULL,NULL,44,'https://storage.cloud.google.com/circleup-bucket/curriculum_466_doc.doc'),(467,'아다지오',6,NULL,NULL,NULL,44,'https://storage.cloud.google.com/circleup-bucket/curriculum_467_doc.doc'),(468,'알레그로',7,NULL,NULL,NULL,44,'https://storage.cloud.google.com/circleup-bucket/curriculum_468_doc.doc'),(469,'발레 용어',8,NULL,NULL,NULL,44,'https://storage.cloud.google.com/circleup-bucket/curriculum_469_doc.doc'),(470,'발레 역사',9,NULL,NULL,NULL,44,'https://storage.cloud.google.com/circleup-bucket/curriculum_470_doc.doc'),(471,'클래식 발레 레퍼토리',10,NULL,NULL,NULL,44,'https://storage.cloud.google.com/circleup-bucket/curriculum_471_doc.doc'),(472,'현대 발레 소개',11,NULL,NULL,NULL,44,'https://storage.cloud.google.com/circleup-bucket/curriculum_472_doc.doc'),(473,'스트레칭과 유연성',12,NULL,NULL,NULL,44,'https://storage.cloud.google.com/circleup-bucket/curriculum_473_doc.doc'),(474,'파드듀 기초',13,NULL,NULL,NULL,44,'https://storage.cloud.google.com/circleup-bucket/curriculum_474_doc.doc'),(475,'발레 음악 이해',14,NULL,NULL,NULL,44,'https://storage.cloud.google.com/circleup-bucket/curriculum_475_doc.doc'),(476,'의상과 분장',15,NULL,NULL,NULL,44,'https://storage.cloud.google.com/circleup-bucket/curriculum_476_doc.doc'),(477,'즉흥 춤',16,NULL,NULL,NULL,44,'https://storage.cloud.google.com/circleup-bucket/curriculum_477_doc.doc'),(478,'간단한 발레 작품 연습',17,NULL,NULL,NULL,44,'https://storage.cloud.google.com/circleup-bucket/curriculum_478_doc.doc'),(479,'전통주의 역사와 종류',1,NULL,NULL,NULL,45,'https://storage.cloud.google.com/circleup-bucket/curriculum_479_doc.doc'),(480,'재료 준비와 위생',2,NULL,NULL,NULL,45,'https://storage.cloud.google.com/circleup-bucket/curriculum_480_doc.doc'),(481,'술덧 담그기',3,NULL,NULL,NULL,45,'https://storage.cloud.google.com/circleup-bucket/curriculum_481_doc.doc'),(482,'발효 과정 관리',4,NULL,NULL,NULL,45,'https://storage.cloud.google.com/circleup-bucket/curriculum_482_doc.doc'),(483,'증류주 만들기',5,NULL,NULL,NULL,45,'https://storage.cloud.google.com/circleup-bucket/curriculum_483_doc.doc'),(484,'숙성된 전통주 시음',6,NULL,NULL,NULL,45,'https://storage.cloud.google.com/circleup-bucket/curriculum_484_doc.doc'),(485,'마크라메 역사와 재료',1,NULL,NULL,NULL,46,'https://storage.cloud.google.com/circleup-bucket/curriculum_485_doc.doc'),(486,'기본 매듭',2,NULL,NULL,NULL,46,'https://storage.cloud.google.com/circleup-bucket/curriculum_486_doc.doc'),(487,'벽걸이 만들기',3,NULL,NULL,NULL,46,'https://storage.cloud.google.com/circleup-bucket/curriculum_487_doc.doc'),(488,'플랜트 행거 제작',4,NULL,NULL,NULL,46,'https://storage.cloud.google.com/circleup-bucket/curriculum_488_doc.doc'),(489,'드림캐처 만들기',5,NULL,NULL,NULL,46,'https://storage.cloud.google.com/circleup-bucket/curriculum_489_doc.doc'),(490,'가방 만들기',6,NULL,NULL,NULL,46,'https://storage.cloud.google.com/circleup-bucket/curriculum_490_doc.doc'),(491,'테이블 러너 제작',7,NULL,NULL,NULL,46,'https://storage.cloud.google.com/circleup-bucket/curriculum_491_doc.doc'),(492,'쿠션 커버 만들기',8,NULL,NULL,NULL,46,'https://storage.cloud.google.com/circleup-bucket/curriculum_492_doc.doc'),(493,'창문 장식 만들기',9,NULL,NULL,NULL,46,'https://storage.cloud.google.com/circleup-bucket/curriculum_493_doc.doc'),(494,'마크라메 거울 프레임',10,NULL,NULL,NULL,46,'https://storage.cloud.google.com/circleup-bucket/curriculum_494_doc.doc'),(495,'대형 작품 완성',11,NULL,NULL,NULL,46,'https://storage.cloud.google.com/circleup-bucket/curriculum_495_doc.doc'),(496,'타로의 역사와 구조',1,NULL,NULL,NULL,47,'https://storage.cloud.google.com/circleup-bucket/curriculum_496_doc.doc'),(497,'메이저 아르카나',2,NULL,NULL,NULL,47,'https://storage.cloud.google.com/circleup-bucket/curriculum_497_doc.doc'),(498,'마이너 아르카나',3,NULL,NULL,NULL,47,'https://storage.cloud.google.com/circleup-bucket/curriculum_498_doc.doc'),(499,'카드 펼치기 방법',4,NULL,NULL,NULL,47,'https://storage.cloud.google.com/circleup-bucket/curriculum_499_doc.doc'),(500,'기본 스프레드',5,NULL,NULL,NULL,47,'https://storage.cloud.google.com/circleup-bucket/curriculum_500_doc.doc'),(501,'직관력 개발',6,NULL,NULL,NULL,47,'https://storage.cloud.google.com/circleup-bucket/curriculum_501_doc.doc'),(502,'상징 해석',7,NULL,NULL,NULL,47,'https://storage.cloud.google.com/circleup-bucket/curriculum_502_doc.doc'),(503,'관계 리딩',8,NULL,NULL,NULL,47,'https://storage.cloud.google.com/circleup-bucket/curriculum_503_doc.doc'),(504,'경력 리딩',9,NULL,NULL,NULL,47,'https://storage.cloud.google.com/circleup-bucket/curriculum_504_doc.doc'),(505,'셀프 리딩',10,NULL,NULL,NULL,47,'https://storage.cloud.google.com/circleup-bucket/curriculum_505_doc.doc'),(506,'타로 리딩 실습',11,NULL,NULL,NULL,47,'https://storage.cloud.google.com/circleup-bucket/curriculum_506_doc.doc'),(507,'색채 이론 기초',10,NULL,NULL,NULL,48,'https://storage.cloud.google.com/circleup-bucket/curriculum_507_doc.doc'),(508,'피부 톤 분석',11,NULL,NULL,NULL,48,'https://storage.cloud.google.com/circleup-bucket/curriculum_508_doc.doc'),(509,'사계절 컬러 시스템',12,NULL,NULL,NULL,48,'https://storage.cloud.google.com/circleup-bucket/curriculum_509_doc.doc'),(510,'웜톤과 쿨톤',13,NULL,NULL,NULL,48,'https://storage.cloud.google.com/circleup-bucket/curriculum_510_doc.doc'),(511,'personal color draping',14,NULL,NULL,NULL,48,'https://storage.cloud.google.com/circleup-bucket/curriculum_511_doc.doc'),(512,'메이크업 컬러 선택',1,NULL,NULL,NULL,48,'https://storage.cloud.google.com/circleup-bucket/curriculum_512_doc.doc'),(513,'헤어 컬러 추천',2,NULL,NULL,NULL,48,'https://storage.cloud.google.com/circleup-bucket/curriculum_513_doc.doc'),(514,'의상 컬러 코디',3,NULL,NULL,NULL,48,'https://storage.cloud.google.com/circleup-bucket/curriculum_514_doc.doc'),(515,'액세서리 선택',4,NULL,NULL,NULL,48,'https://storage.cloud.google.com/circleup-bucket/curriculum_515_doc.doc'),(516,'직장인 퍼스널 컬러',5,NULL,NULL,NULL,48,'https://storage.cloud.google.com/circleup-bucket/curriculum_516_doc.doc'),(517,'웨딩 퍼스널 컬러',6,NULL,NULL,NULL,48,'https://storage.cloud.google.com/circleup-bucket/curriculum_517_doc.doc'),(518,'남성 퍼스널 컬러',7,NULL,NULL,NULL,48,'https://storage.cloud.google.com/circleup-bucket/curriculum_518_doc.doc'),(519,'컬러 심리학',8,NULL,NULL,NULL,48,'https://storage.cloud.google.com/circleup-bucket/curriculum_519_doc.doc'),(520,'개인별 컬러 팔레트 완성',9,NULL,NULL,NULL,48,'https://storage.cloud.google.com/circleup-bucket/curriculum_520_doc.doc'),(521,'캔들과 아로마의 기초',1,NULL,NULL,NULL,49,'https://storage.cloud.google.com/circleup-bucket/curriculum_521_doc.doc'),(522,'왁스와 향 선택',2,NULL,NULL,NULL,49,'https://storage.cloud.google.com/circleup-bucket/curriculum_522_doc.doc'),(523,'기본 캔들 만들기',3,NULL,NULL,NULL,49,'https://storage.cloud.google.com/circleup-bucket/curriculum_523_doc.doc'),(524,'container 캔들',4,NULL,NULL,NULL,49,'https://storage.cloud.google.com/circleup-bucket/curriculum_524_doc.doc'),(525,'필라 캔들',5,NULL,NULL,NULL,49,'https://storage.cloud.google.com/circleup-bucket/curriculum_525_doc.doc'),(526,'젤 캔들',6,NULL,NULL,NULL,49,'https://storage.cloud.google.com/circleup-bucket/curriculum_526_doc.doc'),(527,'소이 캔들',7,NULL,NULL,NULL,49,'https://storage.cloud.google.com/circleup-bucket/curriculum_527_doc.doc'),(528,'티라이트 캔들',8,NULL,NULL,NULL,49,'https://storage.cloud.google.com/circleup-bucket/curriculum_528_doc.doc'),(529,'아로마 블렌딩',9,NULL,NULL,NULL,49,'https://storage.cloud.google.com/circleup-bucket/curriculum_529_doc.doc'),(530,'아로마 블렌딩 캔들 제작',10,NULL,NULL,NULL,49,'https://storage.cloud.google.com/circleup-bucket/curriculum_530_doc.doc'),(531,'맥주 양조의 역사와 원리',1,NULL,NULL,NULL,50,'https://storage.cloud.google.com/circleup-bucket/curriculum_531_doc.doc'),(532,'재료 선택',2,NULL,NULL,NULL,50,'https://storage.cloud.google.com/circleup-bucket/curriculum_532_doc.doc'),(533,'양조 과정',3,NULL,NULL,NULL,50,'https://storage.cloud.google.com/circleup-bucket/curriculum_533_doc.doc'),(534,'발효와 숙성',4,NULL,NULL,NULL,50,'https://storage.cloud.google.com/circleup-bucket/curriculum_534_doc.doc'),(535,'자작 맥주 시음회',5,NULL,NULL,NULL,50,'https://storage.cloud.google.com/circleup-bucket/curriculum_535_doc.doc'),(536,'자수 도구와 재료 소개',1,NULL,NULL,NULL,51,'https://storage.cloud.google.com/circleup-bucket/curriculum_536_doc.doc'),(537,'기본 스티치',2,NULL,NULL,NULL,51,'https://storage.cloud.google.com/circleup-bucket/curriculum_537_doc.doc'),(538,'꽃 자수',3,NULL,NULL,NULL,51,'https://storage.cloud.google.com/circleup-bucket/curriculum_538_doc.doc'),(539,'글자 자수',4,NULL,NULL,NULL,51,'https://storage.cloud.google.com/circleup-bucket/curriculum_539_doc.doc'),(540,'미니 자수 작품 완성',5,NULL,NULL,NULL,51,'https://storage.cloud.google.com/circleup-bucket/curriculum_540_doc.doc'),(541,'발성 기초',1,NULL,NULL,NULL,52,'https://storage.cloud.google.com/circleup-bucket/curriculum_541_doc.doc'),(542,'호흡법',2,NULL,NULL,NULL,52,'https://storage.cloud.google.com/circleup-bucket/curriculum_542_doc.doc'),(543,'음정 훈련',3,NULL,NULL,NULL,52,'https://storage.cloud.google.com/circleup-bucket/curriculum_543_doc.doc'),(544,'리듬 감각 향상',4,NULL,NULL,NULL,52,'https://storage.cloud.google.com/circleup-bucket/curriculum_544_doc.doc'),(545,'발성 테크닉',5,NULL,NULL,NULL,52,'https://storage.cloud.google.com/circleup-bucket/curriculum_545_doc.doc'),(546,'곡 해석',6,NULL,NULL,NULL,52,'https://storage.cloud.google.com/circleup-bucket/curriculum_546_doc.doc'),(547,'마이크 테크닉',7,NULL,NULL,NULL,52,'https://storage.cloud.google.com/circleup-bucket/curriculum_547_doc.doc'),(548,'무대 매너',8,NULL,NULL,NULL,52,'https://storage.cloud.google.com/circleup-bucket/curriculum_548_doc.doc'),(549,'보컬 스타일 찾기',9,NULL,NULL,NULL,52,'https://storage.cloud.google.com/circleup-bucket/curriculum_549_doc.doc'),(550,'다양한 장르 노래 연습',10,NULL,NULL,NULL,52,'https://storage.cloud.google.com/circleup-bucket/curriculum_550_doc.doc'),(551,'솔로 공연 준비',11,NULL,NULL,NULL,52,'https://storage.cloud.google.com/circleup-bucket/curriculum_551_doc.doc'),(552,'테라리움 소개',1,NULL,NULL,NULL,53,'https://storage.cloud.google.com/circleup-bucket/curriculum_552_doc.doc'),(553,'식물 선택',2,NULL,NULL,NULL,53,'https://storage.cloud.google.com/circleup-bucket/curriculum_553_doc.doc'),(554,'기본 테라리움 만들기',3,NULL,NULL,NULL,53,'https://storage.cloud.google.com/circleup-bucket/curriculum_554_doc.doc'),(555,'미니어처 정원 만들기',4,NULL,NULL,NULL,53,'https://storage.cloud.google.com/circleup-bucket/curriculum_555_doc.doc'),(556,'다육식물 테라리움',5,NULL,NULL,NULL,53,'https://storage.cloud.google.com/circleup-bucket/curriculum_556_doc.doc'),(557,'공중식물 테라리움',6,NULL,NULL,NULL,53,'https://storage.cloud.google.com/circleup-bucket/curriculum_557_doc.doc'),(558,'병테라리움 만들기',7,NULL,NULL,NULL,53,'https://storage.cloud.google.com/circleup-bucket/curriculum_558_doc.doc'),(559,'테라리움 관리법',8,NULL,NULL,NULL,53,'https://storage.cloud.google.com/circleup-bucket/curriculum_559_doc.doc'),(560,'테라리움 장식 기법',9,NULL,NULL,NULL,53,'https://storage.cloud.google.com/circleup-bucket/curriculum_560_doc.doc'),(561,'생태계 테라리움',10,NULL,NULL,NULL,53,'https://storage.cloud.google.com/circleup-bucket/curriculum_561_doc.doc'),(562,'계절별 테라리움',11,NULL,NULL,NULL,53,'https://storage.cloud.google.com/circleup-bucket/curriculum_562_doc.doc'),(563,'선물용 테라리움',12,NULL,NULL,NULL,53,'https://storage.cloud.google.com/circleup-bucket/curriculum_563_doc.doc'),(564,'창작 테라리움 전시',13,NULL,NULL,NULL,53,'https://storage.cloud.google.com/circleup-bucket/curriculum_564_doc.doc'),(565,'기본 자세와 동작',1,NULL,NULL,NULL,54,'https://storage.cloud.google.com/circleup-bucket/curriculum_565_doc.doc'),(566,'손동작과 발동작',2,NULL,NULL,NULL,54,'https://storage.cloud.google.com/circleup-bucket/curriculum_566_doc.doc'),(567,'기본 춤사위',3,NULL,NULL,NULL,54,'https://storage.cloud.google.com/circleup-bucket/curriculum_567_doc.doc'),(568,'장단과 리듬',4,NULL,NULL,NULL,54,'https://storage.cloud.google.com/circleup-bucket/curriculum_568_doc.doc'),(569,'부채춤 기초',5,NULL,NULL,NULL,54,'https://storage.cloud.google.com/circleup-bucket/curriculum_569_doc.doc'),(570,'살풀이춤 기초',6,NULL,NULL,NULL,54,'https://storage.cloud.google.com/circleup-bucket/curriculum_570_doc.doc'),(571,'태평무 기초',7,NULL,NULL,NULL,54,'https://storage.cloud.google.com/circleup-bucket/curriculum_571_doc.doc'),(572,'승무 기초',8,NULL,NULL,NULL,54,'https://storage.cloud.google.com/circleup-bucket/curriculum_572_doc.doc'),(573,'한량무 기초',9,NULL,NULL,NULL,54,'https://storage.cloud.google.com/circleup-bucket/curriculum_573_doc.doc'),(574,'작품 춤 완성',10,NULL,NULL,NULL,54,'https://storage.cloud.google.com/circleup-bucket/curriculum_574_doc.doc'),(575,'베란다 환경 분석',1,NULL,NULL,NULL,55,'https://storage.cloud.google.com/circleup-bucket/curriculum_575_doc.doc'),(576,'토양과 비료',2,NULL,NULL,NULL,55,'https://storage.cloud.google.com/circleup-bucket/curriculum_576_doc.doc'),(577,'모종 심기',3,NULL,NULL,NULL,55,'https://storage.cloud.google.com/circleup-bucket/curriculum_577_doc.doc'),(578,'물주기와 관리',4,NULL,NULL,NULL,55,'https://storage.cloud.google.com/circleup-bucket/curriculum_578_doc.doc'),(579,'병해충 관리',5,NULL,NULL,NULL,55,'https://storage.cloud.google.com/circleup-bucket/curriculum_579_doc.doc'),(580,'수확 시기',6,NULL,NULL,NULL,55,'https://storage.cloud.google.com/circleup-bucket/curriculum_580_doc.doc'),(581,'상추 재배',7,NULL,NULL,NULL,55,'https://storage.cloud.google.com/circleup-bucket/curriculum_581_doc.doc'),(582,'토마토 재배',8,NULL,NULL,NULL,55,'https://storage.cloud.google.com/circleup-bucket/curriculum_582_doc.doc'),(583,'고추 재배',9,NULL,NULL,NULL,55,'https://storage.cloud.google.com/circleup-bucket/curriculum_583_doc.doc'),(584,'허브 재배',10,NULL,NULL,NULL,55,'https://storage.cloud.google.com/circleup-bucket/curriculum_584_doc.doc'),(585,'방울토마토 재배',11,NULL,NULL,NULL,55,'https://storage.cloud.google.com/circleup-bucket/curriculum_585_doc.doc'),(586,'오이 재배',12,NULL,NULL,NULL,55,'https://storage.cloud.google.com/circleup-bucket/curriculum_586_doc.doc'),(587,'가지 재배',13,NULL,NULL,NULL,55,'https://storage.cloud.google.com/circleup-bucket/curriculum_587_doc.doc'),(588,'딸기 재배',14,NULL,NULL,NULL,55,'https://storage.cloud.google.com/circleup-bucket/curriculum_588_doc.doc'),(589,'베란다 화분 정리',15,NULL,NULL,NULL,55,'https://storage.cloud.google.com/circleup-bucket/curriculum_589_doc.doc'),(590,'수확 및 요리 실습',16,NULL,NULL,NULL,55,'https://storage.cloud.google.com/circleup-bucket/curriculum_590_doc.doc'),(591,'펜 종류와 특성',1,NULL,NULL,NULL,56,'https://storage.cloud.google.com/circleup-bucket/curriculum_591_doc.doc'),(592,'기본 선 그리기',2,NULL,NULL,NULL,56,'https://storage.cloud.google.com/circleup-bucket/curriculum_592_doc.doc'),(593,'명암 표현',3,NULL,NULL,NULL,56,'https://storage.cloud.google.com/circleup-bucket/curriculum_593_doc.doc'),(594,'질감 표현',4,NULL,NULL,NULL,56,'https://storage.cloud.google.com/circleup-bucket/curriculum_594_doc.doc'),(595,'풍경 스케치',5,NULL,NULL,NULL,56,'https://storage.cloud.google.com/circleup-bucket/curriculum_595_doc.doc'),(596,'인물 스케치',6,NULL,NULL,NULL,56,'https://storage.cloud.google.com/circleup-bucket/curriculum_596_doc.doc'),(597,'건물 스케치',7,NULL,NULL,NULL,56,'https://storage.cloud.google.com/circleup-bucket/curriculum_597_doc.doc'),(598,'정물 스케치',8,NULL,NULL,NULL,56,'https://storage.cloud.google.com/circleup-bucket/curriculum_598_doc.doc'),(599,'동물 스케치',9,NULL,NULL,NULL,56,'https://storage.cloud.google.com/circleup-bucket/curriculum_599_doc.doc'),(600,'식물 스케치',10,NULL,NULL,NULL,56,'https://storage.cloud.google.com/circleup-bucket/curriculum_600_doc.doc'),(601,'움직이는 대상 스케치',11,NULL,NULL,NULL,56,'https://storage.cloud.google.com/circleup-bucket/curriculum_601_doc.doc'),(602,'상상 스케치',12,NULL,NULL,NULL,56,'https://storage.cloud.google.com/circleup-bucket/curriculum_602_doc.doc'),(603,'미니어처 그리기',13,NULL,NULL,NULL,56,'https://storage.cloud.google.com/circleup-bucket/curriculum_603_doc.doc'),(604,'일상 스케치',14,NULL,NULL,NULL,56,'https://storage.cloud.google.com/circleup-bucket/curriculum_604_doc.doc'),(605,'여행 스케치',15,NULL,NULL,NULL,56,'https://storage.cloud.google.com/circleup-bucket/curriculum_605_doc.doc'),(606,'도시 풍경 스케치',16,NULL,NULL,NULL,56,'https://storage.cloud.google.com/circleup-bucket/curriculum_606_doc.doc'),(607,'자연 풍경 스케치',17,NULL,NULL,NULL,56,'https://storage.cloud.google.com/circleup-bucket/curriculum_607_doc.doc'),(608,'캐릭터 디자인',18,NULL,NULL,NULL,56,'https://storage.cloud.google.com/circleup-bucket/curriculum_608_doc.doc'),(609,'작품 완성 및 평가',19,NULL,NULL,NULL,56,'https://storage.cloud.google.com/circleup-bucket/curriculum_609_doc.doc'),(610,'명화 선정',1,NULL,NULL,NULL,57,'https://storage.cloud.google.com/circleup-bucket/curriculum_610_doc.doc'),(611,'기초 드로잉',2,NULL,NULL,NULL,57,'https://storage.cloud.google.com/circleup-bucket/curriculum_611_doc.doc'),(612,'색채 분석',3,NULL,NULL,NULL,57,'https://storage.cloud.google.com/circleup-bucket/curriculum_612_doc.doc'),(613,'캔버스 준비',4,NULL,NULL,NULL,57,'https://storage.cloud.google.com/circleup-bucket/curriculum_613_doc.doc'),(614,'밑그림 그리기',5,NULL,NULL,NULL,57,'https://storage.cloud.google.com/circleup-bucket/curriculum_614_doc.doc'),(615,'기본 채색',6,NULL,NULL,NULL,57,'https://storage.cloud.google.com/circleup-bucket/curriculum_615_doc.doc'),(616,'세부 묘사',7,NULL,NULL,NULL,57,'https://storage.cloud.google.com/circleup-bucket/curriculum_616_doc.doc'),(617,'명암 표현',8,NULL,NULL,NULL,57,'https://storage.cloud.google.com/circleup-bucket/curriculum_617_doc.doc'),(618,'질감 표현',9,NULL,NULL,NULL,57,'https://storage.cloud.google.com/circleup-bucket/curriculum_618_doc.doc'),(619,'색감 조절',10,NULL,NULL,NULL,57,'https://storage.cloud.google.com/circleup-bucket/curriculum_619_doc.doc'),(620,'붓 터치 연습',11,NULL,NULL,NULL,57,'https://storage.cloud.google.com/circleup-bucket/curriculum_620_doc.doc'),(621,'배경 처리',12,NULL,NULL,NULL,57,'https://storage.cloud.google.com/circleup-bucket/curriculum_621_doc.doc'),(622,'인물 표현',13,NULL,NULL,NULL,57,'https://storage.cloud.google.com/circleup-bucket/curriculum_622_doc.doc'),(623,'정물 표현',14,NULL,NULL,NULL,57,'https://storage.cloud.google.com/circleup-bucket/curriculum_623_doc.doc'),(624,'풍경 표현',15,NULL,NULL,NULL,57,'https://storage.cloud.google.com/circleup-bucket/curriculum_624_doc.doc'),(625,'추상화 모사',16,NULL,NULL,NULL,57,'https://storage.cloud.google.com/circleup-bucket/curriculum_625_doc.doc'),(626,'현대미술 모사',17,NULL,NULL,NULL,57,'https://storage.cloud.google.com/circleup-bucket/curriculum_626_doc.doc'),(627,'작품 완성',18,NULL,NULL,NULL,57,'https://storage.cloud.google.com/circleup-bucket/curriculum_627_doc.doc'),(628,'액자 제작',19,NULL,NULL,NULL,57,'https://storage.cloud.google.com/circleup-bucket/curriculum_628_doc.doc'),(629,'가죽 선택',1,NULL,NULL,NULL,58,'https://storage.cloud.google.com/circleup-bucket/curriculum_629_doc.doc'),(630,'기본 도구 사용법',2,NULL,NULL,NULL,58,'https://storage.cloud.google.com/circleup-bucket/curriculum_630_doc.doc'),(631,'패턴 만들기',3,NULL,NULL,NULL,58,'https://storage.cloud.google.com/circleup-bucket/curriculum_631_doc.doc'),(632,'재단',4,NULL,NULL,NULL,58,'https://storage.cloud.google.com/circleup-bucket/curriculum_632_doc.doc'),(633,'바느질 기초',5,NULL,NULL,NULL,58,'https://storage.cloud.google.com/circleup-bucket/curriculum_633_doc.doc'),(634,'카드 포켓 만들기',6,NULL,NULL,NULL,58,'https://storage.cloud.google.com/circleup-bucket/curriculum_634_doc.doc'),(635,'지폐 수납공간 제작',7,NULL,NULL,NULL,58,'https://storage.cloud.google.com/circleup-bucket/curriculum_635_doc.doc'),(636,'지퍼 달기',8,NULL,NULL,NULL,58,'https://storage.cloud.google.com/circleup-bucket/curriculum_636_doc.doc'),(637,'가장자리 처리',9,NULL,NULL,NULL,58,'https://storage.cloud.google.com/circleup-bucket/curriculum_637_doc.doc'),(638,'가죽 지갑 완성',10,NULL,NULL,NULL,58,'https://storage.cloud.google.com/circleup-bucket/curriculum_638_doc.doc'),(639,'타악기 소개',1,NULL,'https://storage.googleapis.com/circleup-bucket/cf64f424-c63d-4c39-ba6e-91b128d0deff.mp4',NULL,59,'https://storage.cloud.google.com/circleup-bucket/curriculum_639_doc.doc'),(640,'기본 리듬 패턴',2,NULL,'https://storage.googleapis.com/circleup-bucket/cdad3371-af00-4481-8b9a-1b8e49c39899.mp4',NULL,59,'https://storage.cloud.google.com/circleup-bucket/curriculum_640_doc.doc'),(641,'손 타법',3,NULL,NULL,NULL,59,'https://storage.cloud.google.com/circleup-bucket/curriculum_641_doc.doc'),(642,'발 타법',4,NULL,NULL,NULL,59,'https://storage.cloud.google.com/circleup-bucket/curriculum_642_doc.doc'),(643,'단순 리듬 연주',5,NULL,NULL,NULL,59,'https://storage.cloud.google.com/circleup-bucket/curriculum_643_doc.doc'),(644,'복합 리듬 연주',6,NULL,NULL,NULL,59,'https://storage.cloud.google.com/circleup-bucket/curriculum_644_doc.doc'),(645,'아프리카 리듬',7,NULL,NULL,NULL,59,'https://storage.cloud.google.com/circleup-bucket/curriculum_645_doc.doc'),(646,'라틴 리듬',8,NULL,NULL,NULL,59,'https://storage.cloud.google.com/circleup-bucket/curriculum_646_doc.doc'),(647,'재즈 리듬',9,NULL,NULL,NULL,59,'https://storage.cloud.google.com/circleup-bucket/curriculum_647_doc.doc'),(648,'록 리듬',10,NULL,NULL,NULL,59,'https://storage.cloud.google.com/circleup-bucket/curriculum_648_doc.doc'),(649,'전자 타악기 소개',11,NULL,NULL,NULL,59,'https://storage.cloud.google.com/circleup-bucket/curriculum_649_doc.doc'),(650,'리듬 앙상블',12,NULL,NULL,NULL,59,'https://storage.cloud.google.com/circleup-bucket/curriculum_650_doc.doc'),(651,'즉흥 연주',13,NULL,NULL,NULL,59,'https://storage.cloud.google.com/circleup-bucket/curriculum_651_doc.doc'),(652,'타악기 관리법',14,NULL,NULL,NULL,59,'https://storage.cloud.google.com/circleup-bucket/curriculum_652_doc.doc'),(653,'공연 준비',15,NULL,NULL,NULL,59,'https://storage.cloud.google.com/circleup-bucket/curriculum_653_doc.doc'),(654,'타악기 솔로 연주',16,NULL,NULL,NULL,59,'https://storage.cloud.google.com/circleup-bucket/curriculum_654_doc.doc'),(655,'프리저브드 기초',1,NULL,NULL,NULL,60,'https://storage.cloud.google.com/circleup-bucket/curriculum_655_doc.doc'),(656,'꽃 선택과 처리',2,NULL,NULL,NULL,60,'https://storage.cloud.google.com/circleup-bucket/curriculum_656_doc.doc'),(657,'색상 선택',3,NULL,NULL,NULL,60,'https://storage.cloud.google.com/circleup-bucket/curriculum_657_doc.doc'),(658,'기본 아레인지먼트',4,NULL,NULL,NULL,60,'https://storage.cloud.google.com/circleup-bucket/curriculum_658_doc.doc'),(659,'리스 만들기',5,NULL,NULL,NULL,60,'https://storage.cloud.google.com/circleup-bucket/curriculum_659_doc.doc'),(660,'테라리움 스타일',6,NULL,NULL,NULL,60,'https://storage.cloud.google.com/circleup-bucket/curriculum_660_doc.doc'),(661,'미니 부케',7,NULL,NULL,NULL,60,'https://storage.cloud.google.com/circleup-bucket/curriculum_661_doc.doc'),(662,'프레임 아트',8,NULL,NULL,NULL,60,'https://storage.cloud.google.com/circleup-bucket/curriculum_662_doc.doc'),(663,'센터피스 제작',9,NULL,NULL,NULL,60,'https://storage.cloud.google.com/circleup-bucket/curriculum_663_doc.doc'),(664,'웨딩 장식',10,NULL,NULL,NULL,60,'https://storage.cloud.google.com/circleup-bucket/curriculum_664_doc.doc'),(665,'시즌 데코레이션',11,NULL,NULL,NULL,60,'https://storage.cloud.google.com/circleup-bucket/curriculum_665_doc.doc'),(666,'기프트 박스 꾸미기',12,NULL,NULL,NULL,60,'https://storage.cloud.google.com/circleup-bucket/curriculum_666_doc.doc'),(667,'프리저브드 악세서리',13,NULL,NULL,NULL,60,'https://storage.cloud.google.com/circleup-bucket/curriculum_667_doc.doc'),(668,'색상 조합 기법',14,NULL,NULL,NULL,60,'https://storage.cloud.google.com/circleup-bucket/curriculum_668_doc.doc'),(669,'보존 처리 방법',15,NULL,NULL,NULL,60,'https://storage.cloud.google.com/circleup-bucket/curriculum_669_doc.doc'),(670,'대형 작품 제작',16,NULL,NULL,NULL,60,'https://storage.cloud.google.com/circleup-bucket/curriculum_670_doc.doc'),(671,'상업용 디스플레이',17,NULL,NULL,NULL,60,'https://storage.cloud.google.com/circleup-bucket/curriculum_671_doc.doc'),(672,'개인 작품 전시',18,NULL,NULL,NULL,60,'https://storage.cloud.google.com/circleup-bucket/curriculum_672_doc.doc'),(673,'프리저브드 플라워 케어',19,NULL,NULL,NULL,60,'https://storage.cloud.google.com/circleup-bucket/curriculum_673_doc.doc'),(674,'한문의 기초',1,NULL,'',NULL,61,'https://storage.cloud.google.com/circleup-bucket/curriculum_674_doc.doc'),(675,'붓과 먹 다루기',2,NULL,NULL,NULL,61,'https://storage.cloud.google.com/circleup-bucket/curriculum_675_doc.doc'),(676,'기본 획 연습',3,NULL,NULL,NULL,61,'https://storage.cloud.google.com/circleup-bucket/curriculum_676_doc.doc'),(677,'문자의 구조',4,NULL,NULL,NULL,61,'https://storage.cloud.google.com/circleup-bucket/curriculum_677_doc.doc'),(678,'서체의 종류',5,NULL,NULL,NULL,61,'https://storage.cloud.google.com/circleup-bucket/curriculum_678_doc.doc'),(679,'해서 쓰기',6,NULL,NULL,NULL,61,'https://storage.cloud.google.com/circleup-bucket/curriculum_679_doc.doc'),(680,'행서 쓰기',7,NULL,NULL,NULL,61,'https://storage.cloud.google.com/circleup-bucket/curriculum_680_doc.doc'),(681,'초서 쓰기',8,NULL,NULL,NULL,61,'https://storage.cloud.google.com/circleup-bucket/curriculum_681_doc.doc'),(682,'전서 쓰기',9,NULL,NULL,NULL,61,'https://storage.cloud.google.com/circleup-bucket/curriculum_682_doc.doc'),(683,'예서 쓰기',10,NULL,NULL,NULL,61,'https://storage.cloud.google.com/circleup-bucket/curriculum_683_doc.doc'),(684,'篆刻 (전각) 기초',11,NULL,NULL,NULL,61,'https://storage.cloud.google.com/circleup-bucket/curriculum_684_doc.doc'),(685,'문인화 기초',12,NULL,NULL,NULL,61,'https://storage.cloud.google.com/circleup-bucket/curriculum_685_doc.doc'),(686,'시서화 제작',13,NULL,NULL,NULL,61,'https://storage.cloud.google.com/circleup-bucket/curriculum_686_doc.doc'),(687,'작품 구상',14,NULL,NULL,NULL,61,'https://storage.cloud.google.com/circleup-bucket/curriculum_687_doc.doc'),(688,'여백의 미',15,NULL,NULL,NULL,61,'https://storage.cloud.google.com/circleup-bucket/curriculum_688_doc.doc'),(689,'작품 완성',16,NULL,NULL,NULL,61,'https://storage.cloud.google.com/circleup-bucket/curriculum_689_doc.doc'),(690,'낙관 찍기',17,NULL,NULL,NULL,61,'https://storage.cloud.google.com/circleup-bucket/curriculum_690_doc.doc'),(691,'작품 감상',18,NULL,NULL,NULL,61,'https://storage.cloud.google.com/circleup-bucket/curriculum_691_doc.doc'),(692,'홈 파티 계획',1,NULL,NULL,NULL,62,'https://storage.cloud.google.com/circleup-bucket/curriculum_692_doc.doc'),(693,'메뉴 선정',2,NULL,NULL,NULL,62,'https://storage.cloud.google.com/circleup-bucket/curriculum_693_doc.doc'),(694,'식재료 준비',3,NULL,NULL,NULL,62,'https://storage.cloud.google.com/circleup-bucket/curriculum_694_doc.doc'),(695,'前菜 (에피타이저) 만들기',4,NULL,NULL,NULL,62,'https://storage.cloud.google.com/circleup-bucket/curriculum_695_doc.doc'),(696,'메인 요리 준비',5,NULL,NULL,NULL,62,'https://storage.cloud.google.com/circleup-bucket/curriculum_696_doc.doc'),(697,'디저트 만들기',6,NULL,NULL,NULL,62,'https://storage.cloud.google.com/circleup-bucket/curriculum_697_doc.doc'),(698,'음료 준비',7,NULL,NULL,NULL,62,'https://storage.cloud.google.com/circleup-bucket/curriculum_698_doc.doc'),(699,'테이블 세팅',8,NULL,NULL,NULL,62,'https://storage.cloud.google.com/circleup-bucket/curriculum_699_doc.doc'),(700,'플레이팅 기술',9,NULL,NULL,NULL,62,'https://storage.cloud.google.com/circleup-bucket/curriculum_700_doc.doc'),(701,'와인 페어링',10,NULL,NULL,NULL,62,'https://storage.cloud.google.com/circleup-bucket/curriculum_701_doc.doc'),(702,'손님 접대 요령',11,NULL,NULL,NULL,62,'https://storage.cloud.google.com/circleup-bucket/curriculum_702_doc.doc'),(703,'시간 관리',12,NULL,NULL,NULL,62,'https://storage.cloud.google.com/circleup-bucket/curriculum_703_doc.doc'),(704,'즉석 요리 기술',13,NULL,NULL,NULL,62,'https://storage.cloud.google.com/circleup-bucket/curriculum_704_doc.doc'),(705,'남은 음식 활용법',14,NULL,NULL,NULL,62,'https://storage.cloud.google.com/circleup-bucket/curriculum_705_doc.doc'),(706,'파티 뒷정리',15,NULL,NULL,NULL,62,'https://storage.cloud.google.com/circleup-bucket/curriculum_706_doc.doc'),(707,'테마 파티 기획',16,NULL,NULL,NULL,62,'https://storage.cloud.google.com/circleup-bucket/curriculum_707_doc.doc'),(708,'민화의 역사와 특징',1,NULL,NULL,NULL,63,'https://storage.cloud.google.com/circleup-bucket/curriculum_708_doc.doc'),(709,'기본 채색 기법',2,NULL,NULL,NULL,63,'https://storage.cloud.google.com/circleup-bucket/curriculum_709_doc.doc'),(710,'문양 그리기',3,NULL,NULL,NULL,63,'https://storage.cloud.google.com/circleup-bucket/curriculum_710_doc.doc'),(711,'동물 민화',4,NULL,NULL,NULL,63,'https://storage.cloud.google.com/circleup-bucket/curriculum_711_doc.doc'),(712,'식물 민화',5,NULL,NULL,NULL,63,'https://storage.cloud.google.com/circleup-bucket/curriculum_712_doc.doc'),(713,'풍속 민화',6,NULL,NULL,NULL,63,'https://storage.cloud.google.com/circleup-bucket/curriculum_713_doc.doc'),(714,'문자 민화',7,NULL,NULL,NULL,63,'https://storage.cloud.google.com/circleup-bucket/curriculum_714_doc.doc'),(715,'장식 민화',8,NULL,NULL,NULL,63,'https://storage.cloud.google.com/circleup-bucket/curriculum_715_doc.doc'),(716,'현대적 민화',9,NULL,NULL,NULL,63,'https://storage.cloud.google.com/circleup-bucket/curriculum_716_doc.doc'),(717,'민화 속 상징',10,NULL,NULL,NULL,63,'https://storage.cloud.google.com/circleup-bucket/curriculum_717_doc.doc'),(718,'전통 안료 사용법',11,NULL,NULL,NULL,63,'https://storage.cloud.google.com/circleup-bucket/curriculum_718_doc.doc'),(719,'배채 기법',12,NULL,NULL,NULL,63,'https://storage.cloud.google.com/circleup-bucket/curriculum_719_doc.doc'),(720,'작품 구상',13,NULL,NULL,NULL,63,'https://storage.cloud.google.com/circleup-bucket/curriculum_720_doc.doc'),(721,'마술의 역사와 윤리',1,NULL,NULL,NULL,64,'https://storage.cloud.google.com/circleup-bucket/curriculum_721_doc.doc'),(722,'손재주 연습',2,NULL,NULL,NULL,64,'https://storage.cloud.google.com/circleup-bucket/curriculum_722_doc.doc'),(723,'카드 마술 기초',3,NULL,NULL,NULL,64,'https://storage.cloud.google.com/circleup-bucket/curriculum_723_doc.doc'),(724,'동전 마술 기초',4,NULL,NULL,NULL,64,'https://storage.cloud.google.com/circleup-bucket/curriculum_724_doc.doc'),(725,'로프 마술',5,NULL,NULL,NULL,64,'https://storage.cloud.google.com/circleup-bucket/curriculum_725_doc.doc'),(726,'사라지는 마술',6,NULL,NULL,NULL,64,'https://storage.cloud.google.com/circleup-bucket/curriculum_726_doc.doc'),(727,'나타나는 마술',7,NULL,NULL,NULL,64,'https://storage.cloud.google.com/circleup-bucket/curriculum_727_doc.doc'),(728,'마음 읽기 마술',8,NULL,NULL,NULL,64,'https://storage.cloud.google.com/circleup-bucket/curriculum_728_doc.doc'),(729,'일상 물건을 이용한 마술',9,NULL,NULL,NULL,64,'https://storage.cloud.google.com/circleup-bucket/curriculum_729_doc.doc'),(730,'무대 매너',10,NULL,NULL,NULL,64,'https://storage.cloud.google.com/circleup-bucket/curriculum_730_doc.doc'),(731,'관객과의 소통',11,NULL,NULL,NULL,64,'https://storage.cloud.google.com/circleup-bucket/curriculum_731_doc.doc'),(732,'마술 루틴 만들기',12,NULL,NULL,NULL,64,'https://storage.cloud.google.com/circleup-bucket/curriculum_732_doc.doc'),(733,'소품 제작과 관리',13,NULL,NULL,NULL,64,'https://storage.cloud.google.com/circleup-bucket/curriculum_733_doc.doc'),(734,'마술 공연 준비',14,NULL,NULL,NULL,64,'https://storage.cloud.google.com/circleup-bucket/curriculum_734_doc.doc'),(735,'마술사의 이미지 메이킹',15,NULL,NULL,NULL,64,'https://storage.cloud.google.com/circleup-bucket/curriculum_735_doc.doc'),(736,'퀼트의 기초와 도구',1,NULL,NULL,NULL,65,'https://storage.cloud.google.com/circleup-bucket/curriculum_736_doc.doc'),(737,'기본 바느질법',2,NULL,NULL,NULL,65,'https://storage.cloud.google.com/circleup-bucket/curriculum_737_doc.doc'),(738,'패치워크 기본',3,NULL,NULL,NULL,65,'https://storage.cloud.google.com/circleup-bucket/curriculum_738_doc.doc'),(739,'블록 만들기',4,NULL,NULL,NULL,65,'https://storage.cloud.google.com/circleup-bucket/curriculum_739_doc.doc'),(740,'탑 완성하기',5,NULL,NULL,NULL,65,'https://storage.cloud.google.com/circleup-bucket/curriculum_740_doc.doc'),(741,'누비기',6,NULL,NULL,NULL,65,'https://storage.cloud.google.com/circleup-bucket/curriculum_741_doc.doc'),(742,'바인딩',7,NULL,NULL,NULL,65,'https://storage.cloud.google.com/circleup-bucket/curriculum_742_doc.doc'),(743,'어플리케 기법',8,NULL,NULL,NULL,65,'https://storage.cloud.google.com/circleup-bucket/curriculum_743_doc.doc'),(744,'프리모션 퀼팅',9,NULL,NULL,NULL,65,'https://storage.cloud.google.com/circleup-bucket/curriculum_744_doc.doc'),(745,'로그 캐빈 퀼트',10,NULL,NULL,NULL,65,'https://storage.cloud.google.com/circleup-bucket/curriculum_745_doc.doc'),(746,'스타 퀼트',11,NULL,NULL,NULL,65,'https://storage.cloud.google.com/circleup-bucket/curriculum_746_doc.doc'),(747,'크레이지 퀼트',12,NULL,NULL,NULL,65,'https://storage.cloud.google.com/circleup-bucket/curriculum_747_doc.doc'),(748,'미니 퀼트 프로젝트',13,NULL,NULL,NULL,65,'https://storage.cloud.google.com/circleup-bucket/curriculum_748_doc.doc'),(749,'퀼트 파우치 만들기',14,NULL,NULL,NULL,65,'https://storage.cloud.google.com/circleup-bucket/curriculum_749_doc.doc'),(750,'발레의 역사와 기본 자세',1,NULL,NULL,NULL,66,'https://storage.cloud.google.com/circleup-bucket/curriculum_750_doc.doc'),(751,'바 운동',2,NULL,'https://storage.googleapis.com/circleup-bucket/93f6d37b-c5ff-4580-99a2-baa99d3ba7e4.mp4',NULL,66,'https://storage.cloud.google.com/circleup-bucket/curriculum_751_doc.doc'),(752,'센터 동작',3,NULL,NULL,NULL,66,'https://storage.cloud.google.com/circleup-bucket/curriculum_752_doc.doc'),(753,'점프와 회전',4,NULL,NULL,NULL,66,'https://storage.cloud.google.com/circleup-bucket/curriculum_753_doc.doc'),(754,'발레 용어',5,NULL,NULL,NULL,66,'https://storage.cloud.google.com/circleup-bucket/curriculum_754_doc.doc'),(755,'클래식 발레 작품 감상',6,NULL,NULL,NULL,66,'https://storage.cloud.google.com/circleup-bucket/curriculum_755_doc.doc'),(756,'현대 발레 소개',7,NULL,NULL,NULL,66,'https://storage.cloud.google.com/circleup-bucket/curriculum_756_doc.doc'),(757,'발레 음악 이해',8,NULL,NULL,NULL,66,'https://storage.cloud.google.com/circleup-bucket/curriculum_757_doc.doc'),(758,'비건의 정의와 철학',11,NULL,NULL,NULL,67,'https://storage.cloud.google.com/circleup-bucket/curriculum_758_doc.doc'),(759,'식물성 단백질 소개',12,NULL,NULL,NULL,67,'https://storage.cloud.google.com/circleup-bucket/curriculum_759_doc.doc'),(760,'비건 식품 재료',13,NULL,NULL,NULL,67,'https://storage.cloud.google.com/circleup-bucket/curriculum_760_doc.doc'),(761,'비건 조리 기술',14,NULL,NULL,NULL,67,'https://storage.cloud.google.com/circleup-bucket/curriculum_761_doc.doc'),(762,'비건 베이킹',15,NULL,NULL,NULL,67,'https://storage.cloud.google.com/circleup-bucket/curriculum_762_doc.doc'),(763,'비건 디저트',16,NULL,NULL,NULL,67,'https://storage.cloud.google.com/circleup-bucket/curriculum_763_doc.doc'),(764,'비건 치즈 만들기',17,NULL,NULL,NULL,67,'https://storage.cloud.google.com/circleup-bucket/curriculum_764_doc.doc'),(765,'비건 밀크 제조',18,NULL,NULL,NULL,67,'https://storage.cloud.google.com/circleup-bucket/curriculum_765_doc.doc'),(766,'비건 간식',19,NULL,NULL,NULL,67,'https://storage.cloud.google.com/circleup-bucket/curriculum_766_doc.doc'),(767,'비건 한식',20,NULL,NULL,NULL,67,'https://storage.cloud.google.com/circleup-bucket/curriculum_767_doc.doc'),(768,'비건 양식',1,NULL,NULL,NULL,67,'https://storage.cloud.google.com/circleup-bucket/curriculum_768_doc.doc'),(769,'비건 중식',2,NULL,NULL,NULL,67,'https://storage.cloud.google.com/circleup-bucket/curriculum_769_doc.doc'),(770,'비건 일식',3,NULL,NULL,NULL,67,'https://storage.cloud.google.com/circleup-bucket/curriculum_770_doc.doc'),(771,'비건 동남아 요리',4,NULL,NULL,NULL,67,'https://storage.cloud.google.com/circleup-bucket/curriculum_771_doc.doc'),(772,'비건 퓨전 요리',5,NULL,NULL,NULL,67,'https://storage.cloud.google.com/circleup-bucket/curriculum_772_doc.doc'),(773,'영양 균형 잡기',6,NULL,NULL,NULL,67,'https://storage.cloud.google.com/circleup-bucket/curriculum_773_doc.doc'),(774,'비건 식단 계획',7,NULL,NULL,NULL,67,'https://storage.cloud.google.com/circleup-bucket/curriculum_774_doc.doc'),(775,'비건 요리 플레이팅',8,NULL,NULL,NULL,67,'https://storage.cloud.google.com/circleup-bucket/curriculum_775_doc.doc'),(776,'비건 식당 찾기',9,NULL,NULL,NULL,67,'https://storage.cloud.google.com/circleup-bucket/curriculum_776_doc.doc'),(777,'지속 가능한 비건 생활',10,NULL,NULL,NULL,67,'https://storage.cloud.google.com/circleup-bucket/curriculum_777_doc.doc'),(778,'패치워크의 역사',1,NULL,NULL,NULL,68,'https://storage.cloud.google.com/circleup-bucket/curriculum_778_doc.doc'),(779,'기본 도구와 재료',2,NULL,NULL,NULL,68,'https://storage.cloud.google.com/circleup-bucket/curriculum_779_doc.doc'),(780,'기초 바느질 기술',3,NULL,NULL,NULL,68,'https://storage.cloud.google.com/circleup-bucket/curriculum_780_doc.doc'),(781,'색상 이론과 배색',4,NULL,NULL,NULL,68,'https://storage.cloud.google.com/circleup-bucket/curriculum_781_doc.doc'),(782,'기본 블록 만들기',5,NULL,NULL,NULL,68,'https://storage.cloud.google.com/circleup-bucket/curriculum_782_doc.doc'),(783,'로그 캐빈 블록',6,NULL,NULL,NULL,68,'https://storage.cloud.google.com/circleup-bucket/curriculum_783_doc.doc'),(784,'스타 블록',7,NULL,NULL,NULL,68,'https://storage.cloud.google.com/circleup-bucket/curriculum_784_doc.doc'),(785,'9-패치 블록',8,NULL,NULL,NULL,68,'https://storage.cloud.google.com/circleup-bucket/curriculum_785_doc.doc'),(786,'패치워크 키트 활용하기',9,NULL,NULL,NULL,68,'https://storage.cloud.google.com/circleup-bucket/curriculum_786_doc.doc'),(787,'필라테스 소개',1,NULL,NULL,NULL,69,'https://storage.cloud.google.com/circleup-bucket/curriculum_787_doc.doc'),(788,'기본 호흡법',2,NULL,NULL,NULL,69,'https://storage.cloud.google.com/circleup-bucket/curriculum_788_doc.doc'),(789,'코어 강화 운동',3,NULL,NULL,NULL,69,'https://storage.cloud.google.com/circleup-bucket/curriculum_789_doc.doc'),(790,'척추 정렬 운동',4,NULL,NULL,NULL,69,'https://storage.cloud.google.com/circleup-bucket/curriculum_790_doc.doc'),(791,'상체 운동',5,NULL,NULL,NULL,69,'https://storage.cloud.google.com/circleup-bucket/curriculum_791_doc.doc'),(792,'하체 운동',6,NULL,NULL,NULL,69,'https://storage.cloud.google.com/circleup-bucket/curriculum_792_doc.doc'),(793,'유연성 향상 운동',7,NULL,NULL,NULL,69,'https://storage.cloud.google.com/circleup-bucket/curriculum_793_doc.doc'),(794,'밸런스 훈련',8,NULL,NULL,NULL,69,'https://storage.cloud.google.com/circleup-bucket/curriculum_794_doc.doc'),(795,'소도구를 이용한 운동',9,NULL,NULL,NULL,69,'https://storage.cloud.google.com/circleup-bucket/curriculum_795_doc.doc'),(796,'필라테스 플로우',10,NULL,NULL,NULL,69,'https://storage.cloud.google.com/circleup-bucket/curriculum_796_doc.doc'),(797,'향수의 역사와 기본 이론',1,NULL,NULL,NULL,70,'https://storage.cloud.google.com/circleup-bucket/curriculum_797_doc.doc'),(798,'향료의 종류와 특성',2,NULL,NULL,NULL,70,'https://storage.cloud.google.com/circleup-bucket/curriculum_798_doc.doc'),(799,'향수 구조 이해하기',3,NULL,NULL,NULL,70,'https://storage.cloud.google.com/circleup-bucket/curriculum_799_doc.doc'),(800,'탑/미들/베이스 노트',4,NULL,NULL,NULL,70,'https://storage.cloud.google.com/circleup-bucket/curriculum_800_doc.doc'),(801,'향수 블렌딩 기초',5,NULL,NULL,NULL,70,'https://storage.cloud.google.com/circleup-bucket/curriculum_801_doc.doc'),(802,'천연 향료 사용법',6,NULL,NULL,NULL,70,'https://storage.cloud.google.com/circleup-bucket/curriculum_802_doc.doc'),(803,'합성 향료 사용법',7,NULL,NULL,NULL,70,'https://storage.cloud.google.com/circleup-bucket/curriculum_803_doc.doc'),(804,'알코올 베이스 제작',8,NULL,NULL,NULL,70,'https://storage.cloud.google.com/circleup-bucket/curriculum_804_doc.doc'),(805,'오일 베이스 제작',9,NULL,NULL,NULL,70,'https://storage.cloud.google.com/circleup-bucket/curriculum_805_doc.doc'),(806,'고체 향수 만들기',10,NULL,NULL,NULL,70,'https://storage.cloud.google.com/circleup-bucket/curriculum_806_doc.doc'),(807,'롤온 향수 만들기',11,NULL,NULL,NULL,70,'https://storage.cloud.google.com/circleup-bucket/curriculum_807_doc.doc'),(808,'스프레이 향수 만들기',12,NULL,NULL,NULL,70,'https://storage.cloud.google.com/circleup-bucket/curriculum_808_doc.doc'),(809,'향수 숙성과 보관',13,NULL,NULL,NULL,70,'https://storage.cloud.google.com/circleup-bucket/curriculum_809_doc.doc'),(810,'패키징과 라벨링',14,NULL,NULL,NULL,70,'https://storage.cloud.google.com/circleup-bucket/curriculum_810_doc.doc'),(811,'시향 테크닉',15,NULL,NULL,NULL,70,'https://storage.cloud.google.com/circleup-bucket/curriculum_811_doc.doc'),(812,'향수 컬렉션 구성',16,NULL,NULL,NULL,70,'https://storage.cloud.google.com/circleup-bucket/curriculum_812_doc.doc'),(813,'계절별 향수 만들기',17,NULL,NULL,NULL,70,'https://storage.cloud.google.com/circleup-bucket/curriculum_813_doc.doc'),(814,'나만의 시그니처 향 개발',18,NULL,NULL,NULL,70,'https://storage.cloud.google.com/circleup-bucket/curriculum_814_doc.doc'),(815,'원료 선택과 준비',19,NULL,NULL,NULL,70,'https://storage.cloud.google.com/circleup-bucket/curriculum_815_doc.doc'),(816,'치즈의 역사와 종류',1,NULL,NULL,NULL,71,'https://storage.cloud.google.com/circleup-bucket/curriculum_816_doc.doc'),(817,'우유 선택과 준비',2,NULL,NULL,NULL,71,'https://storage.cloud.google.com/circleup-bucket/curriculum_817_doc.doc'),(818,'유산균 배양',3,NULL,NULL,NULL,71,'https://storage.cloud.google.com/circleup-bucket/curriculum_818_doc.doc'),(819,'응유 과정',4,NULL,NULL,NULL,71,'https://storage.cloud.google.com/circleup-bucket/curriculum_819_doc.doc'),(820,'커드 자르기',5,NULL,NULL,NULL,71,'https://storage.cloud.google.com/circleup-bucket/curriculum_820_doc.doc'),(821,'가열과 저어주기',6,NULL,NULL,NULL,71,'https://storage.cloud.google.com/circleup-bucket/curriculum_821_doc.doc'),(822,'모짜렐라 치즈 만들기',7,NULL,NULL,NULL,71,'https://storage.cloud.google.com/circleup-bucket/curriculum_822_doc.doc'),(823,'리코타 치즈 만들기',8,NULL,NULL,NULL,71,'https://storage.cloud.google.com/circleup-bucket/curriculum_823_doc.doc'),(824,'판화의 역사와 종류',1,NULL,NULL,NULL,72,'https://storage.cloud.google.com/circleup-bucket/curriculum_824_doc.doc'),(825,'판화 재료와 도구',2,NULL,NULL,NULL,72,'https://storage.cloud.google.com/circleup-bucket/curriculum_825_doc.doc'),(826,'목판화 기법',3,NULL,NULL,NULL,72,'https://storage.cloud.google.com/circleup-bucket/curriculum_826_doc.doc'),(827,'리놀륨판화 기법',4,NULL,NULL,NULL,72,'https://storage.cloud.google.com/circleup-bucket/curriculum_827_doc.doc'),(828,'동판화 기법',5,NULL,NULL,NULL,72,'https://storage.cloud.google.com/circleup-bucket/curriculum_828_doc.doc'),(829,'태극권의 역사와 철학',1,NULL,NULL,NULL,73,'https://storage.cloud.google.com/circleup-bucket/curriculum_829_doc.doc'),(830,'기본 자세와 호흡법',2,NULL,NULL,NULL,73,'https://storage.cloud.google.com/circleup-bucket/curriculum_830_doc.doc'),(831,'기본 동작 학습',3,NULL,NULL,NULL,73,'https://storage.cloud.google.com/circleup-bucket/curriculum_831_doc.doc'),(832,'24식 태극권 前반부',4,NULL,NULL,NULL,73,'https://storage.cloud.google.com/circleup-bucket/curriculum_832_doc.doc'),(833,'24식 태극권 後반부',5,NULL,NULL,NULL,73,'https://storage.cloud.google.com/circleup-bucket/curriculum_833_doc.doc'),(834,'태극권 推手 (밀기 손) 입문',6,NULL,NULL,NULL,73,'https://storage.cloud.google.com/circleup-bucket/curriculum_834_doc.doc'),(835,'태극 부채 기초',7,NULL,NULL,NULL,73,'https://storage.cloud.google.com/circleup-bucket/curriculum_835_doc.doc'),(836,'태극권과 명상',8,NULL,NULL,NULL,73,'https://storage.cloud.google.com/circleup-bucket/curriculum_836_doc.doc'),(837,'가죽의 종류와 특성',1,NULL,NULL,NULL,74,'https://storage.cloud.google.com/circleup-bucket/curriculum_837_doc.doc'),(838,'기본 공구 사용법',2,NULL,NULL,NULL,74,'https://storage.cloud.google.com/circleup-bucket/curriculum_838_doc.doc'),(839,'구두 디자인',3,NULL,NULL,NULL,74,'https://storage.cloud.google.com/circleup-bucket/curriculum_839_doc.doc'),(840,'패턴 제작',4,NULL,NULL,NULL,74,'https://storage.cloud.google.com/circleup-bucket/curriculum_840_doc.doc'),(841,'재단',5,NULL,NULL,NULL,74,'https://storage.cloud.google.com/circleup-bucket/curriculum_841_doc.doc'),(842,'재단',6,NULL,NULL,NULL,74,'https://storage.cloud.google.com/circleup-bucket/curriculum_842_doc.doc'),(843,'갑피 제작',7,NULL,NULL,NULL,74,'https://storage.cloud.google.com/circleup-bucket/curriculum_843_doc.doc'),(844,'창 제작',8,NULL,NULL,NULL,74,'https://storage.cloud.google.com/circleup-bucket/curriculum_844_doc.doc'),(845,'저부 접착',9,NULL,NULL,NULL,74,'https://storage.cloud.google.com/circleup-bucket/curriculum_845_doc.doc'),(846,'마감 처리',10,NULL,NULL,NULL,74,'https://storage.cloud.google.com/circleup-bucket/curriculum_846_doc.doc'),(847,'굽 부착',11,NULL,NULL,NULL,74,'https://storage.cloud.google.com/circleup-bucket/curriculum_847_doc.doc'),(848,'구두 관리법',12,NULL,NULL,NULL,74,'https://storage.cloud.google.com/circleup-bucket/curriculum_848_doc.doc'),(849,'맞춤 구두 제작',13,NULL,NULL,NULL,74,'https://storage.cloud.google.com/circleup-bucket/curriculum_849_doc.doc'),(850,'도자기의 역사',1,NULL,NULL,NULL,75,'https://storage.cloud.google.com/circleup-bucket/curriculum_850_doc.doc'),(851,'도자기 물레 기초',2,NULL,NULL,NULL,75,'https://storage.cloud.google.com/circleup-bucket/curriculum_851_doc.doc'),(852,'핸드빌딩 기법',3,NULL,NULL,NULL,75,'https://storage.cloud.google.com/circleup-bucket/curriculum_852_doc.doc'),(853,'도자기 형태 만들기',4,NULL,NULL,NULL,75,'https://storage.cloud.google.com/circleup-bucket/curriculum_853_doc.doc'),(854,'유약 기초',5,NULL,NULL,NULL,75,'https://storage.cloud.google.com/circleup-bucket/curriculum_854_doc.doc'),(855,'붓 기법',6,NULL,NULL,NULL,75,'https://storage.cloud.google.com/circleup-bucket/curriculum_855_doc.doc'),(856,'스펀지 기법',7,NULL,NULL,NULL,75,'https://storage.cloud.google.com/circleup-bucket/curriculum_856_doc.doc'),(857,'스크래치 기법',8,NULL,NULL,NULL,75,'https://storage.cloud.google.com/circleup-bucket/curriculum_857_doc.doc'),(858,'전사지 활용',9,NULL,NULL,NULL,75,'https://storage.cloud.google.com/circleup-bucket/curriculum_858_doc.doc'),(859,'언더글레이즈 페인팅',10,NULL,NULL,NULL,75,'https://storage.cloud.google.com/circleup-bucket/curriculum_859_doc.doc'),(860,'오버글레이즈 페인팅',11,NULL,NULL,NULL,75,'https://storage.cloud.google.com/circleup-bucket/curriculum_860_doc.doc'),(861,'금박 장식',12,NULL,NULL,NULL,75,'https://storage.cloud.google.com/circleup-bucket/curriculum_861_doc.doc'),(862,'루스터 기법',13,NULL,NULL,NULL,75,'https://storage.cloud.google.com/circleup-bucket/curriculum_862_doc.doc'),(863,'마졸리카 기법',14,NULL,NULL,NULL,75,'https://storage.cloud.google.com/circleup-bucket/curriculum_863_doc.doc'),(864,'크랙글 기법',15,NULL,NULL,NULL,75,'https://storage.cloud.google.com/circleup-bucket/curriculum_864_doc.doc'),(865,'결정유 기법',16,NULL,NULL,NULL,75,'https://storage.cloud.google.com/circleup-bucket/curriculum_865_doc.doc'),(866,'라쿠 소성 기법',17,NULL,NULL,NULL,75,'https://storage.cloud.google.com/circleup-bucket/curriculum_866_doc.doc'),(867,'작품 구상 및 제작',18,NULL,NULL,NULL,75,'https://storage.cloud.google.com/circleup-bucket/curriculum_867_doc.doc'),(868,'개인 작품 전시 준비',19,NULL,NULL,NULL,75,'https://storage.cloud.google.com/circleup-bucket/curriculum_868_doc.doc'),(869,'즉흥연기의 기본 원리',1,NULL,NULL,NULL,76,'https://storage.cloud.google.com/circleup-bucket/curriculum_869_doc.doc'),(870,'감정 표현 연습',2,NULL,NULL,NULL,76,'https://storage.cloud.google.com/circleup-bucket/curriculum_870_doc.doc'),(871,'캐릭터 구축',3,NULL,NULL,NULL,76,'https://storage.cloud.google.com/circleup-bucket/curriculum_871_doc.doc'),(872,'상황 설정 연습',4,NULL,NULL,NULL,76,'https://storage.cloud.google.com/circleup-bucket/curriculum_872_doc.doc'),(873,'파트너와의 호흡',5,NULL,NULL,NULL,76,'https://storage.cloud.google.com/circleup-bucket/curriculum_873_doc.doc'),(874,'즉흥 대사 만들기',6,NULL,NULL,NULL,76,'https://storage.cloud.google.com/circleup-bucket/curriculum_874_doc.doc'),(875,'신체 언어 활용',7,NULL,NULL,NULL,76,'https://storage.cloud.google.com/circleup-bucket/curriculum_875_doc.doc'),(876,'즉흥 장면 구성',8,NULL,NULL,NULL,76,'https://storage.cloud.google.com/circleup-bucket/curriculum_876_doc.doc'),(877,'천연 화장품의 장점',1,NULL,NULL,NULL,77,'https://storage.cloud.google.com/circleup-bucket/curriculum_877_doc.doc'),(878,'기본 재료 소개',2,NULL,NULL,NULL,77,'https://storage.cloud.google.com/circleup-bucket/curriculum_878_doc.doc'),(879,'보습 크림 만들기',3,NULL,NULL,NULL,77,'https://storage.cloud.google.com/circleup-bucket/curriculum_879_doc.doc'),(880,'립밤 제작',4,NULL,NULL,NULL,77,'https://storage.cloud.google.com/circleup-bucket/curriculum_880_doc.doc'),(881,'페이스 오일 블렌딩',5,NULL,NULL,NULL,77,'https://storage.cloud.google.com/circleup-bucket/curriculum_881_doc.doc'),(882,'천연 비누 만들기',6,NULL,NULL,NULL,77,'https://storage.cloud.google.com/circleup-bucket/curriculum_882_doc.doc'),(883,'샴푸 바 제작',7,NULL,NULL,NULL,77,'https://storage.cloud.google.com/circleup-bucket/curriculum_883_doc.doc'),(884,'바디 스크럽 만들기',8,NULL,NULL,NULL,77,'https://storage.cloud.google.com/circleup-bucket/curriculum_884_doc.doc'),(885,'향수 만들기',9,NULL,NULL,NULL,77,'https://storage.cloud.google.com/circleup-bucket/curriculum_885_doc.doc'),(886,'선크림 제작',10,NULL,NULL,NULL,77,'https://storage.cloud.google.com/circleup-bucket/curriculum_886_doc.doc'),(887,'전통 매듭의 역사',1,NULL,NULL,NULL,78,'https://storage.cloud.google.com/circleup-bucket/curriculum_887_doc.doc'),(888,'기본 도구와 실 사용법',2,NULL,NULL,NULL,78,'https://storage.cloud.google.com/circleup-bucket/curriculum_888_doc.doc'),(889,'기본 매듭 배우기',3,NULL,NULL,NULL,78,'https://storage.cloud.google.com/circleup-bucket/curriculum_889_doc.doc'),(890,'네 잎 매듭',4,NULL,NULL,NULL,78,'https://storage.cloud.google.com/circleup-bucket/curriculum_890_doc.doc'),(891,'꽃 매듭',5,NULL,NULL,NULL,78,'https://storage.cloud.google.com/circleup-bucket/curriculum_891_doc.doc'),(892,'나비 매듭',6,NULL,NULL,NULL,78,'https://storage.cloud.google.com/circleup-bucket/curriculum_892_doc.doc'),(893,'매듭 팔찌 만들기',7,NULL,NULL,NULL,78,'https://storage.cloud.google.com/circleup-bucket/curriculum_893_doc.doc'),(894,'노리개 만들기',8,NULL,NULL,NULL,78,'https://storage.cloud.google.com/circleup-bucket/curriculum_894_doc.doc'),(895,'가야금의 역사와 구조',1,NULL,NULL,NULL,79,'https://storage.cloud.google.com/circleup-bucket/curriculum_895_doc.doc'),(896,'기본 주법',2,NULL,NULL,NULL,79,'https://storage.cloud.google.com/circleup-bucket/curriculum_896_doc.doc'),(897,'정악 가야금',3,NULL,NULL,NULL,79,'https://storage.cloud.google.com/circleup-bucket/curriculum_897_doc.doc'),(898,'산조 가야금',4,NULL,NULL,NULL,79,'https://storage.cloud.google.com/circleup-bucket/curriculum_898_doc.doc'),(899,'현대 가야금',5,NULL,NULL,NULL,79,'https://storage.cloud.google.com/circleup-bucket/curriculum_899_doc.doc'),(900,'손글씨의 기초',1,NULL,NULL,NULL,80,'https://storage.cloud.google.com/circleup-bucket/curriculum_900_doc.doc'),(901,'다양한 필기구 활용',2,NULL,NULL,NULL,80,'https://storage.cloud.google.com/circleup-bucket/curriculum_901_doc.doc'),(902,'알파벳 스타일',3,NULL,NULL,NULL,80,'https://storage.cloud.google.com/circleup-bucket/curriculum_902_doc.doc'),(903,'숫자와 특수문자',4,NULL,NULL,NULL,80,'https://storage.cloud.google.com/circleup-bucket/curriculum_903_doc.doc'),(904,'레이아웃과 구성',5,NULL,NULL,NULL,80,'https://storage.cloud.google.com/circleup-bucket/curriculum_904_doc.doc'),(905,'수채화 기법 결합',6,NULL,NULL,NULL,80,'https://storage.cloud.google.com/circleup-bucket/curriculum_905_doc.doc'),(906,'디지털 손글씨',7,NULL,NULL,NULL,80,'https://storage.cloud.google.com/circleup-bucket/curriculum_906_doc.doc'),(907,'엽서 디자인',8,NULL,NULL,NULL,80,'https://storage.cloud.google.com/circleup-bucket/curriculum_907_doc.doc'),(908,'책 표지 디자인',9,NULL,NULL,NULL,80,'https://storage.cloud.google.com/circleup-bucket/curriculum_908_doc.doc'),(909,'캘리그라피 포스터',10,NULL,NULL,NULL,80,'https://storage.cloud.google.com/circleup-bucket/curriculum_909_doc.doc'),(910,'청첩장 디자인',11,NULL,NULL,NULL,80,'https://storage.cloud.google.com/circleup-bucket/curriculum_910_doc.doc'),(911,'로고 디자인',12,NULL,NULL,NULL,80,'https://storage.cloud.google.com/circleup-bucket/curriculum_911_doc.doc'),(912,'메뉴판 디자인',13,NULL,NULL,NULL,80,'https://storage.cloud.google.com/circleup-bucket/curriculum_912_doc.doc'),(913,'벽면 글씨 장식',14,NULL,NULL,NULL,80,'https://storage.cloud.google.com/circleup-bucket/curriculum_913_doc.doc'),(914,'손글씨 굿즈 제작',15,NULL,NULL,NULL,80,'https://storage.cloud.google.com/circleup-bucket/curriculum_914_doc.doc'),(915,'작품 전시 준비',16,NULL,NULL,NULL,80,'https://storage.cloud.google.com/circleup-bucket/curriculum_915_doc.doc'),(916,'정원 디자인 기초',1,NULL,'https://storage.googleapis.com/circleup-bucket/06ae09cf-f0e2-4921-a417-f66c295cb270.mp4',NULL,81,'https://storage.cloud.google.com/circleup-bucket/curriculum_916_doc.doc'),(917,'식물 선택과 배치',2,NULL,'https://storage.googleapis.com/circleup-bucket/c279d151-2cd1-4528-b24c-c6c8d1799cec.mp4',NULL,81,'https://storage.cloud.google.com/circleup-bucket/curriculum_917_doc.doc'),(918,'토양 관리',3,NULL,'https://storage.googleapis.com/circleup-bucket/0553403a-f321-4b86-ab09-a92e83ae0138.mp4',NULL,81,'https://storage.cloud.google.com/circleup-bucket/curriculum_918_doc.doc'),(919,'관수 시스템',4,NULL,NULL,NULL,81,'https://storage.cloud.google.com/circleup-bucket/curriculum_919_doc.doc'),(920,'조경 요소 활용',5,NULL,NULL,NULL,81,'https://storage.cloud.google.com/circleup-bucket/curriculum_920_doc.doc'),(921,'정원 구조물',6,NULL,NULL,NULL,81,'https://storage.cloud.google.com/circleup-bucket/curriculum_921_doc.doc'),(922,'화단 만들기',7,NULL,NULL,NULL,81,'https://storage.cloud.google.com/circleup-bucket/curriculum_922_doc.doc'),(923,'잔디 관리',8,NULL,NULL,NULL,81,'https://storage.cloud.google.com/circleup-bucket/curriculum_923_doc.doc'),(924,'나무와 관목 심기',9,NULL,NULL,NULL,81,'https://storage.cloud.google.com/circleup-bucket/curriculum_924_doc.doc'),(925,'암석원 만들기',10,NULL,NULL,NULL,81,'https://storage.cloud.google.com/circleup-bucket/curriculum_925_doc.doc'),(926,'수생 식물 정원',11,NULL,NULL,NULL,81,'https://storage.cloud.google.com/circleup-bucket/curriculum_926_doc.doc'),(927,'허브 정원',12,NULL,NULL,NULL,81,'https://storage.cloud.google.com/circleup-bucket/curriculum_927_doc.doc'),(928,'과수원 설계',13,NULL,NULL,NULL,81,'https://storage.cloud.google.com/circleup-bucket/curriculum_928_doc.doc'),(929,'야생화 정원',14,NULL,NULL,NULL,81,'https://storage.cloud.google.com/circleup-bucket/curriculum_929_doc.doc'),(930,'실내 정원 디자인',15,NULL,NULL,NULL,81,'https://storage.cloud.google.com/circleup-bucket/curriculum_930_doc.doc'),(931,'옥상 정원 설계',16,NULL,NULL,NULL,81,'https://storage.cloud.google.com/circleup-bucket/curriculum_931_doc.doc'),(932,'정원 유지 관리',17,NULL,NULL,NULL,81,'https://storage.cloud.google.com/circleup-bucket/curriculum_932_doc.doc'),(933,'친환경 정원 디자인',18,NULL,NULL,NULL,81,'https://storage.cloud.google.com/circleup-bucket/curriculum_933_doc.doc'),(934,'재즈 댄스의 역사',1,NULL,NULL,NULL,82,'https://storage.cloud.google.com/circleup-bucket/curriculum_934_doc.doc'),(935,'기본 스텝과 리듬',2,NULL,NULL,NULL,82,'https://storage.cloud.google.com/circleup-bucket/curriculum_935_doc.doc'),(936,'바디 아이솔레이션',3,NULL,NULL,NULL,82,'https://storage.cloud.google.com/circleup-bucket/curriculum_936_doc.doc'),(937,'턴과 스핀',4,NULL,NULL,NULL,82,'https://storage.cloud.google.com/circleup-bucket/curriculum_937_doc.doc'),(938,'점프와 리프트',5,NULL,NULL,NULL,82,'https://storage.cloud.google.com/circleup-bucket/curriculum_938_doc.doc'),(939,'즉흥 춤',6,NULL,NULL,NULL,82,'https://storage.cloud.google.com/circleup-bucket/curriculum_939_doc.doc'),(940,'안무 구성',7,NULL,NULL,NULL,82,'https://storage.cloud.google.com/circleup-bucket/curriculum_940_doc.doc'),(941,'재즈 음악 이해',8,NULL,NULL,NULL,82,'https://storage.cloud.google.com/circleup-bucket/curriculum_941_doc.doc'),(942,'재즈 댄스 스타일',9,NULL,NULL,NULL,82,'https://storage.cloud.google.com/circleup-bucket/curriculum_942_doc.doc'),(943,'페어 댄스',10,NULL,NULL,NULL,82,'https://storage.cloud.google.com/circleup-bucket/curriculum_943_doc.doc'),(944,'그룹 안무',11,NULL,NULL,NULL,82,'https://storage.cloud.google.com/circleup-bucket/curriculum_944_doc.doc'),(945,'무대 매너',12,NULL,NULL,NULL,82,'https://storage.cloud.google.com/circleup-bucket/curriculum_945_doc.doc'),(946,'의상과 메이크업',13,NULL,NULL,NULL,82,'https://storage.cloud.google.com/circleup-bucket/curriculum_946_doc.doc'),(947,'공연 준비',14,NULL,NULL,NULL,82,'https://storage.cloud.google.com/circleup-bucket/curriculum_947_doc.doc'),(948,'재즈 댄스 영상 촬영',15,NULL,NULL,NULL,82,'https://storage.cloud.google.com/circleup-bucket/curriculum_948_doc.doc'),(949,'스트레칭과 컨디셔닝',16,NULL,NULL,NULL,82,'https://storage.cloud.google.com/circleup-bucket/curriculum_949_doc.doc'),(950,'재즈 댄스 작품 감상',17,NULL,NULL,NULL,82,'https://storage.cloud.google.com/circleup-bucket/curriculum_950_doc.doc'),(951,'개인 작품 발표',18,NULL,NULL,NULL,82,'https://storage.cloud.google.com/circleup-bucket/curriculum_951_doc.doc'),(952,'오디션 준비',19,NULL,NULL,NULL,82,'https://storage.cloud.google.com/circleup-bucket/curriculum_952_doc.doc'),(953,'발효의 과학',1,NULL,NULL,NULL,83,'https://storage.cloud.google.com/circleup-bucket/curriculum_953_doc.doc'),(954,'장비와 재료 소개',2,NULL,NULL,NULL,83,'https://storage.cloud.google.com/circleup-bucket/curriculum_954_doc.doc'),(955,'김치 만들기',3,NULL,NULL,NULL,83,'https://storage.cloud.google.com/circleup-bucket/curriculum_955_doc.doc'),(956,'요구르트 제조',4,NULL,NULL,NULL,83,'https://storage.cloud.google.com/circleup-bucket/curriculum_956_doc.doc'),(957,'식초 만들기',5,NULL,NULL,NULL,83,'https://storage.cloud.google.com/circleup-bucket/curriculum_957_doc.doc'),(958,'된장 담그기',6,NULL,NULL,NULL,83,'https://storage.cloud.google.com/circleup-bucket/curriculum_958_doc.doc'),(959,'간장 제조',7,NULL,NULL,NULL,83,'https://storage.cloud.google.com/circleup-bucket/curriculum_959_doc.doc'),(960,'막걸리 담그기',8,NULL,NULL,NULL,83,'https://storage.cloud.google.com/circleup-bucket/curriculum_960_doc.doc'),(961,'치즈 제조',9,NULL,NULL,NULL,83,'https://storage.cloud.google.com/circleup-bucket/curriculum_961_doc.doc'),(962,'빵 발효',10,NULL,NULL,NULL,83,'https://storage.cloud.google.com/circleup-bucket/curriculum_962_doc.doc'),(963,'절임 채소',11,NULL,NULL,NULL,83,'https://storage.cloud.google.com/circleup-bucket/curriculum_963_doc.doc'),(964,'콤부차 만들기',12,NULL,NULL,NULL,83,'https://storage.cloud.google.com/circleup-bucket/curriculum_964_doc.doc'),(965,'미소 제조',13,NULL,NULL,NULL,83,'https://storage.cloud.google.com/circleup-bucket/curriculum_965_doc.doc'),(966,'케피어 만들기',14,NULL,NULL,NULL,83,'https://storage.cloud.google.com/circleup-bucket/curriculum_966_doc.doc'),(967,'사우어크라우트 제조',15,NULL,NULL,NULL,83,'https://storage.cloud.google.com/circleup-bucket/curriculum_967_doc.doc'),(968,'템페 만들기',16,NULL,NULL,NULL,83,'https://storage.cloud.google.com/circleup-bucket/curriculum_968_doc.doc'),(969,'발효 음료',17,NULL,NULL,NULL,83,'https://storage.cloud.google.com/circleup-bucket/curriculum_969_doc.doc'),(970,'디지털 드로잉 도구 소개',1,NULL,NULL,NULL,84,'https://storage.cloud.google.com/circleup-bucket/curriculum_970_doc.doc'),(971,'기본 툴 사용법',2,NULL,NULL,NULL,84,'https://storage.cloud.google.com/circleup-bucket/curriculum_971_doc.doc'),(972,'레이어 개념과 활용',3,NULL,NULL,NULL,84,'https://storage.cloud.google.com/circleup-bucket/curriculum_972_doc.doc'),(973,'브러시 설정과 활용',4,NULL,NULL,NULL,84,'https://storage.cloud.google.com/circleup-bucket/curriculum_973_doc.doc'),(974,'색상 이론과 팔레트',5,NULL,NULL,NULL,84,'https://storage.cloud.google.com/circleup-bucket/curriculum_974_doc.doc'),(975,'기본 스케치 기법',6,NULL,NULL,NULL,84,'https://storage.cloud.google.com/circleup-bucket/curriculum_975_doc.doc'),(976,'채색 기법',7,NULL,NULL,NULL,84,'https://storage.cloud.google.com/circleup-bucket/curriculum_976_doc.doc'),(977,'질감 표현',8,NULL,NULL,NULL,84,'https://storage.cloud.google.com/circleup-bucket/curriculum_977_doc.doc'),(978,'인물 드로잉',9,NULL,NULL,NULL,84,'https://storage.cloud.google.com/circleup-bucket/curriculum_978_doc.doc'),(979,'풍경 드로잉',10,NULL,NULL,NULL,84,'https://storage.cloud.google.com/circleup-bucket/curriculum_979_doc.doc'),(980,'캐릭터 디자인',11,NULL,NULL,NULL,84,'https://storage.cloud.google.com/circleup-bucket/curriculum_980_doc.doc'),(981,'컨셉 아트',12,NULL,NULL,NULL,84,'https://storage.cloud.google.com/circleup-bucket/curriculum_981_doc.doc'),(982,'일러스트레이션',13,NULL,NULL,NULL,84,'https://storage.cloud.google.com/circleup-bucket/curriculum_982_doc.doc'),(983,'만화 그리기',14,NULL,NULL,NULL,84,'https://storage.cloud.google.com/circleup-bucket/curriculum_983_doc.doc'),(984,'애니메이션 기초',15,NULL,NULL,NULL,84,'https://storage.cloud.google.com/circleup-bucket/curriculum_984_doc.doc'),(985,'포트폴리오 제작',16,NULL,NULL,NULL,84,'https://storage.cloud.google.com/circleup-bucket/curriculum_985_doc.doc'),(986,'기타의 구조와 역사',1,NULL,NULL,NULL,85,'https://storage.cloud.google.com/circleup-bucket/curriculum_986_doc.doc'),(987,'목재 선택',2,NULL,NULL,NULL,85,'https://storage.cloud.google.com/circleup-bucket/curriculum_987_doc.doc'),(988,'기타 도면 그리기',3,NULL,NULL,NULL,85,'https://storage.cloud.google.com/circleup-bucket/curriculum_988_doc.doc'),(989,'넥 제작',4,NULL,NULL,NULL,85,'https://storage.cloud.google.com/circleup-bucket/curriculum_989_doc.doc'),(990,'바디 제작',5,NULL,NULL,NULL,85,'https://storage.cloud.google.com/circleup-bucket/curriculum_990_doc.doc'),(991,'프렛 작업',6,NULL,NULL,NULL,85,'https://storage.cloud.google.com/circleup-bucket/curriculum_991_doc.doc'),(992,'브릿지 제작',7,NULL,NULL,NULL,85,'https://storage.cloud.google.com/circleup-bucket/curriculum_992_doc.doc'),(993,'픽가드 제작',8,NULL,NULL,NULL,85,'https://storage.cloud.google.com/circleup-bucket/curriculum_993_doc.doc'),(994,'도장 작업',9,NULL,NULL,NULL,85,'https://storage.cloud.google.com/circleup-bucket/curriculum_994_doc.doc'),(995,'하드웨어 설치',10,NULL,NULL,NULL,85,'https://storage.cloud.google.com/circleup-bucket/curriculum_995_doc.doc'),(996,'줄 장착과 조정',11,NULL,NULL,NULL,85,'https://storage.cloud.google.com/circleup-bucket/curriculum_996_doc.doc'),(997,'픽업 설치 (전기 기타)',12,NULL,NULL,NULL,85,'https://storage.cloud.google.com/circleup-bucket/curriculum_997_doc.doc'),(998,'음향 조정',13,NULL,NULL,NULL,85,'https://storage.cloud.google.com/circleup-bucket/curriculum_998_doc.doc'),(999,'한복의 역사와 의미',1,NULL,NULL,NULL,86,'https://storage.cloud.google.com/circleup-bucket/curriculum_999_doc.doc'),(1000,'한복 재료와 도구',2,NULL,NULL,NULL,86,'https://storage.cloud.google.com/circleup-bucket/curriculum_1000_doc.doc'),(1001,'치수 재기',3,NULL,NULL,NULL,86,'https://storage.cloud.google.com/circleup-bucket/curriculum_1001_doc.doc'),(1002,'저고리 만들기',4,NULL,NULL,NULL,86,'https://storage.cloud.google.com/circleup-bucket/curriculum_1002_doc.doc'),(1003,'치마 만들기',5,NULL,NULL,NULL,86,'https://storage.cloud.google.com/circleup-bucket/curriculum_1003_doc.doc'),(1004,'바지 만들기',6,NULL,NULL,NULL,86,'https://storage.cloud.google.com/circleup-bucket/curriculum_1004_doc.doc'),(1005,'당의 만들기',7,NULL,NULL,NULL,86,'https://storage.cloud.google.com/circleup-bucket/curriculum_1005_doc.doc'),(1006,'마고자 만들기',8,NULL,NULL,NULL,86,'https://storage.cloud.google.com/circleup-bucket/curriculum_1006_doc.doc'),(1007,'수의 놓기',9,NULL,NULL,NULL,86,'https://storage.cloud.google.com/circleup-bucket/curriculum_1007_doc.doc'),(1008,'풍경화의 기초',1,NULL,NULL,NULL,87,'https://storage.cloud.google.com/circleup-bucket/curriculum_1008_doc.doc'),(1009,'구도 잡기',2,NULL,NULL,NULL,87,'https://storage.cloud.google.com/circleup-bucket/curriculum_1009_doc.doc'),(1010,'원근법',3,NULL,NULL,NULL,87,'https://storage.cloud.google.com/circleup-bucket/curriculum_1010_doc.doc'),(1011,'빛과 그림자',4,NULL,NULL,NULL,87,'https://storage.cloud.google.com/circleup-bucket/curriculum_1011_doc.doc'),(1012,'색채 이론',5,NULL,NULL,NULL,87,'https://storage.cloud.google.com/circleup-bucket/curriculum_1012_doc.doc'),(1013,'수채화 기법',6,NULL,NULL,NULL,87,'https://storage.cloud.google.com/circleup-bucket/curriculum_1013_doc.doc'),(1014,'나무 그리기',7,NULL,NULL,NULL,87,'https://storage.cloud.google.com/circleup-bucket/curriculum_1014_doc.doc'),(1015,'물 표현하기',8,NULL,NULL,NULL,87,'https://storage.cloud.google.com/circleup-bucket/curriculum_1015_doc.doc'),(1016,'하늘 그리기',9,NULL,NULL,NULL,87,'https://storage.cloud.google.com/circleup-bucket/curriculum_1016_doc.doc'),(1017,'산 그리기',10,NULL,NULL,NULL,87,'https://storage.cloud.google.com/circleup-bucket/curriculum_1017_doc.doc'),(1018,'건물 그리기',11,NULL,NULL,NULL,87,'https://storage.cloud.google.com/circleup-bucket/curriculum_1018_doc.doc'),(1019,'팝업북의 역사',1,NULL,'https://storage.googleapis.com/circleup-bucket/fb87c3f2-b7dd-426c-b88b-66f961081500.mp4',NULL,88,'https://storage.cloud.google.com/circleup-bucket/curriculum_1019_doc.doc'),(1020,'기본 팝업 메커니즘',2,NULL,'https://storage.googleapis.com/circleup-bucket/2defb8c4-e830-4b41-858e-c5c8e7e61b1d.mp4',NULL,88,'https://storage.cloud.google.com/circleup-bucket/curriculum_1020_doc.doc'),(1021,'종이 선택과 도구 사용',3,NULL,'https://storage.googleapis.com/circleup-bucket/8ac1038b-adac-450a-b7ae-3401f6032891.mp4',NULL,88,'https://storage.cloud.google.com/circleup-bucket/curriculum_1021_doc.doc'),(1022,'기본 접기와 자르기',4,NULL,NULL,NULL,88,'https://storage.cloud.google.com/circleup-bucket/curriculum_1022_doc.doc'),(1023,'평행 폴드',5,NULL,NULL,NULL,88,'https://storage.cloud.google.com/circleup-bucket/curriculum_1023_doc.doc'),(1024,'V-폴드',6,NULL,NULL,NULL,88,'https://storage.cloud.google.com/circleup-bucket/curriculum_1024_doc.doc'),(1025,'플로팅 레이어',7,NULL,NULL,NULL,88,'https://storage.cloud.google.com/circleup-bucket/curriculum_1025_doc.doc'),(1026,'회전 메커니즘',8,NULL,NULL,NULL,88,'https://storage.cloud.google.com/circleup-bucket/curriculum_1026_doc.doc'),(1027,'풀아웃 구조',9,NULL,NULL,NULL,88,'https://storage.cloud.google.com/circleup-bucket/curriculum_1027_doc.doc'),(1028,'이미지 구상과 스케치',10,NULL,NULL,NULL,88,'https://storage.cloud.google.com/circleup-bucket/curriculum_1028_doc.doc'),(1029,'컬러링과 장식',11,NULL,'https://storage.googleapis.com/circleup-bucket/3a26cec5-5905-4313-904b-72ae74a72874.mp4',NULL,88,'https://storage.cloud.google.com/circleup-bucket/curriculum_1029_doc.doc'),(1030,'크로쉐의 기초',1,NULL,NULL,NULL,89,'https://storage.cloud.google.com/circleup-bucket/curriculum_1030_doc.doc'),(1031,'기본 스티치',2,NULL,NULL,NULL,89,'https://storage.cloud.google.com/circleup-bucket/curriculum_1031_doc.doc'),(1032,'도안 읽기',3,NULL,NULL,NULL,89,'https://storage.cloud.google.com/circleup-bucket/curriculum_1032_doc.doc'),(1033,'원형 뜨기',4,NULL,NULL,NULL,89,'https://storage.cloud.google.com/circleup-bucket/curriculum_1033_doc.doc'),(1034,'사각형 뜨기',5,NULL,NULL,NULL,89,'https://storage.cloud.google.com/circleup-bucket/curriculum_1034_doc.doc'),(1035,'모티브 연결',6,NULL,NULL,NULL,89,'https://storage.cloud.google.com/circleup-bucket/curriculum_1035_doc.doc'),(1036,'입체 작품 만들기',7,NULL,NULL,NULL,89,'https://storage.cloud.google.com/circleup-bucket/curriculum_1036_doc.doc'),(1037,'소품 제작 (수세미, 컵받침)',8,NULL,NULL,NULL,89,'https://storage.cloud.google.com/circleup-bucket/curriculum_1037_doc.doc'),(1038,'가방 만들기',9,NULL,NULL,NULL,89,'https://storage.cloud.google.com/circleup-bucket/curriculum_1038_doc.doc'),(1039,'모자 뜨기',10,NULL,NULL,NULL,89,'https://storage.cloud.google.com/circleup-bucket/curriculum_1039_doc.doc'),(1040,'인형 만들기',11,NULL,NULL,NULL,89,'https://storage.cloud.google.com/circleup-bucket/curriculum_1040_doc.doc'),(1041,'스웨터 뜨기',12,NULL,NULL,NULL,89,'https://storage.cloud.google.com/circleup-bucket/curriculum_1041_doc.doc'),(1042,'레이스 뜨기',13,NULL,NULL,NULL,89,'https://storage.cloud.google.com/circleup-bucket/curriculum_1042_doc.doc'),(1043,'아프간 블랭킷',14,NULL,NULL,NULL,89,'https://storage.cloud.google.com/circleup-bucket/curriculum_1043_doc.doc'),(1044,'색상 변경 기법',15,NULL,NULL,NULL,89,'https://storage.cloud.google.com/circleup-bucket/curriculum_1044_doc.doc'),(1045,'작품 마무리와 관리',16,NULL,NULL,NULL,89,'https://storage.cloud.google.com/circleup-bucket/curriculum_1045_doc.doc'),(1046,'차의 역사와 문화',1,NULL,NULL,NULL,90,'https://storage.cloud.google.com/circleup-bucket/curriculum_1046_doc.doc'),(1047,'녹차의 종류와 특징',2,NULL,NULL,NULL,90,'https://storage.cloud.google.com/circleup-bucket/curriculum_1047_doc.doc'),(1048,'홍차의 종류와 특징',3,NULL,NULL,NULL,90,'https://storage.cloud.google.com/circleup-bucket/curriculum_1048_doc.doc'),(1049,'우롱차의 종류와 특징',4,NULL,NULL,NULL,90,'https://storage.cloud.google.com/circleup-bucket/curriculum_1049_doc.doc'),(1050,'보이차의 이해',5,NULL,NULL,NULL,90,'https://storage.cloud.google.com/circleup-bucket/curriculum_1050_doc.doc'),(1051,'허브티의 세계',6,NULL,NULL,NULL,90,'https://storage.cloud.google.com/circleup-bucket/curriculum_1051_doc.doc'),(1052,'다도의 기본',7,NULL,NULL,NULL,90,'https://storage.cloud.google.com/circleup-bucket/curriculum_1052_doc.doc'),(1053,'차 우리는 방법',8,NULL,NULL,NULL,90,'https://storage.cloud.google.com/circleup-bucket/curriculum_1053_doc.doc'),(1054,'차 도구의 이해',9,NULL,NULL,NULL,90,'https://storage.cloud.google.com/circleup-bucket/curriculum_1054_doc.doc'),(1055,'차와 음식 페어링',10,NULL,NULL,NULL,90,'https://storage.cloud.google.com/circleup-bucket/curriculum_1055_doc.doc'),(1056,'차 저장법',11,NULL,NULL,NULL,90,'https://storage.cloud.google.com/circleup-bucket/curriculum_1056_doc.doc'),(1057,'세계의 차 문화',12,NULL,NULL,NULL,90,'https://storage.cloud.google.com/circleup-bucket/curriculum_1057_doc.doc'),(1058,'차 시음회',13,NULL,NULL,NULL,90,'https://storage.cloud.google.com/circleup-bucket/curriculum_1058_doc.doc'),(1059,'블렌딩 티 만들기',14,NULL,NULL,NULL,90,'https://storage.cloud.google.com/circleup-bucket/curriculum_1059_doc.doc'),(1060,'차 관련 에티켓',15,NULL,NULL,NULL,90,'https://storage.cloud.google.com/circleup-bucket/curriculum_1060_doc.doc'),(1061,'재활용 예술의 의미',1,NULL,NULL,NULL,91,'https://storage.cloud.google.com/circleup-bucket/curriculum_1061_doc.doc'),(1062,'재료 수집과 준비',2,NULL,NULL,NULL,91,'https://storage.cloud.google.com/circleup-bucket/curriculum_1062_doc.doc'),(1063,'기본 공구 사용법',3,NULL,NULL,NULL,91,'https://storage.cloud.google.com/circleup-bucket/curriculum_1063_doc.doc'),(1064,'재활용 조각 작품',4,NULL,NULL,NULL,91,'https://storage.cloud.google.com/circleup-bucket/curriculum_1064_doc.doc'),(1065,'페이퍼 아트',5,NULL,NULL,NULL,91,'https://storage.cloud.google.com/circleup-bucket/curriculum_1065_doc.doc'),(1066,'플라스틱 병 활용',6,NULL,NULL,NULL,91,'https://storage.cloud.google.com/circleup-bucket/curriculum_1066_doc.doc'),(1067,'직물 재활용',7,NULL,NULL,NULL,91,'https://storage.cloud.google.com/circleup-bucket/curriculum_1067_doc.doc'),(1068,'금속 재활용',8,NULL,NULL,NULL,91,'https://storage.cloud.google.com/circleup-bucket/curriculum_1068_doc.doc'),(1069,'나무 재활용',9,NULL,NULL,NULL,91,'https://storage.cloud.google.com/circleup-bucket/curriculum_1069_doc.doc'),(1070,'유리 재활용',10,NULL,NULL,NULL,91,'https://storage.cloud.google.com/circleup-bucket/curriculum_1070_doc.doc'),(1071,'전자 제품 재활용',11,NULL,NULL,NULL,91,'https://storage.cloud.google.com/circleup-bucket/curriculum_1071_doc.doc'),(1072,'업사이클링 가구',12,NULL,NULL,NULL,91,'https://storage.cloud.google.com/circleup-bucket/curriculum_1072_doc.doc'),(1073,'환경 메시지 작품',13,NULL,NULL,NULL,91,'https://storage.cloud.google.com/circleup-bucket/curriculum_1073_doc.doc'),(1074,'재활용 장신구 만들기',14,NULL,NULL,NULL,91,'https://storage.cloud.google.com/circleup-bucket/curriculum_1074_doc.doc'),(1075,'지역 사회 프로젝트',15,NULL,NULL,NULL,91,'https://storage.cloud.google.com/circleup-bucket/curriculum_1075_doc.doc'),(1076,'전시회 준비',16,NULL,NULL,NULL,91,'https://storage.cloud.google.com/circleup-bucket/curriculum_1076_doc.doc'),(1077,'살사 춤의 역사',1,NULL,NULL,NULL,92,'https://storage.cloud.google.com/circleup-bucket/curriculum_1077_doc.doc'),(1078,'기본 스텝',2,NULL,NULL,NULL,92,'https://storage.cloud.google.com/circleup-bucket/curriculum_1078_doc.doc'),(1079,'리듬 감각 훈련',3,NULL,NULL,NULL,92,'https://storage.cloud.google.com/circleup-bucket/curriculum_1079_doc.doc'),(1080,'기본 턴',4,NULL,NULL,NULL,92,'https://storage.cloud.google.com/circleup-bucket/curriculum_1080_doc.doc'),(1081,'팔 동작',5,NULL,NULL,NULL,92,'https://storage.cloud.google.com/circleup-bucket/curriculum_1081_doc.doc'),(1082,'파트너와의 호흡',6,NULL,NULL,NULL,92,'https://storage.cloud.google.com/circleup-bucket/curriculum_1082_doc.doc'),(1083,'살사 음악의 이해',7,NULL,NULL,NULL,92,'https://storage.cloud.google.com/circleup-bucket/curriculum_1083_doc.doc'),(1084,'꽃차의 역사와 효능',1,NULL,NULL,NULL,93,'https://storage.cloud.google.com/circleup-bucket/curriculum_1084_doc.doc'),(1085,'꽃의 선택과 채취',2,NULL,NULL,NULL,93,'https://storage.cloud.google.com/circleup-bucket/curriculum_1085_doc.doc'),(1086,'꽃 보관법',3,NULL,NULL,NULL,93,'https://storage.cloud.google.com/circleup-bucket/curriculum_1086_doc.doc'),(1087,'기본 꽃차 만들기',4,NULL,NULL,NULL,93,'https://storage.cloud.google.com/circleup-bucket/curriculum_1087_doc.doc'),(1088,'블렌딩 기법',5,NULL,NULL,NULL,93,'https://storage.cloud.google.com/circleup-bucket/curriculum_1088_doc.doc'),(1089,'계절별 꽃차',6,NULL,NULL,NULL,93,'https://storage.cloud.google.com/circleup-bucket/curriculum_1089_doc.doc'),(1090,'인형의 역사',1,NULL,NULL,NULL,94,'https://storage.cloud.google.com/circleup-bucket/curriculum_1090_doc.doc'),(1091,'재료와 도구 소개',2,NULL,NULL,NULL,94,'https://storage.cloud.google.com/circleup-bucket/curriculum_1091_doc.doc'),(1092,'패턴 디자인',3,NULL,NULL,NULL,94,'https://storage.cloud.google.com/circleup-bucket/curriculum_1092_doc.doc'),(1093,'재단과 봉제',4,NULL,NULL,NULL,94,'https://storage.cloud.google.com/circleup-bucket/curriculum_1093_doc.doc'),(1094,'얼굴 만들기',5,NULL,NULL,NULL,94,'https://storage.cloud.google.com/circleup-bucket/curriculum_1094_doc.doc'),(1095,'헤어 스타일링',6,NULL,NULL,NULL,94,'https://storage.cloud.google.com/circleup-bucket/curriculum_1095_doc.doc'),(1096,'의상 제작',7,NULL,NULL,NULL,94,'https://storage.cloud.google.com/circleup-bucket/curriculum_1096_doc.doc'),(1097,'인형 소품 만들기',8,NULL,NULL,NULL,94,'https://storage.cloud.google.com/circleup-bucket/curriculum_1097_doc.doc'),(1098,'관절 인형 제작',9,NULL,NULL,NULL,94,'https://storage.cloud.google.com/circleup-bucket/curriculum_1098_doc.doc'),(1099,'캐릭터 인형 만들기',10,NULL,NULL,NULL,94,'https://storage.cloud.google.com/circleup-bucket/curriculum_1099_doc.doc'),(1100,'미니어처 인형',11,NULL,NULL,NULL,94,'https://storage.cloud.google.com/circleup-bucket/curriculum_1100_doc.doc'),(1101,'포장과 보관',12,NULL,NULL,NULL,94,'https://storage.cloud.google.com/circleup-bucket/curriculum_1101_doc.doc'),(1102,'전통 가구의 역사',1,NULL,NULL,NULL,95,'https://storage.cloud.google.com/circleup-bucket/curriculum_1102_doc.doc'),(1103,'목재의 종류와 특성',2,NULL,NULL,NULL,95,'https://storage.cloud.google.com/circleup-bucket/curriculum_1103_doc.doc'),(1104,'기본 공구 사용법',3,NULL,NULL,NULL,95,'https://storage.cloud.google.com/circleup-bucket/curriculum_1104_doc.doc'),(1105,'전통 짜맞춤 기법',4,NULL,NULL,NULL,95,'https://storage.cloud.google.com/circleup-bucket/curriculum_1105_doc.doc'),(1106,'나무 선택과 건조',5,NULL,NULL,NULL,95,'https://storage.cloud.google.com/circleup-bucket/curriculum_1106_doc.doc'),(1107,'목공 도면 그리기',6,NULL,NULL,NULL,95,'https://storage.cloud.google.com/circleup-bucket/curriculum_1107_doc.doc'),(1108,'장식 기법',7,NULL,NULL,NULL,95,'https://storage.cloud.google.com/circleup-bucket/curriculum_1108_doc.doc'),(1109,'칠하기 기초',8,NULL,NULL,NULL,95,'https://storage.cloud.google.com/circleup-bucket/curriculum_1109_doc.doc'),(1110,'소반 만들기',9,NULL,NULL,NULL,95,'https://storage.cloud.google.com/circleup-bucket/curriculum_1110_doc.doc'),(1111,'문갑 제작',10,NULL,NULL,NULL,95,'https://storage.cloud.google.com/circleup-bucket/curriculum_1111_doc.doc'),(1112,'좌식 테이블 만들기',11,NULL,NULL,NULL,95,'https://storage.cloud.google.com/circleup-bucket/curriculum_1112_doc.doc'),(1113,'전통 의자 제작',12,NULL,NULL,NULL,95,'https://storage.cloud.google.com/circleup-bucket/curriculum_1113_doc.doc'),(1114,'장식장 만들기',13,NULL,NULL,NULL,95,'https://storage.cloud.google.com/circleup-bucket/curriculum_1114_doc.doc'),(1115,'전통 문양 새기기',14,NULL,NULL,NULL,95,'https://storage.cloud.google.com/circleup-bucket/curriculum_1115_doc.doc'),(1116,'나전칠기 기법',15,NULL,NULL,NULL,95,'https://storage.cloud.google.com/circleup-bucket/curriculum_1116_doc.doc'),(1117,'칠 기법',16,NULL,NULL,NULL,95,'https://storage.cloud.google.com/circleup-bucket/curriculum_1117_doc.doc'),(1118,'조각 기법',17,NULL,NULL,NULL,95,'https://storage.cloud.google.com/circleup-bucket/curriculum_1118_doc.doc'),(1119,'작품 마감',18,NULL,NULL,NULL,95,'https://storage.cloud.google.com/circleup-bucket/curriculum_1119_doc.doc'),(1120,'전시 및 판매',19,NULL,NULL,NULL,95,'https://storage.cloud.google.com/circleup-bucket/curriculum_1120_doc.doc'),(1121,'아크릴 물감의 특성',1,NULL,NULL,NULL,96,'https://storage.cloud.google.com/circleup-bucket/curriculum_1121_doc.doc'),(1122,'기본 도구 사용법',2,NULL,NULL,NULL,96,'https://storage.cloud.google.com/circleup-bucket/curriculum_1122_doc.doc'),(1123,'색채 이론과 혼색',3,NULL,NULL,NULL,96,'https://storage.cloud.google.com/circleup-bucket/curriculum_1123_doc.doc'),(1124,'기초 채색 기법',4,NULL,NULL,NULL,96,'https://storage.cloud.google.com/circleup-bucket/curriculum_1124_doc.doc'),(1125,'질감 표현',5,NULL,NULL,NULL,96,'https://storage.cloud.google.com/circleup-bucket/curriculum_1125_doc.doc'),(1126,'명암과 입체감',6,NULL,NULL,NULL,96,'https://storage.cloud.google.com/circleup-bucket/curriculum_1126_doc.doc'),(1127,'풍경화 그리기',7,NULL,NULL,NULL,96,'https://storage.cloud.google.com/circleup-bucket/curriculum_1127_doc.doc'),(1128,'인물화 그리기',8,NULL,NULL,NULL,96,'https://storage.cloud.google.com/circleup-bucket/curriculum_1128_doc.doc'),(1129,'정물화 그리기',9,NULL,NULL,NULL,96,'https://storage.cloud.google.com/circleup-bucket/curriculum_1129_doc.doc'),(1130,'추상화 기법',10,NULL,NULL,NULL,96,'https://storage.cloud.google.com/circleup-bucket/curriculum_1130_doc.doc'),(1131,'캔버스 준비',11,NULL,NULL,NULL,96,'https://storage.cloud.google.com/circleup-bucket/curriculum_1131_doc.doc'),(1132,'요가 니드라의 역사와 원리',1,NULL,NULL,NULL,97,'https://storage.cloud.google.com/circleup-bucket/curriculum_1132_doc.doc'),(1133,'호흡법',2,NULL,NULL,NULL,97,'https://storage.cloud.google.com/circleup-bucket/curriculum_1133_doc.doc'),(1134,'바디스캔',3,NULL,NULL,NULL,97,'https://storage.cloud.google.com/circleup-bucket/curriculum_1134_doc.doc'),(1135,'감각 인식',4,NULL,NULL,NULL,97,'https://storage.cloud.google.com/circleup-bucket/curriculum_1135_doc.doc'),(1136,'이미지 시각화',5,NULL,NULL,NULL,97,'https://storage.cloud.google.com/circleup-bucket/curriculum_1136_doc.doc'),(1137,'삼카르파 설정',6,NULL,NULL,NULL,97,'https://storage.cloud.google.com/circleup-bucket/curriculum_1137_doc.doc'),(1138,'요가 니드라와 명상',7,NULL,NULL,NULL,97,'https://storage.cloud.google.com/circleup-bucket/curriculum_1138_doc.doc'),(1139,'스트레스 해소 테크닉',8,NULL,NULL,NULL,97,'https://storage.cloud.google.com/circleup-bucket/curriculum_1139_doc.doc'),(1140,'수면의 질 향상',9,NULL,NULL,NULL,97,'https://storage.cloud.google.com/circleup-bucket/curriculum_1140_doc.doc'),(1141,'감정 조절',10,NULL,NULL,NULL,97,'https://storage.cloud.google.com/circleup-bucket/curriculum_1141_doc.doc'),(1142,'창의성 개발',11,NULL,NULL,NULL,97,'https://storage.cloud.google.com/circleup-bucket/curriculum_1142_doc.doc'),(1143,'자아 탐구',12,NULL,NULL,NULL,97,'https://storage.cloud.google.com/circleup-bucket/curriculum_1143_doc.doc'),(1144,'에너지 균형',13,NULL,NULL,NULL,97,'https://storage.cloud.google.com/circleup-bucket/curriculum_1144_doc.doc'),(1145,'chakra 정렬',14,NULL,NULL,NULL,97,'https://storage.cloud.google.com/circleup-bucket/curriculum_1145_doc.doc'),(1146,'요가 니드라와 일상생활',15,NULL,NULL,NULL,97,'https://storage.cloud.google.com/circleup-bucket/curriculum_1146_doc.doc'),(1147,'심화 요가 니드라 실습',16,NULL,NULL,NULL,97,'https://storage.cloud.google.com/circleup-bucket/curriculum_1147_doc.doc'),(1148,'요가 니드라 지도법',17,NULL,NULL,NULL,97,'https://storage.cloud.google.com/circleup-bucket/curriculum_1148_doc.doc'),(1149,'개인 수련 계획',18,NULL,NULL,NULL,97,'https://storage.cloud.google.com/circleup-bucket/curriculum_1149_doc.doc'),(1150,'요가 니드라와 건강',19,NULL,NULL,NULL,97,'https://storage.cloud.google.com/circleup-bucket/curriculum_1150_doc.doc'),(1151,'장기 수련의 효과',20,NULL,NULL,NULL,97,'https://storage.cloud.google.com/circleup-bucket/curriculum_1151_doc.doc'),(1152,'베이킹의 기초',1,NULL,NULL,NULL,98,'https://storage.cloud.google.com/circleup-bucket/curriculum_1152_doc.doc'),(1153,'과일 타르트',2,NULL,NULL,NULL,98,'https://storage.cloud.google.com/circleup-bucket/curriculum_1153_doc.doc'),(1154,'초콜릿 트뤼프',3,NULL,NULL,NULL,98,'https://storage.cloud.google.com/circleup-bucket/curriculum_1154_doc.doc'),(1155,'마카롱',4,NULL,NULL,NULL,98,'https://storage.cloud.google.com/circleup-bucket/curriculum_1155_doc.doc'),(1156,'파블로바',5,NULL,NULL,NULL,98,'https://storage.cloud.google.com/circleup-bucket/curriculum_1156_doc.doc'),(1157,'티라미수',6,NULL,NULL,NULL,98,'https://storage.cloud.google.com/circleup-bucket/curriculum_1157_doc.doc'),(1158,'크렘 브륄레',7,NULL,NULL,NULL,98,'https://storage.cloud.google.com/circleup-bucket/curriculum_1158_doc.doc'),(1159,'프로피테롤',8,NULL,NULL,NULL,98,'https://storage.cloud.google.com/circleup-bucket/curriculum_1159_doc.doc'),(1160,'에클레어',9,NULL,NULL,NULL,98,'https://storage.cloud.google.com/circleup-bucket/curriculum_1160_doc.doc'),(1161,'무스 케이크',10,NULL,NULL,NULL,98,'https://storage.cloud.google.com/circleup-bucket/curriculum_1161_doc.doc'),(1162,'젤라또',11,NULL,NULL,NULL,98,'https://storage.cloud.google.com/circleup-bucket/curriculum_1162_doc.doc'),(1163,'푸딩',12,NULL,NULL,NULL,98,'https://storage.cloud.google.com/circleup-bucket/curriculum_1163_doc.doc'),(1164,'슈가 아트',13,NULL,NULL,NULL,98,'https://storage.cloud.google.com/circleup-bucket/curriculum_1164_doc.doc'),(1165,'디저트 플레이팅',14,NULL,NULL,NULL,98,'https://storage.cloud.google.com/circleup-bucket/curriculum_1165_doc.doc'),(1166,'그림책의 역사',1,NULL,NULL,NULL,99,'https://storage.cloud.google.com/circleup-bucket/curriculum_1166_doc.doc'),(1167,'스토리 구상',2,NULL,NULL,NULL,99,'https://storage.cloud.google.com/circleup-bucket/curriculum_1167_doc.doc'),(1168,'캐릭터 디자인',3,NULL,NULL,NULL,99,'https://storage.cloud.google.com/circleup-bucket/curriculum_1168_doc.doc'),(1169,'스토리보드 작성',4,NULL,NULL,NULL,99,'https://storage.cloud.google.com/circleup-bucket/curriculum_1169_doc.doc'),(1170,'그림 스타일 선택',5,NULL,NULL,NULL,99,'https://storage.cloud.google.com/circleup-bucket/curriculum_1170_doc.doc'),(1171,'레이아웃 설계',6,NULL,NULL,NULL,99,'https://storage.cloud.google.com/circleup-bucket/curriculum_1171_doc.doc'),(1172,'텍스트와 이미지 조화',7,NULL,NULL,NULL,99,'https://storage.cloud.google.com/circleup-bucket/curriculum_1172_doc.doc'),(1173,'일러스트레이션 기법',8,NULL,NULL,NULL,99,'https://storage.cloud.google.com/circleup-bucket/curriculum_1173_doc.doc'),(1174,'색채 활용',9,NULL,NULL,NULL,99,'https://storage.cloud.google.com/circleup-bucket/curriculum_1174_doc.doc'),(1175,'표지 디자인',10,NULL,NULL,NULL,99,'https://storage.cloud.google.com/circleup-bucket/curriculum_1175_doc.doc'),(1176,'더미북 만들기',11,NULL,NULL,NULL,99,'https://storage.cloud.google.com/circleup-bucket/curriculum_1176_doc.doc'),(1177,'편집 디자인',12,NULL,NULL,NULL,99,'https://storage.cloud.google.com/circleup-bucket/curriculum_1177_doc.doc'),(1178,'출판 과정 이해',13,NULL,NULL,NULL,99,'https://storage.cloud.google.com/circleup-bucket/curriculum_1178_doc.doc'),(1179,'디지털 그림책',14,NULL,NULL,NULL,99,'https://storage.cloud.google.com/circleup-bucket/curriculum_1179_doc.doc'),(1180,'독자층 분석',15,NULL,NULL,NULL,99,'https://storage.cloud.google.com/circleup-bucket/curriculum_1180_doc.doc'),(1181,'마케팅 전략',16,NULL,NULL,NULL,99,'https://storage.cloud.google.com/circleup-bucket/curriculum_1181_doc.doc'),(1182,'논리와 비판적 사고의 개요',1,NULL,NULL,NULL,6,'https://storage.cloud.google.com/circleup-bucket/curriculum_1182_doc.doc'),(1183,'논증의 구조와 분석',2,NULL,NULL,NULL,6,'https://storage.cloud.google.com/circleup-bucket/curriculum_1183_doc.doc'),(1184,'연역 논증과 귀납 논증',3,NULL,NULL,NULL,6,'https://storage.cloud.google.com/circleup-bucket/curriculum_1184_doc.doc'),(1185,'논리적 오류의 이해와 식별',4,NULL,NULL,NULL,6,'https://storage.cloud.google.com/circleup-bucket/curriculum_1185_doc.doc'),(1186,'비형식적 논리와 일상적 추론',5,NULL,NULL,NULL,6,'https://storage.cloud.google.com/circleup-bucket/curriculum_1186_doc.doc'),(1187,'비판적 읽기와 분석',6,NULL,NULL,NULL,6,'https://storage.cloud.google.com/circleup-bucket/curriculum_1187_doc.doc'),(1188,'과학적 방법과 가설 검증',7,NULL,NULL,NULL,6,'https://storage.cloud.google.com/circleup-bucket/curriculum_1188_doc.doc'),(1189,'통계와 확률의 비판적 이해',8,NULL,NULL,NULL,6,'https://storage.cloud.google.com/circleup-bucket/curriculum_1189_doc.doc'),(1190,'미디어 리터러시와 정보 평가',9,NULL,NULL,NULL,6,'https://storage.cloud.google.com/circleup-bucket/curriculum_1190_doc.doc'),(1191,'윤리적 추론과 도덕적 딜레마',10,NULL,NULL,NULL,6,'https://storage.cloud.google.com/circleup-bucket/curriculum_1191_doc.doc'),(1192,'창의적 사고와 문제 해결',11,NULL,NULL,NULL,6,'https://storage.cloud.google.com/circleup-bucket/curriculum_1192_doc.doc'),(1193,'논증 구성과 설득력 있는 글쓰기',12,NULL,NULL,NULL,6,'https://storage.cloud.google.com/circleup-bucket/curriculum_1193_doc.doc'),(1194,'토론의 기술과 효과적인 의사소통',13,NULL,NULL,NULL,6,'https://storage.cloud.google.com/circleup-bucket/curriculum_1194_doc.doc'),(1195,'비판적 사고의 실제 적용',14,NULL,NULL,NULL,6,'https://storage.cloud.google.com/circleup-bucket/curriculum_1195_doc.doc'),(1196,'종합 프로젝트: 현대 사회 이슈 분석',15,NULL,NULL,NULL,6,'https://storage.cloud.google.com/circleup-bucket/curriculum_1196_doc.doc'),(1197,'19세기 말 유럽의 정세와 전쟁의 배경',1,NULL,NULL,NULL,7,'https://storage.cloud.google.com/circleup-bucket/curriculum_1197_doc.doc'),(1198,'민족주의와 제국주의의 충돌',2,NULL,NULL,NULL,7,'https://storage.cloud.google.com/circleup-bucket/curriculum_1198_doc.doc'),(1199,'동맹 체제의 형성과 군비 경쟁',3,NULL,NULL,NULL,7,'https://storage.cloud.google.com/circleup-bucket/curriculum_1199_doc.doc'),(1200,'사라예보 사건과 전쟁의 발발',4,NULL,NULL,NULL,7,'https://storage.cloud.google.com/circleup-bucket/curriculum_1200_doc.doc'),(1201,'서부 전선: 참호전의 실상',5,NULL,NULL,NULL,7,'https://storage.cloud.google.com/circleup-bucket/curriculum_1201_doc.doc'),(1202,'동부 전선: 러시아의 참전과 퇴출',6,NULL,NULL,NULL,7,'https://storage.cloud.google.com/circleup-bucket/curriculum_1202_doc.doc'),(1203,'해전과 잠수함 작전',7,NULL,NULL,NULL,7,'https://storage.cloud.google.com/circleup-bucket/curriculum_1203_doc.doc'),(1204,'중동 전선과 오스만 제국의 몰락',8,NULL,NULL,NULL,7,'https://storage.cloud.google.com/circleup-bucket/curriculum_1204_doc.doc'),(1205,'총력전과 국내 전선',9,NULL,NULL,NULL,7,'https://storage.cloud.google.com/circleup-bucket/curriculum_1205_doc.doc'),(1206,'전쟁의 기술과 무기의 발전',10,NULL,NULL,NULL,7,'https://storage.cloud.google.com/circleup-bucket/curriculum_1206_doc.doc'),(1207,'미국의 참전과 전세의 변화',11,NULL,NULL,NULL,7,'https://storage.cloud.google.com/circleup-bucket/curriculum_1207_doc.doc'),(1208,'러시아 혁명과 전쟁에 미친 영향',12,NULL,NULL,NULL,7,'https://storage.cloud.google.com/circleup-bucket/curriculum_1208_doc.doc'),(1209,'종전과 베르사유 조약',13,NULL,NULL,NULL,7,'https://storage.cloud.google.com/circleup-bucket/curriculum_1209_doc.doc'),(1210,'전후 세계 질서의 재편',14,NULL,NULL,NULL,7,'https://storage.cloud.google.com/circleup-bucket/curriculum_1210_doc.doc'),(1211,'제1차 세계대전의 유산과 영향',15,NULL,NULL,NULL,7,'https://storage.cloud.google.com/circleup-bucket/curriculum_1211_doc.doc'),(1212,'실존주의의 역사적 배경',1,NULL,NULL,NULL,8,'https://storage.cloud.google.com/circleup-bucket/curriculum_1212_doc.doc'),(1213,'키르케고르: 실존주의의 선구자',2,NULL,NULL,NULL,8,'https://storage.cloud.google.com/circleup-bucket/curriculum_1213_doc.doc'),(1214,'니체: 신의 죽음과 초인 사상',3,NULL,NULL,NULL,8,'https://storage.cloud.google.com/circleup-bucket/curriculum_1214_doc.doc'),(1215,'하이데거: 존재와 시간',4,NULL,NULL,NULL,8,'https://storage.cloud.google.com/circleup-bucket/curriculum_1215_doc.doc'),(1216,'사르트르: 존재와 무, 자유와 책임',5,NULL,NULL,NULL,8,'https://storage.cloud.google.com/circleup-bucket/curriculum_1216_doc.doc'),(1217,'카뮈: 부조리와 반항',6,NULL,NULL,NULL,8,'https://storage.cloud.google.com/circleup-bucket/curriculum_1217_doc.doc'),(1218,'야스퍼스: 한계상황과 초월',7,NULL,NULL,NULL,8,'https://storage.cloud.google.com/circleup-bucket/curriculum_1218_doc.doc'),(1219,'메를로-퐁티: 지각의 현상학',8,NULL,NULL,NULL,8,'https://storage.cloud.google.com/circleup-bucket/curriculum_1219_doc.doc'),(1220,'보부아르: 여성주의와 실존주의',9,NULL,NULL,NULL,8,'https://storage.cloud.google.com/circleup-bucket/curriculum_1220_doc.doc'),(1221,'실존주의와 문학, 예술',10,NULL,NULL,NULL,8,'https://storage.cloud.google.com/circleup-bucket/curriculum_1221_doc.doc'),(1222,'실존주의와 정신분석학',11,NULL,NULL,NULL,8,'https://storage.cloud.google.com/circleup-bucket/curriculum_1222_doc.doc'),(1223,'실존주의와 마르크스주의',12,NULL,NULL,NULL,8,'https://storage.cloud.google.com/circleup-bucket/curriculum_1223_doc.doc'),(1224,'현대 사회에서의 실존주의',13,NULL,NULL,NULL,8,'https://storage.cloud.google.com/circleup-bucket/curriculum_1224_doc.doc'),(1225,'실존주의 비평과 한계',14,NULL,NULL,NULL,8,'https://storage.cloud.google.com/circleup-bucket/curriculum_1225_doc.doc'),(1226,'종합 토론: 실존주의의 현대적 의의',15,NULL,NULL,NULL,8,'https://storage.cloud.google.com/circleup-bucket/curriculum_1226_doc.doc'),(1227,'불교의 기본 개념과 역사',1,NULL,NULL,NULL,9,'https://storage.cloud.google.com/circleup-bucket/curriculum_1227_doc.doc'),(1228,'대승불교의 발전과 특징',2,NULL,NULL,NULL,9,'https://storage.cloud.google.com/circleup-bucket/curriculum_1228_doc.doc'),(1229,'반야사상의 이해',3,NULL,NULL,NULL,9,'https://storage.cloud.google.com/circleup-bucket/curriculum_1229_doc.doc'),(1230,'반야심경의 구조와 개요',4,NULL,NULL,NULL,9,'https://storage.cloud.google.com/circleup-bucket/curriculum_1230_doc.doc'),(1231,'반야심경 강독 (1): 색즉시공 공즉시색',5,NULL,NULL,NULL,9,'https://storage.cloud.google.com/circleup-bucket/curriculum_1231_doc.doc'),(1232,'반야심경 강독 (2): 오온개공',6,NULL,NULL,NULL,9,'https://storage.cloud.google.com/circleup-bucket/curriculum_1232_doc.doc'),(1233,'반야심경 강독 (3): 제법공상',7,NULL,NULL,NULL,9,'https://storage.cloud.google.com/circleup-bucket/curriculum_1233_doc.doc'),(1234,'반야심경의 현대적 해석과 적용',8,NULL,NULL,NULL,9,'https://storage.cloud.google.com/circleup-bucket/curriculum_1234_doc.doc'),(1235,'금강경의 배경과 구조',9,NULL,NULL,NULL,9,'https://storage.cloud.google.com/circleup-bucket/curriculum_1235_doc.doc'),(1236,'금강경 강독 (1): 법회인유분',10,NULL,NULL,NULL,9,'https://storage.cloud.google.com/circleup-bucket/curriculum_1236_doc.doc'),(1237,'금강경 강독 (2): 묘행무주분',11,NULL,NULL,NULL,9,'https://storage.cloud.google.com/circleup-bucket/curriculum_1237_doc.doc'),(1238,'금강경 강독 (3): 여리실견분',12,NULL,NULL,NULL,9,'https://storage.cloud.google.com/circleup-bucket/curriculum_1238_doc.doc'),(1239,'금강경 강독 (4): 응화 비진분',13,NULL,NULL,NULL,9,'https://storage.cloud.google.com/circleup-bucket/curriculum_1239_doc.doc'),(1240,'금강경의 핵심 가르침과 현대적 의의',14,NULL,NULL,NULL,9,'https://storage.cloud.google.com/circleup-bucket/curriculum_1240_doc.doc'),(1241,'반야심경과 금강경의 비교와 종합',15,NULL,NULL,NULL,9,'https://storage.cloud.google.com/circleup-bucket/curriculum_1241_doc.doc'),(1242,'가톨릭 사회 교리의 역사와 발전',1,NULL,NULL,NULL,10,'https://storage.cloud.google.com/circleup-bucket/curriculum_1242_doc.doc'),(1243,'교황 레오 13세의 \"새로운 사태\"',2,NULL,NULL,NULL,10,'https://storage.cloud.google.com/circleup-bucket/curriculum_1243_doc.doc'),(1244,'제2차 바티칸 공의회와 사회 교리',3,NULL,NULL,NULL,10,'https://storage.cloud.google.com/circleup-bucket/curriculum_1244_doc.doc'),(1245,'인간의 존엄성과 인권',4,NULL,NULL,NULL,10,'https://storage.cloud.google.com/circleup-bucket/curriculum_1245_doc.doc'),(1246,'공동선과 연대성의 원리',5,NULL,NULL,NULL,10,'https://storage.cloud.google.com/circleup-bucket/curriculum_1246_doc.doc'),(1247,'보조성의 원리와 참여',6,NULL,NULL,NULL,10,'https://storage.cloud.google.com/circleup-bucket/curriculum_1247_doc.doc'),(1248,'노동의 존엄성과 노동자의 권리',7,NULL,NULL,NULL,10,'https://storage.cloud.google.com/circleup-bucket/curriculum_1248_doc.doc'),(1249,'경제 정의와 빈곤 퇴치',8,NULL,NULL,NULL,10,'https://storage.cloud.google.com/circleup-bucket/curriculum_1249_doc.doc'),(1250,'환경 보호와 생태학적 회심',9,NULL,NULL,NULL,10,'https://storage.cloud.google.com/circleup-bucket/curriculum_1250_doc.doc'),(1251,'평화, 비폭력, 전쟁 윤리',10,NULL,NULL,NULL,10,'https://storage.cloud.google.com/circleup-bucket/curriculum_1251_doc.doc'),(1252,'정치 참여와 민주주의',11,NULL,NULL,NULL,10,'https://storage.cloud.google.com/circleup-bucket/curriculum_1252_doc.doc'),(1253,'가족과 공동체의 중요성',12,NULL,NULL,NULL,10,'https://storage.cloud.google.com/circleup-bucket/curriculum_1253_doc.doc'),(1254,'문화적 다양성과 세계화',13,NULL,NULL,NULL,10,'https://storage.cloud.google.com/circleup-bucket/curriculum_1254_doc.doc'),(1255,'과학 기술의 발전과 윤리적 과제',14,NULL,NULL,NULL,10,'https://storage.cloud.google.com/circleup-bucket/curriculum_1255_doc.doc'),(1256,'현대 사회 문제에 대한 가톨릭의 응답',15,NULL,NULL,NULL,10,'https://storage.cloud.google.com/circleup-bucket/curriculum_1256_doc.doc'),(1259,'나무 질감 표현 (2)',20,'',NULL,NULL,20,'https://storage.cloud.google.com/circleup-bucket/curriculum_1259_doc.doc'),(1261,'세계의 다양한 수채화들',21,'',NULL,NULL,20,'https://storage.cloud.google.com/circleup-bucket/curriculum_1261_doc.doc'),(1270,'요리 기초를 알려줍시다.',1,'요리학 개론',NULL,NULL,112,'https://storage.cloud.google.com/circleup-bucket/curriculum_1270_doc.doc'),(1271,'재료와 요리방법의 개요',2,'요리학 개론 심화',NULL,NULL,112,'https://storage.cloud.google.com/circleup-bucket/curriculum_1271_doc.doc'),(1273,'맛있는 라면을 끓여봅니다',1,'백종원표 라면','https://storage.googleapis.com/circleup-bucket/c46b3a2f-8490-4a87-b2ed-fca463b91cca.mp4',NULL,114,NULL),(1274,'맛있는 밀푀유나베를 만들어봅니다',2,'밀푀유나베','https://storage.googleapis.com/circleup-bucket/1fb8d93c-6f7a-4a1a-b0d2-e948f41dbffa.mp4',NULL,114,NULL),(1275,'곰맛 탕',3,'백종원표 곰탕',NULL,NULL,114,NULL),(1276,'첫 수업은 OT입니다',1,'OT',NULL,NULL,115,NULL),(1277,'운동 전 스트레칭 및 집에서 할 수 있는 유산소 운동 기본동작 배우기',2,'2주차',NULL,NULL,115,NULL),(1279,'독서의 첫 걸음은 책과 친해지는 것 부터!',1,'첫걸음 : 책과 친해지기',NULL,NULL,117,NULL),(1280,'모든 이야기는 문장에서부터 시작!',2,'두걸음 : 문장을 낱낱이 파악하기',NULL,NULL,117,NULL);
/*!40000 ALTER TABLE `curriculum` ENABLE KEYS */;
UNLOCK TABLES;

--
-- Table structure for table `favor`
--

DROP TABLE IF EXISTS `favor`;
/*!40101 SET @saved_cs_client     = @@character_set_client */;
/*!50503 SET character_set_client = utf8mb4 */;
CREATE TABLE `favor` (
  `favor_id` bigint(20) NOT NULL AUTO_INCREMENT,
  `member_id` bigint(20) DEFAULT NULL,
  `tag_id` bigint(20) DEFAULT NULL,
  PRIMARY KEY (`favor_id`),
  KEY `FKsk3sowhsbjo772pqaaxiuj64s` (`member_id`),
  KEY `FKnb4ahqyorjv2fmfv2wtkxs8by` (`tag_id`),
  CONSTRAINT `FKnb4ahqyorjv2fmfv2wtkxs8by` FOREIGN KEY (`tag_id`) REFERENCES `tag` (`tag_id`),
  CONSTRAINT `FKsk3sowhsbjo772pqaaxiuj64s` FOREIGN KEY (`member_id`) REFERENCES `member` (`member_id`)
) ENGINE=InnoDB AUTO_INCREMENT=119 DEFAULT CHARSET=utf8mb4 COLLATE=utf8mb4_bin;
/*!40101 SET character_set_client = @saved_cs_client */;

--
-- Dumping data for table `favor`
--

LOCK TABLES `favor` WRITE;
/*!40000 ALTER TABLE `favor` DISABLE KEYS */;
INSERT INTO `favor` VALUES (1,1,1),(2,2,8),(9,13,1),(10,8,2),(11,103,9),(12,103,10),(13,110,1),(14,110,6),(15,110,5),(16,110,10),(17,111,1),(18,111,4),(19,111,7),(20,111,10),(21,111,11),(22,111,5),(23,111,8),(24,111,2),(25,111,3),(26,111,6),(27,111,9),(88,114,8),(89,114,10),(90,3,1),(91,3,2),(96,120,1),(97,121,1),(98,121,4),(99,121,7),(100,122,3),(101,122,12),(102,123,1),(103,123,3),(104,124,8),(105,125,8),(106,126,8),(107,128,3),(108,129,3),(109,130,3),(110,131,3),(111,132,3),(112,133,3),(113,134,3),(114,135,3),(115,136,3),(116,137,10),(117,137,7),(118,137,6);
/*!40000 ALTER TABLE `favor` ENABLE KEYS */;
UNLOCK TABLES;

--
-- Table structure for table `history`
--

DROP TABLE IF EXISTS `history`;
/*!40101 SET @saved_cs_client     = @@character_set_client */;
/*!50503 SET character_set_client = utf8mb4 */;
CREATE TABLE `history` (
  `history_id` bigint(20) NOT NULL AUTO_INCREMENT,
  `finish_time` datetime(6) DEFAULT NULL,
  `start_time` datetime(6) DEFAULT NULL,
  `course_id` bigint(20) DEFAULT NULL,
  PRIMARY KEY (`history_id`),
  KEY `FKjq5xctkeuddkfpg0uyogk77y9` (`course_id`),
  CONSTRAINT `FKjq5xctkeuddkfpg0uyogk77y9` FOREIGN KEY (`course_id`) REFERENCES `course` (`course_id`)
) ENGINE=InnoDB DEFAULT CHARSET=utf8mb4 COLLATE=utf8mb4_bin;
/*!40101 SET character_set_client = @saved_cs_client */;

--
-- Dumping data for table `history`
--

LOCK TABLES `history` WRITE;
/*!40000 ALTER TABLE `history` DISABLE KEYS */;
/*!40000 ALTER TABLE `history` ENABLE KEYS */;
UNLOCK TABLES;

--
-- Table structure for table `instructor`
--

DROP TABLE IF EXISTS `instructor`;
/*!40101 SET @saved_cs_client     = @@character_set_client */;
/*!50503 SET character_set_client = utf8mb4 */;
CREATE TABLE `instructor` (
  `member_id` bigint(20) NOT NULL,
  `description` varchar(1000) COLLATE utf8mb4_bin DEFAULT NULL,
  PRIMARY KEY (`member_id`),
  CONSTRAINT `FKpyatygb6oxdkr67s63hspa2vd` FOREIGN KEY (`member_id`) REFERENCES `member` (`member_id`)
) ENGINE=InnoDB DEFAULT CHARSET=utf8mb4 COLLATE=utf8mb4_bin;
/*!40101 SET character_set_client = @saved_cs_client */;

--
-- Dumping data for table `instructor`
--

LOCK TABLES `instructor` WRITE;
/*!40000 ALTER TABLE `instructor` DISABLE KEYS */;
INSERT INTO `instructor` VALUES (2,'다양한 분야에 경험이 있는 다재다능러입니다!'),(4,'수채화로 일상을 그리는 여행 스케치 작가'),(7,'감성 글씨로 마음을 전하는 캘리그라피 아티스트'),(8,'맛있는 디저트의 세계로 안내하는 제과 명장'),(9,'집에서도 카페 같은 커피를 내리는 바리스타'),(12,'향기로운 공간을 만드는 캔들 크리에이터'),(15,'반려동물과 교감하는 반려견 훈련사'),(19,'도심 속 작은 정원을 가꾸는 플랜트 스타일리스트'),(20,'나만의 향수를 만드는 조향 전문가'),(23,'감성적인 순간을 포착하는 일상 사진작가'),(24,'나무로 아름다움을 만드는 목공 장인'),(32,'손바느질로 따뜻함을 전하는 퀼트 아티스트'),(36,'화려한 칵테일을 만드는 믹솔로지스트'),(40,'자연의 색으로 염색하는 천연 염색 전문가'),(42,'리듬에 맞춰 몸을 움직이는 댄스 안무가'),(47,'우아한 꽃 장식을 만드는 플로리스트'),(58,'전통과 현대를 잇는 도예 작가'),(66,'가죽으로 실용적인 아름다움을 만드는 가죽공예가'),(79,'요가로 마음의 평화를 찾는 요가 강사'),(82,'맛있는 집밥 레시피를 공유하는 홈쿡 전문가'),(84,'DIY로 인테리어의 품격을 높이는 가구 제작자'),(98,'매력적인 목소리로 이야기를 들려주는 성우 지망생'),(99,'독특한 시선으로 일상을 그리는 웹툰 작가'),(108,''),(111,''),(116,''),(127,''),(128,''),(129,''),(130,''),(131,''),(132,''),(133,''),(134,''),(135,''),(136,'');
/*!40000 ALTER TABLE `instructor` ENABLE KEYS */;
UNLOCK TABLES;

--
-- Table structure for table `member`
--

DROP TABLE IF EXISTS `member`;
/*!40101 SET @saved_cs_client     = @@character_set_client */;
/*!50503 SET character_set_client = utf8mb4 */;
CREATE TABLE `member` (
  `member_id` bigint(20) NOT NULL AUTO_INCREMENT,
  `contact_email` varchar(45) COLLATE utf8mb4_bin DEFAULT NULL,
  `contact_tel` varchar(45) COLLATE utf8mb4_bin DEFAULT NULL,
  `email` varchar(45) COLLATE utf8mb4_bin DEFAULT NULL,
  `name` varchar(45) COLLATE utf8mb4_bin DEFAULT NULL,
  `pw` varchar(45) COLLATE utf8mb4_bin DEFAULT NULL,
  `refresh_token` varchar(1000) COLLATE utf8mb4_bin DEFAULT NULL,
  `role` int(11) DEFAULT NULL,
  PRIMARY KEY (`member_id`)
) ENGINE=InnoDB AUTO_INCREMENT=138 DEFAULT CHARSET=utf8mb4 COLLATE=utf8mb4_bin;
/*!40101 SET character_set_client = @saved_cs_client */;

--
-- Dumping data for table `member`
--

LOCK TABLES `member` WRITE;
/*!40000 ALTER TABLE `member` DISABLE KEYS */;
INSERT INTO `member` VALUES (1,'circle_1@gmail.com','010-7600-7600','circle_1@gmail.com','관리자','circle','eyJ0eXAiOiJyZWZyZXNoIiwiYWxnIjoiSFMyNTYifQ.eyJzdWIiOiIxIiwiaWF0IjoxNzIzNjI1ODU3LCJleHAiOjE3MjQ5MjE4NTcsImlzcyI6InNzYWZ5LmNvbSJ9.jdaJVzsKW4riJS3225qMGcshtSrJuIZXIaabsMr_l9A',2),(2,'circle_2@gmail.com','010-2222-2222','circle_2@gmail.com','대표강사','circle','eyJ0eXAiOiJyZWZyZXNoIiwiYWxnIjoiSFMyNTYifQ.eyJzdWIiOiIyIiwiaWF0IjoxNzIzNzEzMTgyLCJleHAiOjE3MjUwMDkxODIsImlzcyI6InNzYWZ5LmNvbSJ9.g3ctJmb9lezTeNzb-Teb5_w4aIq7Wd63Cl9UwGgHrgU',1),(3,'jangyeongho@example.net','010-3333-3334','jihyeon33@example.net','주아름',NULL,'eyJ0eXAiOiJyZWZyZXNoIiwiYWxnIjoiSFMyNTYifQ.eyJzdWIiOiIzIiwiaWF0IjoxNzIzNjA5NDU5LCJleHAiOjE3MjQ5MDU0NTksImlzcyI6InNzYWZ5LmNvbSJ9.059woHBHkrv_6I-jE-yJ4xZkolbFnZEyW0UbpawwEAM',1),(4,'seongjingim@example.org','010-1111-1111','bagyeongjin@example.org','차서현','&Y2JO6Lniz',NULL,1),(7,'lcoe@example.org','010-2342-1253','jeongsu93@example.net','김진우','g@q9kSgXft','eyJ0eXAiOiJyZWZyZXNoIiwiYWxnIjoiSFMyNTYifQ.eyJzdWIiOiI3IiwiaWF0IjoxNzIzNTM3NDM0LCJleHAiOjE3MjQ4MzM0MzQsImlzcyI6InNzYWZ5LmNvbSJ9.T2Vm9XOI4rf_Z00tWDfQOCvArafOBI9xXStIuarK4TY',1),(8,'nohyeonsug@example.org','010-8888-8888','circle_8@naver.com','차경숙','circle','eyJ0eXAiOiJyZWZyZXNoIiwiYWxnIjoiSFMyNTYifQ.eyJzdWIiOiI4IiwiaWF0IjoxNzIzNzY3MzAxLCJleHAiOjE3MjUwNjMzMDEsImlzcyI6InNzYWZ5LmNvbSJ9.JdfH-bAMizKUrc-YCVV2YcbZj2syJkO5Nm7CYKY2oG4',1),(9,'yeongho60@example.org','010-9999-9999','boramjo@example.org','이영식','7A6hCyl2(o','eyJ0eXAiOiJyZWZyZXNoIiwiYWxnIjoiSFMyNTYifQ.eyJzdWIiOiI5IiwiaWF0IjoxNzIzNDQ5Nzk1LCJleHAiOjE3MjQ3NDU3OTUsImlzcyI6InNzYWZ5LmNvbSJ9.dHnBxRCRX5Dz25BmkwgezZPYq0kYX61WTHEP6mejS2g',1),(10,'minseo64@hotmail.com',NULL,'jiyeji@ssafy.net','오민서','+b%!9UjGpC','eyJ0eXAiOiJyZWZyZXNoIiwiYWxnIjoiSFMyNTYifQ.eyJzdWIiOiIxMCIsImlhdCI6MTcyMzcxMDc2MSwiZXhwIjoxNzI1MDA2NzYxLCJpc3MiOiJzc2FmeS5jb20ifQ.xCxcBuD1WyDDc8jV8N2jb-OLdpcErcHcr53WpSbtLZs',0),(11,'omun@gmail.com',NULL,'ugim@ssafy.net','박영순','iD9L^5jr^G',NULL,0),(12,'hayunseo@gmail.com',NULL,'seungmini@ssafy.com','권은정','*lfh0Rboj1','eyJ0eXAiOiJyZWZyZXNoIiwiYWxnIjoiSFMyNTYifQ.eyJzdWIiOiIxMiIsImlhdCI6MTcyMzU5OTU1MiwiZXhwIjoyMTkwMTU5NTUyLCJpc3MiOiJzc2FmeS5jb20ifQ.sabSJ0yxA6RO4vxMNz9-qDrVUswX3XQtObdCL4sAzZo',1),(13,'hyeonjeonggim@nate.com',NULL,'eunjueom@ssafy.net','이정웅','5&0JrABh$H','eyJ0eXAiOiJyZWZyZXNoIiwiYWxnIjoiSFMyNTYifQ.eyJzdWIiOiIxMyIsImlhdCI6MTcyMzcyMjk2MSwiZXhwIjoxNzI1MDE4OTYxLCJpc3MiOiJzc2FmeS5jb20ifQ.qP7VUmAIGgy30pTAZIyBsT85FS9Ugye8Ey8z75Mzlko',0),(14,'nhwang@hanmail.net',NULL,'cgim@ssafy.com','김영호','O)7_)DVpRb',NULL,0),(15,'seoyeon25@daum.net',NULL,'honghayun@ssafy.org','심미숙',')YQXO23b0n',NULL,1),(16,'jungsu39@dreamwiz.com',NULL,'seojunhwang@ssafy.org','이명자','Q(#6IIgPoa','eyJ0eXAiOiJyZWZyZXNoIiwiYWxnIjoiSFMyNTYifQ.eyJzdWIiOiIxNiIsImlhdCI6MTcyMzYxODUzMiwiZXhwIjoxNzI0OTE0NTMyLCJpc3MiOiJzc2FmeS5jb20ifQ.eSM1yD77WdgnXToAX75sakIHIyUji4xHW45Bu0ROQFI',0),(17,'baghaeun@naver.com',NULL,'misugbae@ssafy.com','김준서','&&IoC*1#x7',NULL,0),(18,'songyeongmi@hotmail.com',NULL,'yeongilgim@ssafy.com','김민지','W$+r^e3ncN','eyJ0eXAiOiJyZWZyZXNoIiwiYWxnIjoiSFMyNTYifQ.eyJzdWIiOiIxOCIsImlhdCI6MTcyMzQ1NDIxMSwiZXhwIjoyMTkwMDE0MjExLCJpc3MiOiJzc2FmeS5jb20ifQ.Ehx7A8sZ_bUu8KfKjTAdiLtsirYQ-cVCQXSabawjvE0',0),(19,'yeongili@dreamwiz.com',NULL,'zgim@ssafy.org','김광수','82FYpPqJ%l',NULL,1),(20,'eunjugim@hotmail.com',NULL,'oseohyeon@ssafy.org','배상철','iODg0IDxI^',NULL,1),(21,'yeongsui@hanmail.net',NULL,'donghyeonji@ssafy.com','황채원','S1Br8M(f+j',NULL,0),(22,'ogja62@naver.com',NULL,'haeun17@ssafy.com','김영호','&MB57vPpi$',NULL,0),(23,'yeongsigbag@dreamwiz.com',NULL,'imsiu@ssafy.org','홍재현','5kQ5bWML^E',NULL,1),(24,'jihu33@live.com',NULL,'igim@ssafy.org','박수빈',')_M19lKq*J',NULL,1),(25,'xbag@nate.com',NULL,'baehayun@ssafy.net','이은정','ZGDA#cpy@3',NULL,0),(26,'junseoyun@hanmail.net',NULL,'minsuhwang@ssafy.org','박숙자','U_O6Fl162p',NULL,0),(27,'jaehyeongim@dreamwiz.com',NULL,'ogsungim@ssafy.org','김서준','5^8UsbyGO$',NULL,0),(28,'borami@hanmail.net',NULL,'jiu44@ssafy.net','박미영',')uc&&Duqd9',NULL,0),(29,'gangseoyeong@nate.com',NULL,'anjihu@ssafy.com','이보람','D^1YfMfDv6',NULL,0),(30,'bagjeongho@naver.com',NULL,'ogja15@ssafy.org','김성현','#S9fTGlfM_','eyJ0eXAiOiJyZWZyZXNoIiwiYWxnIjoiSFMyNTYifQ.eyJzdWIiOiIzMCIsImlhdCI6MTcyMzUyNzY4NSwiZXhwIjoxNzI0ODIzNjg1LCJpc3MiOiJzc2FmeS5jb20ifQ.SYTi-bjz5hTWsyfRP5yvTh_STz2mIZ0PKzPi9RnClXM',0),(31,'gyeongsug92@live.com',NULL,'yeongjingim@ssafy.com','박재호','_YXW^K8ij4',NULL,0),(32,'yejin05@naver.com',NULL,'ijiweon@ssafy.net','강시우','Sq2OoaZ7i#','eyJ0eXAiOiJyZWZyZXNoIiwiYWxnIjoiSFMyNTYifQ.eyJzdWIiOiIzMiIsImlhdCI6MTcyMzYyMDE5NSwiZXhwIjoyMTkwMTgwMTk1LCJpc3MiOiJzc2FmeS5jb20ifQ.MVMclf7nuCiKzBNEgbIokIYB9k6-Cdd_LvUSoK2wF_U',1),(33,'uyun@hotmail.com',NULL,'kgim@ssafy.com','이준혁','dN#Y1fJf$x',NULL,0),(34,'hyeonjun25@hanmail.net',NULL,'jiago@ssafy.com','최혜진','L%U4Q7a2nD',NULL,0),(35,'seongsu05@dreamwiz.com',NULL,'hyeonusong@ssafy.com','김옥순','wE7Vjkp4a%',NULL,0),(36,'eunyeongca@hotmail.com',NULL,'geonui@ssafy.com','박영길','^O@7KLo*bc',NULL,1),(37,'coejia@live.com',NULL,'gimjihye@ssafy.com','전중수','Q#Ke*5Vx&0',NULL,0),(38,'minjigim@hotmail.com',NULL,'seunghyeon81@ssafy.org','임현우','5K7N&wJS#P',NULL,0),(39,'yeongsuni@hotmail.com',NULL,'yeweongim@ssafy.com','나서준','^CP2(Z$nZl',NULL,0),(40,'bagyeongsun@dreamwiz.com',NULL,'yejin97@ssafy.net','김성진','9)9HaB1f$k',NULL,1),(41,'yujeongsun@naver.com',NULL,'eunjeong06@ssafy.org','김아름','Vy7NzJ!S@4',NULL,0),(42,'jangjunhyeog@daum.net',NULL,'tbag@ssafy.com','이상훈',')NPnS6ykA4',NULL,1),(43,'lbag@hanmail.net',NULL,'byeongceolgim@ssafy.com','고정희','!#X8J&oi!D','eyJ0eXAiOiJyZWZyZXNoIiwiYWxnIjoiSFMyNTYifQ.eyJzdWIiOiI0MyIsImlhdCI6MTcyMzUyNzI5MiwiZXhwIjoyMTkwMDg3MjkyLCJpc3MiOiJzc2FmeS5jb20ifQ.-K-bFzRoNvJHRxXcqcAcs4F18GlGW2Hy1D0OSnUmSrM',0),(44,'junseo73@hanmail.net',NULL,'yeongceoli@ssafy.net','김정숙','%7%Aky9cED',NULL,0),(45,'seoyuni@dreamwiz.com',NULL,'sugjagim@ssafy.com','배은서','_pVVtakPn5','eyJ0eXAiOiJyZWZyZXNoIiwiYWxnIjoiSFMyNTYifQ.eyJzdWIiOiI0NSIsImlhdCI6MTcyMzUyNzk3NSwiZXhwIjoyMTkwMDg3OTc1LCJpc3MiOiJzc2FmeS5jb20ifQ.biWEs7SrsnXsFb1-O421EySgNpiatxsO_OIJ8aM8GlQ',0),(46,'kbaeg@hanmail.net',NULL,'iminseo@ssafy.com','이보람','!W3T#Rfz&C',NULL,0),(47,'seongjin37@dreamwiz.com',NULL,'ogjagweon@ssafy.net','김현숙','(T+3L6&aR_',NULL,1),(48,'seoyeonggim@dreamwiz.com',NULL,'jaehyeon04@ssafy.com','김서준','+$l!Yc7qC8',NULL,0),(49,'gangjaehyeon@naver.com',NULL,'hyeonji26@ssafy.net','이준서','sR5Gd7zxW(',NULL,0),(50,'myeongja97@dreamwiz.com',NULL,'sunog43@ssafy.org','강은정','_6!IcEuxIT',NULL,0),(51,'seoyeon96@hotmail.com',NULL,'yeongjai@ssafy.com','최민수','_7rR6fdqT!',NULL,0),(52,'jinu08@daum.net',NULL,'gimyujin@ssafy.org','배은주','%Uo#n)Zo3#',NULL,0),(53,'hayuni@hanmail.net',NULL,'sujinseong@ssafy.com','허경수','z6Bnsj(4(4',NULL,0),(54,'sunjasong@live.com',NULL,'gimjiweon@ssafy.com','송서연','3x5WKTm+^2',NULL,0),(55,'igweon@dreamwiz.com',NULL,'ganghayun@ssafy.com','김정자','q4IeBLt&@y',NULL,0),(56,'myeongja08@naver.com',NULL,'omiyeong@ssafy.com','이상현','On2g^GRa_&',NULL,0),(57,'iyeji@live.com',NULL,'gimyeongsig@ssafy.com','박도윤','$0$SDxNb_5',NULL,0),(58,'uo@nate.com',NULL,'eunjihong@ssafy.com','안영수','oSA&0nAn8f',NULL,1),(59,'gyeongjai@hotmail.com',NULL,'subin36@ssafy.com','송지아','vXl4ZqTl*q',NULL,0),(60,'seonghoi@nate.com',NULL,'pno@ssafy.net','허지현','2^66wOAj#x',NULL,0),(61,'yeongsungim@naver.com',NULL,'ki@ssafy.net','지은영','#Fg8SnUkW0',NULL,0),(62,'yseo@hanmail.net',NULL,'jieun56@ssafy.net','김진호','1#0fT+ZyH+','eyJ0eXAiOiJyZWZyZXNoIiwiYWxnIjoiSFMyNTYifQ.eyJzdWIiOiI2MiIsImlhdCI6MTcyMzYxMzQxMCwiZXhwIjoxNzI0OTA5NDEwLCJpc3MiOiJzc2FmeS5jb20ifQ.xrkGQTm6Z0_EOZoZpMw-jbuNpbbwqDREA-fdisSeveE',0),(63,'gimeunseo@daum.net',NULL,'pjang@ssafy.com','이미영','@4DG30^wm2',NULL,0),(64,'miyeong42@daum.net',NULL,'gimeunji@ssafy.net','오경자','7E3stfRo)^',NULL,0),(65,'qgim@naver.com',NULL,'hanseoyun@ssafy.net','황영길','xHa1IQwj(A',NULL,0),(66,'rgim@daum.net',NULL,'jihubaeg@ssafy.net','박영자','uGRm3I0x(0',NULL,1),(67,'ijinho@dreamwiz.com',NULL,'minjae65@ssafy.net','박하은','b$%9$2BbXL',NULL,0),(68,'gyeongjabag@nate.com',NULL,'dgim@ssafy.net','백도현','&@N7FyaLgL',NULL,0),(69,'icaeweon@daum.net',NULL,'ahwang@ssafy.net','오영식','@u9fWngd8L',NULL,0),(70,'seonyeongbag@naver.com',NULL,'seungmin84@ssafy.net','박영갈','hxhi7ATj$E','eyJ0eXAiOiJyZWZyZXNoIiwiYWxnIjoiSFMyNTYifQ.eyJzdWIiOiI3MCIsImlhdCI6MTcyMzYwOTgwNywiZXhwIjoxNzI0OTA1ODA3LCJpc3MiOiJzc2FmeS5jb20ifQ._PmuUMFgcs_2pKmRu3jW9YSsr7HrVUPofbN5U1IMWHY',0),(71,'gyeongsug68@live.com',NULL,'vbag@ssafy.net','구춘자','^2e2aK)cB1',NULL,0),(72,'jangeunseo@daum.net',NULL,'baejaehyeon@ssafy.com','전준서','P6_QtVCr*W',NULL,0),(73,'ieungyeong@daum.net',NULL,'gyeongsu69@ssafy.org','김재현','$JNjYEdo3Q',NULL,0),(74,'seonghyeongim@hanmail.net',NULL,'yeongho37@ssafy.org','김광수','1Lt1Maz6A@',NULL,0),(75,'yejun68@nate.com',NULL,'minseonghun@ssafy.com','이광수','IQr8jzCa!4',NULL,0),(76,'jeongung11@live.com',NULL,'ogsun29@ssafy.org','김도윤','zr(21I8ay^',NULL,0),(77,'ogsungim@gmail.com',NULL,'zi@ssafy.com','이상현','CG5ojCjxl&',NULL,0),(78,'gwagyejun@nate.com',NULL,'yeongiljeong@ssafy.org','이재현','@6OrXUdoad',NULL,0),(79,'yujin99@live.com',NULL,'hongminseog@ssafy.org','김주원','A3#WHP9m_S',NULL,1),(80,'ri@daum.net',NULL,'doyun69@ssafy.org','장지혜',')+8u5QSwSX',NULL,0),(81,'eungyeonggim@gmail.com',NULL,'eim@ssafy.org','허영자','s*4W+MUnt3',NULL,0),(82,'sumini@naver.com',NULL,'yeonghyi70@ssafy.com','김지원','zISf@6Ctcb',NULL,1),(83,'seongjinhong@nate.com',NULL,'jeoneunseo@ssafy.org','안민서','l7f7BUIA&k','eyJ0eXAiOiJyZWZyZXNoIiwiYWxnIjoiSFMyNTYifQ.eyJzdWIiOiI4MyIsImlhdCI6MTcyMzYyMTY4OCwiZXhwIjoyMTkwMTgxNjg4LCJpc3MiOiJzc2FmeS5jb20ifQ.42eZf5l6VCgYDK53OYR6_GRwdsXN7dUIKysdd0DZgeg',0),(84,'jihunbag@gmail.com',NULL,'yeonghwangim@ssafy.com','서순자','i&TARt%l!1',NULL,1),(85,'sumin88@daum.net',NULL,'seongjin69@ssafy.org','박영진','BWo$3wGrM5',NULL,0),(86,'seojunsong@hanmail.net',NULL,'vgim@ssafy.net','김정호','Q$9sTDNp$l',NULL,0),(87,'byeongceol36@hanmail.net',NULL,'junhobae@ssafy.org','이시우','j+8W6Q^tD_',NULL,0),(88,'gyeongsui@daum.net',NULL,'jungsugim@ssafy.net','이미경','Ek3BlsDG&(',NULL,0),(89,'bagyeonggil@naver.com',NULL,'songeunyeong@ssafy.com','김윤서','q3J1Xn#)B_',NULL,0),(90,'jeonghunson@dreamwiz.com',NULL,'juweoni@ssafy.org','윤영희','BZ!g9CVj(_',NULL,0),(91,'yeongjacoe@naver.com',NULL,'ugim@ssafy.com','하선영','*)(a4DPuB4',NULL,0),(92,'hyejin58@hotmail.com',NULL,'wbag@ssafy.org','김현숙','3E5UXgRz6@',NULL,0),(93,'seongho25@hanmail.net',NULL,'gjang@ssafy.com','최성민','d2d_(E7G@w',NULL,0),(94,'byeongceol12@naver.com',NULL,'dbag@ssafy.org','이순옥','%dqEprqsH0',NULL,0),(95,'jaehyeon49@naver.com',NULL,'iseonghun@ssafy.org','장종수','_N#1TkNhBV','eyJ0eXAiOiJyZWZyZXNoIiwiYWxnIjoiSFMyNTYifQ.eyJzdWIiOiI5NSIsImlhdCI6MTcyMzUyNzIzMywiZXhwIjoyMTkwMDg3MjMzLCJpc3MiOiJzc2FmeS5jb20ifQ.Io5kF2WEoOJASjAScoCD71PIcAaVDQ_o2_ddCmoyxCw',0),(96,'minseog56@dreamwiz.com',NULL,'seoyeon99@ssafy.net','곽은서',')Ns4Z(kqlp',NULL,0),(97,'junhyeognam@hotmail.com',NULL,'ai@ssafy.com','양영철','9+2hvJr3*w',NULL,0),(98,'jgang@hotmail.com',NULL,'yunseogim@ssafy.org','문정남','1#7A4Rhlgk',NULL,1),(99,'jihyemun@gmail.com',NULL,'ocoe@ssafy.net','이영진','h^0JWxWmra',NULL,1),(100,'yujingim@live.com',NULL,'caboram@ssafy.net','이정희','Z)1uxEEW+q',NULL,0),(101,'hyunoringra@google.com','01012345678','hyunoringra@google.com','혀노링가','1234','eyJ0eXAiOiJyZWZyZXNoIiwiYWxnIjoiSFMyNTYifQ.eyJzdWIiOiIxMDEiLCJpYXQiOjE3MjM2MjE2MTgsImV4cCI6MTcyNDkxNzYxOCwiaXNzIjoic3NhZnkuY29tIn0._h1EzCljY85fk-ZZmZ5VaFWFCHUrwka0gGOZDB_GC44',0),(102,'12342341@nasdf.casd','12351235123','1234214@nadf.cs','12312','1234',NULL,0),(103,'asdf@naver.com','010-234-2135','asdf@naver.com','asdfasdf','asdfasdf','eyJ0eXAiOiJyZWZyZXNoIiwiYWxnIjoiSFMyNTYifQ.eyJzdWIiOiIxMDMiLCJpYXQiOjE3MjM2MDEwNDYsImV4cCI6MTcyNDg5NzA0NiwiaXNzIjoic3NhZnkuY29tIn0.xGOp1yN9_VBJrmWJPcjOK-YjtyJpXGgc0Cj6EreHSrk',0),(104,'asdfasdf@naver.com','asdfasdfs','asdfasdffs@asdfadsfadf','asdfasdf','asdfasdf',NULL,0),(108,'qwerqwer@qwerqwer','qwerqwer','qwerqewr@qwerqwer','qwerqwer1222123','qwerqwer',NULL,1),(110,'asdfasdf@naver.com','xcvbcxvb','asdfasdf@naver.com','sdfgsdfg','xcvbxcvb','eyJ0eXAiOiJyZWZyZXNoIiwiYWxnIjoiSFMyNTYifQ.eyJzdWIiOiIxMTAiLCJpYXQiOjE3MjM1MTU3MTEsImV4cCI6MTcyNDgxMTcxMSwiaXNzIjoic3NhZnkuY29tIn0.J1JUK6RlwN6szzAZOPidXRhkim2L_0udEQLPFOLK8pA',2),(111,'puppy@naver.com','01-3456-7890','puppy@naver.com','강아지','puppy','eyJ0eXAiOiJyZWZyZXNoIiwiYWxnIjoiSFMyNTYifQ.eyJzdWIiOiIxMTEiLCJpYXQiOjE3MjM2MjI4NTAsImV4cCI6MjE5MDE4Mjg1MCwiaXNzIjoic3NhZnkuY29tIn0.K_ml_3OlGZ-g11ZQeanWMaiRM6UdPGBDvlZY00tG_Kc',1),(114,'null','null','mark3473@naver.com','남동균','null','eyJ0eXAiOiJyZWZyZXNoIiwiYWxnIjoiSFMyNTYifQ.eyJzdWIiOiIxMTQiLCJpYXQiOjE3MjM2MjE2NzcsImV4cCI6MTcyNDkxNzY3NywiaXNzIjoic3NhZnkuY29tIn0.xo3QJi6rUc28wPONLVtazD_dnTeZGiVo1g7JkI4FXlA',0),(116,'teacher@naver.com','010-4020-3473','teacher@naver.com','남강사','1234','eyJ0eXAiOiJyZWZyZXNoIiwiYWxnIjoiSFMyNTYifQ.eyJzdWIiOiIxMTYiLCJpYXQiOjE3MjM3MzIwMTcsImV4cCI6MTcyNTAyODAxNywiaXNzIjoic3NhZnkuY29tIn0.8WnZ9LhcCq5UruydbBZnBWml3e3pz8QDMWEIeLdhq2s',1),(120,'asdfadsf@asdfasdf','asdfasdf','asdfasdf@asdfasdf','asdf','asdfasdf','eyJ0eXAiOiJyZWZyZXNoIiwiYWxnIjoiSFMyNTYifQ.eyJzdWIiOiIxMjAiLCJpYXQiOjE3MjM2MjI5NDUsImV4cCI6MTcyNDkxODk0NSwiaXNzIjoic3NhZnkuY29tIn0.6yXBKEpoPpjEyB1Mlb7iX1cZHpmW8swHOwaARMKbmQE',0),(121,'circle_9@naver.com','010-1234-5678','circle_9@naver.com','김싸피링가','circle','eyJ0eXAiOiJyZWZyZXNoIiwiYWxnIjoiSFMyNTYifQ.eyJzdWIiOiIxMjEiLCJpYXQiOjE3MjM2ODMxODYsImV4cCI6MTcyNDk3OTE4NiwiaXNzIjoic3NhZnkuY29tIn0.IeIpOMbecmaYjiO8YqgHEWi7BRBEyPlIYScmlhUOW0M',0),(122,'circleStudent@gmail.com','010-1234-1234','circleStudent@gmail.com','학생','string',NULL,0),(123,'student@gmail.com','010-1234-1234','student@gmail.com','학생','string','eyJ0eXAiOiJyZWZyZXNoIiwiYWxnIjoiSFMyNTYifQ.eyJzdWIiOiIxMjMiLCJpYXQiOjE3MjM2OTI5MTIsImV4cCI6MTcyNDk4ODkxMiwiaXNzIjoic3NhZnkuY29tIn0.IAA15Mb5KKsSBQqMreQ1-Kb8lTWitje-vWMLZ2emZKo',0),(124,'student1@gmail.com','010-1234-1234','student1@gmail.com','학생1','string','eyJ0eXAiOiJyZWZyZXNoIiwiYWxnIjoiSFMyNTYifQ.eyJzdWIiOiIxMjQiLCJpYXQiOjE3MjM2OTM0NTIsImV4cCI6MTcyNDk4OTQ1MiwiaXNzIjoic3NhZnkuY29tIn0.fWGusgCHyDqURLo43YoO-Q1UAssurvH4fCP59x_l4fw',0),(125,'student2@gmail.com','010-1234-1234','student2@gmail.com','김싸피','string','eyJ0eXAiOiJyZWZyZXNoIiwiYWxnIjoiSFMyNTYifQ.eyJzdWIiOiIxMjUiLCJpYXQiOjE3MjM2OTQyOTksImV4cCI6MTcyNDk5MDI5OSwiaXNzIjoic3NhZnkuY29tIn0.dMN69BLShqKYMV4mnNJTtYYjj1ASH0Gew2q8qnesY9Q',0),(126,'circlestu1@gmail.com','010-1234-1234','circlestu1@gmail.com','김싸피','string','eyJ0eXAiOiJyZWZyZXNoIiwiYWxnIjoiSFMyNTYifQ.eyJzdWIiOiIxMjYiLCJpYXQiOjE3MjM2OTUzMTUsImV4cCI6MTcyNDk5MTMxNSwiaXNzIjoic3NhZnkuY29tIn0.18EcA3urW_rBufciFESXERHfspgUphxFIh4tZMr0YgE',0),(127,'asd@asd','010-123-123','asd@asd','asd','asd','eyJ0eXAiOiJyZWZyZXNoIiwiYWxnIjoiSFMyNTYifQ.eyJzdWIiOiIxMjciLCJpYXQiOjE3MjM2OTg1NzYsImV4cCI6MTcyNDk5NDU3NiwiaXNzIjoic3NhZnkuY29tIn0.Mv8nJ4nc3RIA6mZKoYbRJ7gqp-d7TT-rDcS_nCdrl_I',1),(128,'ssafit@gmail.com','010-4321-1234','ssafit@gmail.com','강싸피','string','eyJ0eXAiOiJyZWZyZXNoIiwiYWxnIjoiSFMyNTYifQ.eyJzdWIiOiIxMjgiLCJpYXQiOjE3MjM3MDAwNDUsImV4cCI6MTcyNDk5NjA0NSwiaXNzIjoic3NhZnkuY29tIn0.61nhZ9y-R6uxVtFfM8fxS43AoXjYpHZoay8TvwArzPc',1),(129,'ssafit2@gmail.com','010-4342-4125','ssafit2@gmail.com','김싸핏','string','eyJ0eXAiOiJyZWZyZXNoIiwiYWxnIjoiSFMyNTYifQ.eyJzdWIiOiIxMjkiLCJpYXQiOjE3MjM3MDA0NjksImV4cCI6MTcyNDk5NjQ2OSwiaXNzIjoic3NhZnkuY29tIn0.hvht0hN0t92xW_SQjAW5KJqEkWzo2xVlr6nTHSeUFMc',1),(130,'circlefit@gmail.com','010-4321-1234','circlefit@gmail.com','강싸핏','string','eyJ0eXAiOiJyZWZyZXNoIiwiYWxnIjoiSFMyNTYifQ.eyJzdWIiOiIxMzAiLCJpYXQiOjE3MjM3MTgwMjcsImV4cCI6MTcyNTAxNDAyNywiaXNzIjoic3NhZnkuY29tIn0.AhfH-OnmuW0NaleLPIP27r6kIOOtW8IlzjP6AWqLJMk',1),(131,'ssafit123@gmail.com','010-4231-3241','ssafit123@gmail.com','강사핏','string','eyJ0eXAiOiJyZWZyZXNoIiwiYWxnIjoiSFMyNTYifQ.eyJzdWIiOiIxMzEiLCJpYXQiOjE3MjM3MDI3NjIsImV4cCI6MTcyNDk5ODc2MiwiaXNzIjoic3NhZnkuY29tIn0.ON7wrTs8oxikdnV0BSs42e0EurQf07T_wW6bQw_KHZQ',1),(132,'circlefit@gmail.com','010-4321-5435','circlefit123@gmail.com','강싸핏','string','eyJ0eXAiOiJyZWZyZXNoIiwiYWxnIjoiSFMyNTYifQ.eyJzdWIiOiIxMzIiLCJpYXQiOjE3MjM3MDQ2OTEsImV4cCI6MTcyNTAwMDY5MSwiaXNzIjoic3NhZnkuY29tIn0.zgFCWyjN3oud_jPWv6g2PK9VTndWkU-tzvyrNnUX1pM',1),(133,'circlefit12@gmail.com','010-4341-4353','circlefit12@gmail.com','강사핏','string','eyJ0eXAiOiJyZWZyZXNoIiwiYWxnIjoiSFMyNTYifQ.eyJzdWIiOiIxMzMiLCJpYXQiOjE3MjM3MDQ2NjksImV4cCI6MTcyNTAwMDY2OSwiaXNzIjoic3NhZnkuY29tIn0.JHfiWWYjGgtZdjwdH2DRk14ogC-u2h5gC9dHwHw2-jw',1),(134,'circlefit1234@gmail.com','010-5564-6732','circlefit1234@gmail.com','강사핏','string','eyJ0eXAiOiJyZWZyZXNoIiwiYWxnIjoiSFMyNTYifQ.eyJzdWIiOiIxMzQiLCJpYXQiOjE3MjM3MDQ1MzAsImV4cCI6MTcyNTAwMDUzMCwiaXNzIjoic3NhZnkuY29tIn0.BBk93Nm-Ej5Y8ZpVjaNRKA0_sJllWr1-vWg3Ee-1FrM',1),(135,'ssafit10@gmail.com','010-5453-6755','ssafit10@gmail.com','강사핏','string','eyJ0eXAiOiJyZWZyZXNoIiwiYWxnIjoiSFMyNTYifQ.eyJzdWIiOiIxMzUiLCJpYXQiOjE3MjM3MTgwMTYsImV4cCI6MTcyNTAxNDAxNiwiaXNzIjoic3NhZnkuY29tIn0.MbCkkzgXx48ZO2CqdqNPXvZtWDHlnV2qmKi7GkPO0ME',1),(136,'ssafit11@gmail.com','010-6554-1403','ssafit11@gmail.com','강사핏','string','eyJ0eXAiOiJyZWZyZXNoIiwiYWxnIjoiSFMyNTYifQ.eyJzdWIiOiIxMzYiLCJpYXQiOjE3MjM3MTA3MDgsImV4cCI6MTcyNTAwNjcwOCwiaXNzIjoic3NhZnkuY29tIn0.JQyCbSDtF5xaz2W2EVIKdG0yRTwRIFiPafGKvU0rouo',1),(137,'circle@naver.com','01-1111-2222','papago@naver.com','파파고','12345!','eyJ0eXAiOiJyZWZyZXNoIiwiYWxnIjoiSFMyNTYifQ.eyJzdWIiOiIxMzciLCJpYXQiOjE3MjM3MTE0NTYsImV4cCI6MTcyNTAwNzQ1NiwiaXNzIjoic3NhZnkuY29tIn0.S3HOHieFUA2sTSQKGhSb4BwB1hzIUsbGJztJ8cUf5-8',0);
/*!40000 ALTER TABLE `member` ENABLE KEYS */;
UNLOCK TABLES;

--
-- Table structure for table `register`
--

DROP TABLE IF EXISTS `register`;
/*!40101 SET @saved_cs_client     = @@character_set_client */;
/*!50503 SET character_set_client = utf8mb4 */;
CREATE TABLE `register` (
  `register_id` bigint(20) NOT NULL AUTO_INCREMENT,
  `created_at` datetime(6) DEFAULT NULL,
  `course_id` bigint(20) DEFAULT NULL,
  `member_id` bigint(20) DEFAULT NULL,
  PRIMARY KEY (`register_id`),
  KEY `FKkhm5ddxqi4gg1igncluu7x9xr` (`course_id`),
  KEY `FKkod9yiwloler8nrigvylojgdn` (`member_id`),
  CONSTRAINT `FKkhm5ddxqi4gg1igncluu7x9xr` FOREIGN KEY (`course_id`) REFERENCES `course` (`course_id`),
  CONSTRAINT `FKkod9yiwloler8nrigvylojgdn` FOREIGN KEY (`member_id`) REFERENCES `member` (`member_id`)
) ENGINE=InnoDB AUTO_INCREMENT=622 DEFAULT CHARSET=utf8mb4 COLLATE=utf8mb4_bin;
/*!40101 SET character_set_client = @saved_cs_client */;

--
-- Dumping data for table `register`
--

LOCK TABLES `register` WRITE;
/*!40000 ALTER TABLE `register` DISABLE KEYS */;
INSERT INTO `register` VALUES (1,'2024-07-11 16:31:21.000000',2,3),(2,'2024-07-11 16:31:26.000000',4,3),(3,'2024-07-29 01:21:44.890811',2,7),(4,'2024-07-29 01:37:12.719806',13,7),(5,'2024-07-30 04:50:30.386644',15,8),(6,'2024-08-01 01:11:32.838776',2,13),(7,'2024-08-01 03:42:21.585106',32,28),(8,'2024-08-01 03:42:21.717920',38,25),(9,'2024-08-01 03:42:21.839546',13,18),(10,'2024-08-01 03:42:21.972612',25,28),(11,'2024-08-01 03:42:22.092880',51,18),(12,'2024-08-01 03:42:22.216395',10,25),(13,'2024-08-01 03:42:22.345260',15,59),(14,'2024-08-01 03:42:22.467973',54,55),(15,'2024-08-01 03:42:22.594614',53,90),(16,'2024-08-01 03:42:22.741558',70,56),(17,'2024-08-01 03:42:22.868229',29,31),(18,'2024-08-01 03:42:22.995376',53,91),(19,'2024-08-01 03:42:23.115623',35,76),(20,'2024-08-01 03:42:23.241814',88,95),(21,'2024-08-01 03:42:23.380983',87,35),(22,'2024-08-01 03:42:23.504784',75,91),(23,'2024-08-01 03:42:23.640526',87,81),(24,'2024-08-01 03:42:23.789909',49,26),(25,'2024-08-01 03:42:23.908989',3,64),(26,'2024-08-01 03:42:24.029750',93,43),(27,'2024-08-01 03:42:24.150951',13,65),(28,'2024-08-01 03:42:24.286967',3,56),(29,'2024-08-01 03:42:24.417326',60,70),(30,'2024-08-01 03:42:24.550235',92,83),(31,'2024-08-01 03:42:24.672761',18,21),(32,'2024-08-01 03:42:24.794811',98,96),(33,'2024-08-01 03:42:24.926399',27,68),(34,'2024-08-01 03:42:25.057377',40,74),(35,'2024-08-01 03:42:25.171141',86,48),(36,'2024-08-01 03:42:25.295303',65,30),(37,'2024-08-01 03:42:25.421081',4,91),(38,'2024-08-01 03:42:25.543369',25,14),(39,'2024-08-01 03:42:25.664379',57,76),(40,'2024-08-01 03:42:25.783943',73,81),(41,'2024-08-01 03:42:25.910857',95,30),(42,'2024-08-01 03:42:26.033197',14,17),(43,'2024-08-01 03:42:26.157415',24,86),(44,'2024-08-01 03:42:26.288735',50,55),(45,'2024-08-01 03:42:26.408342',45,46),(46,'2024-08-01 03:42:26.538224',69,52),(47,'2024-08-01 03:42:26.673195',73,56),(48,'2024-08-01 03:42:26.798662',90,31),(49,'2024-08-01 03:42:26.976290',8,52),(50,'2024-08-01 03:42:27.104841',37,22),(51,'2024-08-01 03:42:27.224000',77,90),(52,'2024-08-01 03:42:27.344008',93,97),(53,'2024-08-01 03:42:27.466148',57,85),(54,'2024-08-01 03:42:27.583778',87,13),(55,'2024-08-01 03:42:27.709080',95,64),(56,'2024-08-01 03:43:15.791793',25,46),(57,'2024-08-01 03:43:15.911972',64,21),(58,'2024-08-01 03:43:16.049010',79,68),(59,'2024-08-01 03:43:16.175209',38,89),(60,'2024-08-01 03:43:16.308777',10,86),(61,'2024-08-01 03:43:16.438503',48,70),(62,'2024-08-01 03:43:16.670687',9,22),(63,'2024-08-01 03:43:16.891806',34,97),(64,'2024-08-01 03:43:17.085967',35,62),(65,'2024-08-01 03:43:17.295569',54,50),(66,'2024-08-01 03:43:17.514554',24,33),(67,'2024-08-01 03:43:17.710693',2,81),(68,'2024-08-01 03:43:17.900191',14,14),(69,'2024-08-01 03:43:18.060530',17,96),(70,'2024-08-01 03:43:18.254227',80,16),(71,'2024-08-01 03:43:18.475695',38,38),(72,'2024-08-01 03:43:18.713601',2,95),(73,'2024-08-01 03:43:18.924390',11,44),(74,'2024-08-01 03:43:19.138325',86,25),(75,'2024-08-01 03:43:19.397205',66,75),(76,'2024-08-01 03:43:19.687663',53,25),(77,'2024-08-01 03:43:19.877379',81,86),(78,'2024-08-01 03:43:19.997053',21,93),(79,'2024-08-01 03:43:20.124064',39,49),(80,'2024-08-01 03:43:20.257744',8,89),(81,'2024-08-01 03:43:20.387670',95,49),(82,'2024-08-01 03:43:20.516497',72,21),(83,'2024-08-01 03:43:20.648292',36,43),(84,'2024-08-01 03:43:20.769326',46,25),(85,'2024-08-01 03:43:20.896733',7,96),(86,'2024-08-01 03:43:21.019323',38,74),(87,'2024-08-01 03:43:21.144043',28,69),(88,'2024-08-01 03:43:21.269741',5,74),(89,'2024-08-01 03:43:21.392232',23,76),(90,'2024-08-01 03:43:21.514039',34,75),(91,'2024-08-01 03:43:21.637106',10,88),(92,'2024-08-01 03:43:21.763877',58,64),(93,'2024-08-01 03:43:21.886483',44,35),(94,'2024-08-01 03:43:22.003874',59,94),(95,'2024-08-01 03:43:22.137331',67,35),(96,'2024-08-01 03:43:22.259269',20,43),(97,'2024-08-01 03:43:22.387400',20,18),(98,'2024-08-01 03:43:22.525966',98,33),(99,'2024-08-01 03:43:22.649916',24,100),(100,'2024-08-01 03:43:22.783936',24,97),(101,'2024-08-01 03:43:22.907129',27,81),(102,'2024-08-01 03:43:23.039291',13,69),(103,'2024-08-01 03:43:23.163592',4,87),(104,'2024-08-01 03:43:23.292886',39,3),(105,'2024-08-01 03:43:23.426526',85,17),(106,'2024-08-01 03:43:23.562863',34,92),(107,'2024-08-01 03:43:23.684071',27,29),(108,'2024-08-01 03:43:23.801269',41,85),(109,'2024-08-01 03:43:23.924327',91,94),(110,'2024-08-01 03:43:24.047970',16,48),(111,'2024-08-01 03:43:24.179631',94,49),(112,'2024-08-01 03:43:24.319292',36,72),(113,'2024-08-01 03:43:24.443330',89,96),(114,'2024-08-01 03:43:24.566333',30,87),(115,'2024-08-01 03:43:24.689745',33,11),(116,'2024-08-01 03:43:24.813282',93,96),(117,'2024-08-01 03:43:24.937101',22,16),(118,'2024-08-01 03:43:25.060050',19,21),(119,'2024-08-01 03:43:25.182728',10,31),(120,'2024-08-01 03:43:25.304708',56,52),(121,'2024-08-01 03:43:25.419930',22,53),(122,'2024-08-01 03:43:25.555099',27,17),(123,'2024-08-01 03:43:25.685981',80,91),(124,'2024-08-01 03:43:25.817811',38,65),(125,'2024-08-01 03:43:25.950338',88,76),(126,'2024-08-01 03:43:26.070189',95,88),(127,'2024-08-01 03:43:26.188238',32,18),(128,'2024-08-01 03:43:26.312718',5,94),(129,'2024-08-01 03:43:26.431156',44,3),(130,'2024-08-01 03:43:26.562809',10,81),(131,'2024-08-01 03:43:26.697515',97,37),(132,'2024-08-01 03:43:26.814668',59,71),(133,'2024-08-01 03:43:26.944463',89,30),(134,'2024-08-01 03:43:27.066746',89,38),(135,'2024-08-01 03:43:27.189146',46,22),(136,'2024-08-01 03:43:27.318859',57,3),(137,'2024-08-01 03:43:27.445553',94,72),(138,'2024-08-01 03:43:27.588476',80,78),(139,'2024-08-01 03:43:27.727287',20,14),(140,'2024-08-01 03:43:27.850645',47,37),(141,'2024-08-01 03:43:27.981324',19,35),(142,'2024-08-01 03:43:28.110039',12,25),(143,'2024-08-01 03:43:28.241312',8,96),(144,'2024-08-01 03:43:28.375711',28,21),(145,'2024-08-01 03:43:28.499716',91,45),(146,'2024-08-01 03:43:28.632760',22,33),(147,'2024-08-01 03:43:28.763241',31,21),(148,'2024-08-01 03:43:28.883872',63,55),(149,'2024-08-01 03:43:29.010330',3,96),(150,'2024-08-01 03:43:29.135440',4,39),(151,'2024-08-01 03:43:29.267014',94,34),(152,'2024-08-01 03:43:29.387799',67,88),(153,'2024-08-01 03:43:29.515808',19,49),(154,'2024-08-01 03:43:29.647758',85,85),(155,'2024-08-01 03:43:29.782489',86,33),(156,'2024-08-01 03:43:29.968697',18,49),(157,'2024-08-01 03:43:30.102927',89,88),(158,'2024-08-01 03:43:30.235018',63,38),(159,'2024-08-01 03:43:30.357574',49,54),(160,'2024-08-01 03:43:30.486895',23,97),(161,'2024-08-01 03:43:30.623465',13,59),(162,'2024-08-01 03:43:30.746161',3,70),(163,'2024-08-01 03:43:30.887727',59,72),(164,'2024-08-01 03:43:31.001764',61,51),(165,'2024-08-01 03:43:31.127930',26,17),(166,'2024-08-01 03:43:31.261018',46,13),(167,'2024-08-01 03:43:31.389212',17,64),(168,'2024-08-01 03:43:31.515077',2,52),(169,'2024-08-01 03:43:31.639700',66,53),(170,'2024-08-01 03:43:31.771641',59,87),(171,'2024-08-01 03:43:31.901826',32,17),(172,'2024-08-01 03:43:32.038965',97,31),(173,'2024-08-01 03:43:32.159264',89,59),(174,'2024-08-01 03:43:32.286054',96,72),(175,'2024-08-01 03:43:32.412713',79,29),(176,'2024-08-01 03:43:32.541053',90,87),(177,'2024-08-01 03:43:32.678379',54,75),(178,'2024-08-01 03:43:32.804970',2,49),(179,'2024-08-01 03:43:32.932980',25,93),(180,'2024-08-01 03:43:33.056400',55,96),(181,'2024-08-01 03:43:33.182112',53,59),(182,'2024-08-01 03:43:33.305792',58,74),(183,'2024-08-01 03:43:33.447623',10,38),(184,'2024-08-01 03:43:33.577813',16,59),(185,'2024-08-01 03:43:33.700302',65,87),(186,'2024-08-01 03:43:33.830261',22,30),(187,'2024-08-01 03:43:33.962190',67,90),(188,'2024-08-01 03:43:34.083535',58,67),(189,'2024-08-01 03:43:34.201261',2,60),(190,'2024-08-01 03:43:34.328076',55,30),(191,'2024-08-01 03:43:34.449723',42,71),(192,'2024-08-01 03:43:34.572667',68,34),(193,'2024-08-01 03:43:34.699025',82,35),(194,'2024-08-01 03:43:34.816053',78,18),(195,'2024-08-01 03:43:34.946882',15,65),(196,'2024-08-01 03:43:35.099613',50,74),(197,'2024-08-01 03:43:35.233822',12,62),(198,'2024-08-01 03:43:35.355724',90,55),(199,'2024-08-01 03:43:35.488248',74,16),(200,'2024-08-01 03:43:35.613346',47,87),(201,'2024-08-01 03:43:35.751308',29,55),(202,'2024-08-01 03:43:35.875866',96,73),(203,'2024-08-01 03:43:35.998926',94,61),(204,'2024-08-01 03:43:36.135042',35,73),(205,'2024-08-01 03:43:36.257065',72,25),(206,'2024-08-01 03:43:36.382417',78,48),(207,'2024-08-01 03:43:36.573000',79,74),(208,'2024-08-01 03:43:36.690520',42,69),(209,'2024-08-01 03:43:36.820838',8,62),(210,'2024-08-01 03:43:36.946634',97,96),(211,'2024-08-01 03:43:37.072850',28,60),(212,'2024-08-01 03:43:37.203767',87,62),(213,'2024-08-01 03:43:37.326602',18,97),(214,'2024-08-01 03:43:37.457679',29,96),(215,'2024-08-01 03:43:37.584999',33,10),(216,'2024-08-01 03:43:37.704374',68,90),(217,'2024-08-01 03:43:37.824075',51,43),(218,'2024-08-01 03:43:37.951573',31,72),(219,'2024-08-01 03:43:38.092861',10,74),(220,'2024-08-01 03:43:38.263705',53,61),(221,'2024-08-01 03:43:38.427649',85,91),(222,'2024-08-01 03:43:38.574083',88,72),(223,'2024-08-01 03:43:38.741474',55,27),(224,'2024-08-01 03:43:38.919782',46,68),(225,'2024-08-01 03:43:39.062013',82,48),(226,'2024-08-01 03:43:39.217346',60,93),(227,'2024-08-01 03:43:39.372613',63,30),(228,'2024-08-01 03:43:39.554061',90,75),(229,'2024-08-01 03:43:39.854990',8,69),(230,'2024-08-01 03:43:40.035463',58,3),(231,'2024-08-01 03:43:40.183894',64,35),(232,'2024-08-01 03:43:40.325675',5,41),(233,'2024-08-01 03:43:40.459994',46,43),(234,'2024-08-01 03:43:40.585768',33,78),(235,'2024-08-01 03:43:40.714085',65,48),(236,'2024-08-01 03:43:40.837040',71,81),(237,'2024-08-01 03:43:40.960993',30,91),(238,'2024-08-01 03:43:41.085530',36,85),(239,'2024-08-01 03:43:41.211508',15,38),(240,'2024-08-01 03:43:41.348025',49,91),(241,'2024-08-01 03:43:41.482049',69,81),(242,'2024-08-01 03:43:41.614750',8,10),(243,'2024-08-01 03:43:41.762512',5,70),(244,'2024-08-01 03:43:41.905119',73,69),(245,'2024-08-01 03:43:42.032597',67,60),(246,'2024-08-01 03:43:42.158576',59,30),(247,'2024-08-01 03:43:42.282119',91,33),(248,'2024-08-01 03:43:42.412894',65,37),(249,'2024-08-01 03:43:42.538081',63,22),(250,'2024-08-01 03:43:42.675736',20,33),(251,'2024-08-01 03:43:42.801203',61,92),(252,'2024-08-01 03:43:42.924413',63,39),(253,'2024-08-01 03:43:43.059663',77,41),(254,'2024-08-01 03:43:43.185715',78,30),(255,'2024-08-01 03:43:43.320299',63,74),(256,'2024-08-01 03:43:43.464760',69,39),(257,'2024-08-01 03:43:43.589197',92,63),(258,'2024-08-01 03:43:43.711537',51,46),(259,'2024-08-01 03:43:43.837375',13,31),(260,'2024-08-01 03:43:43.966013',43,69),(261,'2024-08-01 03:43:44.090487',11,35),(262,'2024-08-01 03:43:44.227243',4,93),(263,'2024-08-01 03:43:44.354970',85,73),(264,'2024-08-01 03:43:44.482402',70,46),(265,'2024-08-01 03:43:44.606103',79,69),(266,'2024-08-01 03:43:44.748027',88,52),(267,'2024-08-01 03:43:44.887001',33,50),(268,'2024-08-01 03:43:45.026416',55,35),(269,'2024-08-01 03:43:45.173290',99,37),(270,'2024-08-01 03:43:45.330538',37,80),(271,'2024-08-01 03:43:45.472382',24,72),(272,'2024-08-01 03:43:45.607766',36,71),(273,'2024-08-01 03:43:45.735674',94,100),(274,'2024-08-01 03:43:45.879860',47,56),(275,'2024-08-01 03:43:46.017945',96,91),(276,'2024-08-01 03:43:46.162393',24,85),(277,'2024-08-01 03:43:46.291015',66,69),(278,'2024-08-01 03:43:46.424677',96,87),(279,'2024-08-01 03:43:46.546781',84,51),(280,'2024-08-01 03:43:46.687204',8,77),(281,'2024-08-01 03:43:46.815741',67,61),(282,'2024-08-01 03:43:46.944331',11,75),(283,'2024-08-01 03:43:47.068018',73,34),(284,'2024-08-01 03:43:47.194788',56,55),(285,'2024-08-01 03:43:47.333614',29,39),(286,'2024-08-01 03:43:47.473214',97,89),(287,'2024-08-01 03:43:47.606941',6,11),(288,'2024-08-01 03:43:47.736457',56,27),(289,'2024-08-01 03:43:47.878551',31,3),(290,'2024-08-01 03:43:48.089495',75,49),(291,'2024-08-01 03:43:48.225831',58,86),(292,'2024-08-01 03:43:48.355158',81,56),(293,'2024-08-01 03:43:48.489250',22,71),(294,'2024-08-01 03:43:48.635240',92,52),(295,'2024-08-01 03:43:48.803059',85,61),(296,'2024-08-01 03:43:48.948143',96,29),(297,'2024-08-01 03:43:49.090202',77,3),(298,'2024-08-01 03:43:49.238079',88,50),(299,'2024-08-01 03:43:49.375656',54,41),(300,'2024-08-01 03:43:49.514371',57,68),(301,'2024-08-01 03:43:49.671956',50,46),(302,'2024-08-01 03:43:49.808251',65,25),(303,'2024-08-01 03:43:49.942929',84,55),(304,'2024-08-01 03:43:50.069233',21,35),(305,'2024-08-01 03:43:50.195005',46,45),(306,'2024-08-01 03:43:50.325353',55,38),(307,'2024-08-01 03:43:50.448038',37,100),(308,'2024-08-01 03:43:50.578562',35,48),(309,'2024-08-01 03:43:50.706097',60,60),(310,'2024-08-01 03:43:50.827746',76,21),(311,'2024-08-01 03:43:50.947918',79,95),(312,'2024-08-01 03:43:51.075352',42,34),(313,'2024-08-01 03:43:51.198914',67,80),(314,'2024-08-01 03:43:51.366944',92,54),(315,'2024-08-01 03:43:51.494407',14,50),(316,'2024-08-01 03:43:51.654770',24,46),(317,'2024-08-01 03:43:51.781761',18,77),(318,'2024-08-01 03:43:51.924357',76,26),(319,'2024-08-01 03:43:52.061249',98,37),(320,'2024-08-01 03:43:52.209870',33,38),(321,'2024-08-01 03:43:52.346413',92,46),(322,'2024-08-01 03:43:52.471370',78,43),(323,'2024-08-01 03:43:52.602232',57,89),(324,'2024-08-01 03:43:52.737689',38,44),(325,'2024-08-01 03:43:52.863005',6,80),(326,'2024-08-01 03:43:52.990621',73,17),(327,'2024-08-01 03:43:53.116624',97,54),(328,'2024-08-01 03:43:53.256554',80,45),(329,'2024-08-01 03:43:53.464164',81,97),(330,'2024-08-01 03:43:53.611834',14,87),(331,'2024-08-01 03:43:53.749937',67,76),(332,'2024-08-01 03:43:53.877961',36,100),(333,'2024-08-01 03:43:54.005486',49,60),(334,'2024-08-01 03:43:54.136590',35,28),(335,'2024-08-01 03:43:54.261489',81,62),(336,'2024-08-01 03:43:54.390856',32,46),(337,'2024-08-01 03:43:54.518149',4,26),(338,'2024-08-01 03:43:54.646702',58,50),(339,'2024-08-01 03:43:54.777291',23,51),(340,'2024-08-01 03:43:54.905310',38,27),(341,'2024-08-01 03:43:55.036815',13,88),(342,'2024-08-01 03:43:55.169895',4,92),(343,'2024-08-01 03:43:55.373914',86,38),(344,'2024-08-01 03:43:55.503841',43,11),(345,'2024-08-01 03:43:55.631550',81,50),(346,'2024-08-01 03:43:55.765484',87,100),(347,'2024-08-01 03:43:55.884830',83,72),(348,'2024-08-01 03:43:56.017538',19,65),(349,'2024-08-01 03:43:56.157158',88,90),(350,'2024-08-01 03:43:56.289431',67,37),(351,'2024-08-01 03:43:56.426165',95,69),(352,'2024-08-01 03:43:56.549114',28,49),(353,'2024-08-01 03:43:56.677461',91,81),(354,'2024-08-01 03:43:56.805505',66,31),(355,'2024-08-01 03:43:56.925373',16,39),(356,'2024-08-01 03:43:57.045627',74,83),(357,'2024-08-01 03:43:57.172072',20,51),(358,'2024-08-01 03:43:57.305915',16,53),(359,'2024-08-01 03:43:57.436276',10,67),(360,'2024-08-01 03:43:57.569430',59,65),(361,'2024-08-01 03:43:57.756808',49,80),(362,'2024-08-01 03:43:57.882987',38,3),(363,'2024-08-01 03:43:58.017387',34,95),(364,'2024-08-01 03:43:58.139265',27,55),(365,'2024-08-01 03:43:58.257358',23,90),(366,'2024-08-01 03:43:58.389848',12,38),(367,'2024-08-01 03:43:58.520078',94,76),(368,'2024-08-01 03:43:58.656819',76,27),(369,'2024-08-01 03:43:58.774102',15,57),(370,'2024-08-01 03:43:58.907453',98,64),(371,'2024-08-01 03:43:59.024825',14,39),(372,'2024-08-01 03:43:59.144983',67,18),(373,'2024-08-01 03:43:59.275863',33,44),(374,'2024-08-01 03:43:59.392105',40,80),(375,'2024-08-01 03:43:59.518824',65,13),(376,'2024-08-01 03:43:59.674028',44,75),(377,'2024-08-01 03:43:59.794689',77,16),(378,'2024-08-01 03:43:59.920714',31,25),(379,'2024-08-01 03:44:00.045611',39,64),(380,'2024-08-01 03:44:00.187286',51,54),(381,'2024-08-01 03:44:00.320529',40,41),(382,'2024-08-01 03:44:00.465470',96,69),(383,'2024-08-01 03:44:00.620228',26,75),(384,'2024-08-01 03:44:00.758713',21,51),(385,'2024-08-01 03:44:00.889341',9,54),(386,'2024-08-01 03:44:01.021108',76,68),(387,'2024-08-01 03:44:01.168600',55,94),(388,'2024-08-01 03:44:01.322659',84,85),(389,'2024-08-01 03:44:01.454673',9,39),(390,'2024-08-01 03:44:01.584102',61,38),(391,'2024-08-01 03:44:01.718509',51,87),(392,'2024-08-01 03:44:01.851413',22,87),(393,'2024-08-01 03:44:01.975389',89,83),(394,'2024-08-01 03:44:02.102038',38,17),(395,'2024-08-01 03:44:02.219598',71,49),(396,'2024-08-01 03:44:02.348956',12,61),(397,'2024-08-01 03:44:02.531399',42,57),(398,'2024-08-01 03:44:02.659064',56,10),(399,'2024-08-01 03:44:02.782557',8,93),(400,'2024-08-01 03:44:02.912914',89,43),(401,'2024-08-01 03:44:03.045294',64,3),(402,'2024-08-01 03:44:03.185755',66,41),(403,'2024-08-01 03:44:03.309415',78,83),(404,'2024-08-01 03:44:03.434399',51,37),(405,'2024-08-01 03:44:03.568886',61,33),(406,'2024-08-01 03:44:03.695188',22,41),(407,'2024-08-01 03:44:03.817258',57,63),(408,'2024-08-01 03:44:03.943790',3,97),(409,'2024-08-01 03:44:04.073905',27,73),(410,'2024-08-01 03:44:04.201589',26,63),(411,'2024-08-01 03:44:04.323196',30,26),(412,'2024-08-01 03:44:04.445386',61,46),(413,'2024-08-01 03:44:04.575708',29,62),(414,'2024-08-01 03:44:04.701647',90,85),(415,'2024-08-01 03:44:04.836084',65,76),(416,'2024-08-01 03:44:04.954964',14,78),(417,'2024-08-01 03:44:05.077195',45,89),(418,'2024-08-01 03:44:05.200222',24,22),(419,'2024-08-01 03:44:05.334528',12,28),(420,'2024-08-01 03:44:05.457625',39,46),(421,'2024-08-01 03:44:05.613258',94,48),(422,'2024-08-01 03:44:05.733821',88,38),(423,'2024-08-01 03:44:05.857382',79,37),(424,'2024-08-01 03:44:05.991567',98,44),(425,'2024-08-01 03:44:06.110619',52,26),(426,'2024-08-01 03:44:06.232393',3,65),(427,'2024-08-01 03:44:06.357105',1,73),(428,'2024-08-01 03:44:06.599833',72,17),(429,'2024-08-01 03:44:06.725023',36,68),(430,'2024-08-01 03:44:06.855362',90,11),(431,'2024-08-01 03:44:06.981075',28,59),(432,'2024-08-01 03:44:07.191711',88,34),(433,'2024-08-01 03:44:07.323307',69,33),(434,'2024-08-01 03:44:07.448527',66,73),(435,'2024-08-01 03:44:07.586152',93,61),(436,'2024-08-01 03:44:07.773578',39,86),(437,'2024-08-01 03:44:07.899862',4,94),(438,'2024-08-01 03:44:08.019332',40,28),(439,'2024-08-01 03:44:08.140568',13,34),(440,'2024-08-01 03:44:08.263847',5,18),(441,'2024-08-01 03:44:08.393658',25,55),(442,'2024-08-01 03:44:08.513613',14,29),(443,'2024-08-01 03:44:08.642273',2,34),(444,'2024-08-01 03:44:08.772443',21,70),(445,'2024-08-01 03:44:08.922041',24,28),(446,'2024-08-01 03:44:09.051076',86,62),(447,'2024-08-01 03:44:09.176758',37,95),(448,'2024-08-01 03:44:09.301276',13,72),(449,'2024-08-01 03:44:09.440664',81,64),(450,'2024-08-01 03:44:09.569322',47,85),(451,'2024-08-01 03:44:09.700009',18,52),(452,'2024-08-01 03:44:09.824247',9,11),(453,'2024-08-01 03:44:09.958789',84,60),(454,'2024-08-01 03:44:10.086308',55,78),(455,'2024-08-01 03:44:10.212910',84,54),(456,'2024-08-01 03:44:10.350083',30,33),(457,'2024-08-01 03:44:10.482625',71,100),(458,'2024-08-01 03:44:10.621032',51,13),(459,'2024-08-01 03:44:10.751517',28,81),(460,'2024-08-01 03:44:10.997761',55,70),(461,'2024-08-01 03:44:11.145227',66,92),(462,'2024-08-01 03:44:11.274680',30,77),(463,'2024-08-01 03:44:11.410662',12,87),(464,'2024-08-01 03:44:11.535069',75,43),(465,'2024-08-01 03:44:11.669255',99,34),(466,'2024-08-01 03:44:11.796273',50,3),(467,'2024-08-01 03:44:11.950000',8,13),(468,'2024-08-01 03:44:12.082887',66,83),(469,'2024-08-01 03:44:12.214409',44,11),(470,'2024-08-01 03:44:12.344409',56,37),(471,'2024-08-01 03:44:12.467105',49,49),(472,'2024-08-01 03:44:12.597220',44,100),(473,'2024-08-01 03:44:12.725555',81,57),(474,'2024-08-01 03:44:12.853000',36,83),(475,'2024-08-01 03:44:12.984594',59,35),(476,'2024-08-01 03:44:13.107434',62,57),(477,'2024-08-01 03:44:13.234619',4,73),(478,'2024-08-01 03:44:13.375875',24,48),(479,'2024-08-01 03:44:13.505595',90,38),(480,'2024-08-01 03:44:13.629397',69,26),(481,'2024-08-01 03:44:13.761820',55,25),(482,'2024-08-01 03:44:13.893824',99,28),(483,'2024-08-01 03:44:14.019740',7,88),(484,'2024-08-01 03:44:14.152059',98,45),(485,'2024-08-01 03:44:14.295894',49,48),(486,'2024-08-01 03:44:14.426886',19,41),(487,'2024-08-01 03:44:14.558229',42,96),(488,'2024-08-01 03:44:14.695507',7,71),(489,'2024-08-01 03:44:14.823747',11,18),(490,'2024-08-01 03:44:14.954011',91,61),(491,'2024-08-01 03:44:15.079249',80,13),(492,'2024-08-01 03:44:15.205395',54,94),(493,'2024-08-01 03:44:15.331614',37,43),(494,'2024-08-01 03:44:15.453818',88,13),(495,'2024-08-01 03:44:15.576223',26,56),(496,'2024-08-01 03:44:15.697846',74,92),(497,'2024-08-01 03:44:15.815982',90,10),(498,'2024-08-01 03:44:16.005269',33,74),(499,'2024-08-01 03:44:16.124435',87,10),(500,'2024-08-01 03:44:16.259340',1,64),(501,'2024-08-01 03:44:16.389199',10,93),(502,'2024-08-01 03:44:16.511620',5,49),(503,'2024-08-01 03:44:16.639198',4,50),(504,'2024-08-01 03:44:16.764008',95,13),(505,'2024-08-01 03:44:16.886227',10,39),(506,'2024-08-01 03:44:17.060285',16,89),(507,'2024-08-01 03:44:17.258566',64,81),(508,'2024-08-01 03:44:17.390785',63,10),(509,'2024-08-01 03:44:17.516894',45,44),(510,'2024-08-01 03:44:17.649253',33,73),(511,'2024-08-01 03:44:17.772863',64,11),(512,'2024-08-01 03:44:17.895370',67,100),(513,'2024-08-01 03:44:18.024291',22,70),(514,'2024-08-01 03:44:18.163154',35,60),(515,'2024-08-01 03:44:18.307086',2,75),(516,'2024-08-01 03:44:18.431781',76,10),(517,'2024-08-01 03:44:18.555514',7,28),(518,'2024-08-01 03:44:18.676664',43,61),(519,'2024-08-01 03:44:18.849187',32,74),(520,'2024-08-01 03:44:18.978611',16,83),(521,'2024-08-01 03:44:19.098225',34,28),(522,'2024-08-01 03:44:19.218920',29,87),(523,'2024-08-01 03:44:19.357551',23,25),(524,'2024-08-01 03:44:19.555420',24,13),(525,'2024-08-01 03:44:19.682928',7,69),(526,'2024-08-01 03:44:19.813321',18,29),(527,'2024-08-01 03:44:19.943408',24,68),(528,'2024-08-01 03:44:20.066079',53,63),(529,'2024-08-01 03:44:20.189508',96,39),(530,'2024-08-01 03:44:20.313680',88,65),(531,'2024-08-01 03:44:20.462882',23,10),(532,'2024-08-01 03:44:20.585383',66,43),(533,'2024-08-01 03:44:20.716136',97,11),(534,'2024-08-01 03:44:20.852526',2,43),(535,'2024-08-01 03:44:20.978145',62,68),(536,'2024-08-01 03:44:21.105935',54,80),(537,'2024-08-01 03:44:21.232323',6,13),(538,'2024-08-01 03:44:21.374202',98,63),(539,'2024-08-01 03:44:21.501370',68,56),(549,'2024-08-12 08:06:53.705129',20,10),(550,'2024-08-12 08:09:34.659830',43,10),(551,'2024-08-12 09:17:41.001704',20,13),(552,'2024-08-12 09:18:10.783057',1,2),(553,'2024-08-13 05:46:23.171086',20,45),(554,'2024-08-13 05:47:03.745232',43,45),(555,'2024-08-13 06:32:09.333285',2,114),(556,'2024-08-13 07:36:55.038702',1,8),(560,'2024-08-13 08:17:05.128009',88,10),(561,'2024-08-13 08:19:42.009664',43,12),(562,'2024-08-13 08:24:10.184780',41,13),(563,'2024-08-13 08:29:13.424919',81,13),(564,'2024-08-13 08:30:46.763471',59,111),(565,'2024-08-13 08:35:58.639783',43,13),(568,'2024-08-14 03:29:31.026069',13,103),(569,'2024-08-14 04:22:32.358011',26,114),(570,'2024-08-14 04:22:46.901940',22,114),(571,'2024-08-14 05:12:18.106110',8,2),(572,'2024-08-14 05:22:25.804924',112,2),(577,'2024-08-14 05:45:32.860052',5,2),(578,'2024-08-14 06:18:59.943810',13,10),(579,'2024-08-14 06:19:26.096220',41,10),(580,'2024-08-14 06:19:31.395859',59,10),(581,'2024-08-14 06:19:37.345893',81,10),(586,'2024-08-14 07:32:55.930154',20,32),(587,'2024-08-14 07:46:57.302456',13,32),(588,'2024-08-14 07:47:03.956351',13,101),(589,'2024-08-14 07:47:38.133405',13,13),(590,'2024-08-14 07:48:08.529253',13,114),(591,'2024-08-14 07:48:15.756065',13,83),(592,'2024-08-14 07:49:02.084211',13,30),(593,'2024-08-14 07:53:18.589503',41,114),(595,'2024-08-14 07:53:22.064509',41,30),(596,'2024-08-14 07:56:04.438364',59,114),(597,'2024-08-14 07:56:07.575169',59,13),(598,'2024-08-14 07:56:14.365486',59,101),(599,'2024-08-14 08:09:12.098348',88,120),(600,'2024-08-14 08:10:09.978441',43,120),(601,'2024-08-14 08:29:16.953795',5,101),(602,'2024-08-14 08:29:21.493886',20,7),(603,'2024-08-14 08:47:48.842966',20,120),(604,'2024-08-14 08:56:08.230956',43,7),(605,'2024-08-14 08:56:24.095610',43,114),(606,'2024-08-14 08:57:27.219920',43,2),(607,'2024-08-14 08:57:50.854575',88,2),(609,'2024-08-14 08:57:53.550071',88,1),(610,'2024-08-14 08:58:03.517157',88,114),(611,'2024-08-14 08:58:30.782118',88,30),(612,'2024-08-14 08:58:51.167488',88,7),(613,'2024-08-15 00:53:11.720357',20,121),(615,'2024-08-15 03:58:45.116458',4,125),(616,'2024-08-15 04:15:34.979812',4,126),(617,'2024-08-15 08:20:05.881699',41,137),(618,'2024-08-15 08:24:28.998744',114,137),(619,'2024-08-15 08:32:48.141841',114,10),(620,'2024-08-15 08:38:14.235740',88,137),(621,'2024-08-15 10:34:33.678928',115,130);
/*!40000 ALTER TABLE `register` ENABLE KEYS */;
UNLOCK TABLES;

--
-- Table structure for table `review`
--

DROP TABLE IF EXISTS `review`;
/*!40101 SET @saved_cs_client     = @@character_set_client */;
/*!50503 SET character_set_client = utf8mb4 */;
CREATE TABLE `review` (
  `review_id` bigint(20) NOT NULL AUTO_INCREMENT,
  `content` varchar(1000) COLLATE utf8mb4_bin NOT NULL,
  `created_at` datetime(6) NOT NULL,
  `rating` int(11) NOT NULL,
  `updated_at` datetime(6) DEFAULT NULL,
  `course_id` bigint(20) NOT NULL,
  `member_id` bigint(20) NOT NULL,
  PRIMARY KEY (`review_id`),
  KEY `FKprox8elgnr8u5wrq1983degk` (`course_id`),
  KEY `FKk0ccx5i4ci2wd70vegug074w1` (`member_id`),
  CONSTRAINT `FKk0ccx5i4ci2wd70vegug074w1` FOREIGN KEY (`member_id`) REFERENCES `member` (`member_id`),
  CONSTRAINT `FKprox8elgnr8u5wrq1983degk` FOREIGN KEY (`course_id`) REFERENCES `course` (`course_id`)
) ENGINE=InnoDB AUTO_INCREMENT=558 DEFAULT CHARSET=utf8mb4 COLLATE=utf8mb4_bin;
/*!40101 SET character_set_client = @saved_cs_client */;

--
-- Dumping data for table `review`
--

LOCK TABLES `review` WRITE;
/*!40000 ALTER TABLE `review` DISABLE KEYS */;
INSERT INTO `review` VALUES (1,'기본적인 반죽 만들기부터 시작하여 장식 기법, 구워내기까지 체계적으로 진행됩니다. 특히 쿠키의 디자인과 타르트 필링 레시피가 다양하게 소개되어 실용적입니다. 강의의 장점은 시각적으로 매력적인 쿠키 디자인을 배우고 집에서도 쉽게 따라할 수 있는 실용적인 팁들을 제공한다는 점입니다.','2024-07-12 18:01:59.000000',4,NULL,1,73),(2,'이 강의는 정말 훌륭했습니다! \"귀여운 쿠키와 맛있는 타르트 만들기\" 강의는 베이킹을 처음 접하는 사람부터 어느 정도 경험이 있는 사람들까지 모두 만족할 수 있는 콘텐츠를 제공합니다. 강의는 체계적으로 구성되어 있으며, 각 단계별로 세심하게 설명되어 있어 따라 하기 쉽습니다. 특히 쿠키 디자인과 타르트 필링 레시피는 매우 다양하고 창의적이어서, 개인의 취향에 맞는 작품을 만들어낼 수 있었습니다.','2024-07-24 13:39:39.000000',5,NULL,1,64),(4,'초보자부터 중급자까지 다양한 수준의 요가 동작을 배울 수 있어 좋았습니다. 각 레벨에 맞춘 루틴이 체형 교정에 큰 도움이 됩니다.','2024-07-22 12:42:23.000000',4,NULL,2,3),(5,'경험 많은 강사가 자세히 설명해 주셔서 요가 동작을 정확하게 따라 할 수 있었습니다. 강사의 전문성과 친절한 설명이 인상적이었습니다.','2024-07-27 23:01:24.000000',5,NULL,2,75),(6,'강의에서 소개된 동작들을 꾸준히 실천하면서 체형이 개선되는 것을 느꼈습니다. 자세 교정에 많은 도움이 되었어요.','2024-07-29 02:38:42.000000',4,NULL,2,52),(7,'온라인으로 제공되기 때문에 시간과 장소에 구애받지 않고 언제든지 수강할 수 있어 매우 편리했습니다.','2024-07-31 06:19:02.000000',5,NULL,2,49),(8,'동작 하나하나에 대한 자세한 설명과 시범이 있어서 초보자도 쉽게 따라 할 수 있었습니다. 설명이 명확하고 실용적이었습니다.','2024-07-31 20:20:08.000000',5,NULL,2,60),(9,'동작이 비교적 간단하고 설명이 잘 되어 있어서 요가를 처음 접하는 사람들도 쉽게 따라 할 수 있었습니다.','2024-08-06 01:56:28.000000',4,NULL,2,43),(10,'개인의 체형에 맞춘 조언과 수정을 통해 자신에게 맞는 요가를 할 수 있었던 점이 좋았습니다.','2024-08-07 02:47:06.000000',4,NULL,2,81),(11,'강의 영상의 화질이 좋고 시청하기 편리했습니다. 강사의 자세한 동작 설명이 잘 보였습니다.','2024-08-09 02:02:49.000000',4,NULL,2,34),(12,'짧은 시간에 할 수 있는 루틴이 많아서 매일 꾸준히 실천하기 좋았습니다.','2024-08-10 16:14:54.000000',4,NULL,2,7),(13,'무료라서 속는셈치고 한번 해봤는데 너무 좋아요','2024-08-11 20:04:20.000000',5,NULL,2,95),(15,'웹소설 표지 일러스트 제작에 필요한 실질적인 기법들을 상세히 설명해 주어서 매우 유용했습니다. 다양한 스타일을 배울 수 있어 좋았습니다.','2024-07-15 10:14:33.000000',4,NULL,3,70),(16,'반실사와 캐주얼을 넘나드는 다양한 일러스트 스타일을 배울 수 있어 흥미로웠습니다. 각 스타일에 맞는 기술을 익히는 데 도움이 되었습니다.','2024-07-26 23:54:48.000000',4,NULL,3,64),(17,'각 일러스트 기법에 대한 설명이 매우 세심하고 명확했습니다. 단계별로 따라 하기 쉬워서 실습에 큰 도움이 되었습니다.','2024-08-07 14:01:56.000000',5,NULL,3,97),(18,'웹소설 장르별 효과적인 표지 디자인 전략에 대한 전문적인 조언이 유익했습니다. 장르에 맞는 디자인 팁을 얻을 수 있어 좋았습니다.','2024-08-09 00:16:33.000000',4,NULL,3,56),(19,'28만원이라는 가격이 다소 비싸게 느껴졌지만, 강의 내용이 알차고 유용하여 가격 이상의 가치를 제공한다고 생각합니다.','2024-08-09 14:37:41.000000',4,NULL,3,65),(20,'강의 영상의 품질이 좋고 시청하기 편리했습니다. 그러나 실제 작업 과정에 대한 더 많은 예시와 설명이 있었으면 좋았을 것 같습니다.','2024-08-09 23:24:42.000000',2,NULL,3,96),(21,'음악 이론 지식이 없어도 바로 작곡을 시작할 수 있도록 설계된 실용적인 강의입니다. 기초부터 차근차근 설명해 주셔서 초보자에게 적합합니다.','2024-07-16 08:50:00.000000',4,NULL,4,87),(22,'기초적인 화성학과 멜로디 작성법을 잘 설명해 주셔서 작곡의 기본기를 탄탄히 다질 수 있었습니다. 초보자에게 추천합니다.','2024-07-22 16:07:46.000000',4,NULL,4,94),(23,'강의 내용이 실제 작곡에 바로 적용할 수 있도록 구성되어 있어 매우 실용적입니다. 필요한 이론을 간결하게 설명해 주어서 좋았습니다.','2024-07-23 21:02:02.000000',5,NULL,4,3),(24,'25만원이 아깝습니다','2024-07-26 08:38:55.000000',1,NULL,4,39),(25,'강의가 전반적으로 잘 구성되어 있지만, 때때로 진행 속도가 빠르게 느껴질 수 있습니다. 초보자에게는 좀 더 천천히 설명해주면 좋을 것 같습니다.','2024-08-01 14:17:24.000000',3,NULL,4,92),(26,'강의의 영상 품질과 강사의 설명이 명확했으나, 좀 더 다양한 예제와 실습이 포함되었으면 좋았을 것 같습니다. 전반적으로 만족스러웠습니다.','2024-08-04 14:05:56.000000',4,NULL,4,73),(27,'기초부터 차근차근 설명해 주셔서 정말 이해하기 쉬웠어요. 작곡에 자신감이 붙었습니다!','2024-08-04 16:21:27.000000',4,NULL,4,91),(28,'강의 내용은 좋지만, 진도가 좀 빨라서 따라가기가 힘들 때도 있었어요. 기본적인 개념은 잘 설명해 주셨는데, 좀 더 천천히 진행해 주면 좋겠어요.','2024-08-07 17:31:13.000000',2,NULL,4,50),(29,'기초적인 화성학부터 멜로디 작성법까지 설명해 주셔서 실습에 바로 활용할 수 있었어요. 돈이 아깝지 않네요. 작곡 시작하려는 분들께 강추합니다!','2024-08-10 07:41:39.000000',5,NULL,4,93),(30,'가격이 좀 부담스러워요','2024-08-10 12:21:36.000000',3,NULL,4,26),(31,'기본적인 동작부터 차근차근 설명해 주셔서 쉽게 따라할 수 있었어요.','2024-07-20 02:41:47.000000',5,NULL,5,74),(32,'강사님이 친절하게 동작을 설명해 주셔서 이해하기 쉬웠어요. 동작 하나하나 자세히 설명해 주셔서 따라하기 편했습니다.','2024-07-24 18:15:06.000000',5,NULL,5,49),(33,'별다른 장비가 필요 없어서 집에서 간편하게 할 수 있는 점이 좋았어요. 매트 하나만 있으면 되니까 부담 없이 시작할 수 있었습니다.','2024-07-26 06:59:28.000000',4,NULL,5,70),(34,'다양한 필라테스 루틴이 있어서 지루하지 않고 계속할 수 있었어요. 매일 새로운 루틴을 시도해볼 수 있어서 만족스러웠습니다.','2024-08-07 10:15:08.000000',5,NULL,5,41),(35,'강의 내용은 좋은데, 영상 화질이 조금 떨어져서 동작을 자세히 보기 어려웠던 부분이 있었어요. 화질 개선이 필요할 것 같아요.','2024-08-10 08:22:47.000000',5,NULL,5,94),(36,'온라인 강의라서 시간과 장소에 구애받지 않고 필라테스를 할 수 있어 좋았어요. 집에서 편하게 운동할 수 있어서 너무 좋습니다.','2024-08-10 15:55:31.000000',5,NULL,5,18),(37,'깊이 있는 논리적 사고의 기초를 다질 수 있는 강의 - 이 강의는 논리적 사고와 비판적 분석 능력을 향상시키는 데 중점을 두고 있습니다. 개인적으로는 형식 논리학의 기본 원리부터 배우면서 논리적 사고의 기초를 탄탄히 다질 수 있었습니다. 강의 내용이 연역법과 귀납법, 가설 검증, 인과관계 분석 등을 포함하여 매우 포괄적이었습니다. 특히 실제 사례를 통해 이론을 적용하는 방식이 인상적이었습니다. 이론적인 지식을 실제 문제에 어떻게 적용할 수 있는지에 대한 구체적인 예시를 통해 이해도가 높아졌습니다. 이 강의는 학문적 연구나 직업적 성공뿐만 아니라 일상적인 의사결정에도 큰 도움이 되었습니다. 수업을 듣고 나니, 문제를 분석하고 논리적으로 결론을 도출하는 능력이 많이 향상된 것 같습니다. 가격이 99,000원으로 약간 비싸다고 느껴질 수도 있지만, 제공되는 내용과 강의의 깊이를 고려하면 충분히 가치가 있다고 생각합니다.','2024-08-06 00:38:10.000000',4,NULL,6,11),(38,'실용성과 이론의 균형을 잘 맞춘 강의 - 논리적 사고와 비판적 분석 능력을 향상시키는 이 강의는 실용성과 이론의 균형을 잘 맞추고 있습니다. 강의에서는 형식 논리학의 기본 원리를 체계적으로 학습하고, 다양한 논증 구조를 이해하는 데 도움을 주었습니다. 특히 강의의 실용적인 부분이 매우 유용했습니다. 예를 들어, 일상생활에서 흔히 겪는 논리적 오류를 식별하고 수정하는 방법을 배우는 것이 매우 실용적이었습니다. 또한, 연역법과 귀납법을 활용한 문제 해결 방법을 익히면서 실제 상황에서 어떻게 적용할 수 있을지에 대한 감각을 키울 수 있었습니다. 비판적 사고를 통해 자신의 주장을 논리적으로 구성하는 연습을 하다 보니, 논리적 사고가 일상적인 의사결정에도 큰 영향을 미친다는 것을 실감하게 되었습니다. 99,000원이라는 가격은 다소 비쌀 수 있지만, 강의의 내용과 실제 적용 가능한 기술을 고려할 때 투자할 가치가 있다고 생각합니다','2024-08-06 19:42:40.000000',4,NULL,6,80),(39,'전문적이고 종합적인 사고 도구를 제공하는 강의 - 이 강의는 논리적 사고와 비판적 분석 능력을 키우는 데 필요한 모든 요소를 잘 갖추고 있습니다. 강의 내용이 형식 논리학의 기초부터 시작해 논리적 오류 식별, 연역법, 귀납법, 가설 검증 등을 포함하여, 사고 도구를 종합적으로 제공하는 점이 매우 만족스러웠습니다. 특히 실제 사례를 통한 이론 적용은 매우 실용적이었습니다. 수업을 통해 복잡한 문제를 분석하고, 근거에 기반한 결론을 도출하는 능력이 향상되었습니다. 강사님의 설명이 명확하고, 다양한 논증 구조를 이해하는 데 큰 도움이 되었습니다. 강의는 학문적 연구와 직업적 성공에 필수적인 능력을 배울 수 있는 기회를 제공하며, 일상적인 의사결정에서도 유용하게 적용할 수 있었습니다. 가격이 99,000원으로 다소 비싸다고 느껴질 수 있지만, 제공되는 종합적인 내용과 퀄리티를 고려할 때 충분히 합리적이라고 생각합니다','2024-08-07 06:19:41.000000',4,NULL,6,13),(40,'이 강의는 제1차 세계대전에 대한 포괄적인 시각을 제공합니다. 전쟁의 배경과 전개 과정, 그리고 전쟁이 현대 정치에 미친 영향을 잘 설명해 주어 매우 유익했습니다.','2024-08-02 08:39:50.000000',5,NULL,7,88),(41,'전쟁의 주요 참전국과 군사 전략을 자세히 다루어 주어서, 복잡한 전쟁의 흐름을 이해하는 데 많은 도움이 되었습니다.','2024-08-03 16:46:35.000000',0,NULL,7,96),(42,'베르사유 조약의 내용과 영향에 대한 심도 있는 분석이 특히 인상 깊었습니다. 전쟁의 끝과 그 여파를 깊이 이해할 수 있었습니다.','2024-08-07 07:39:00.000000',3,NULL,7,71),(43,'강의가 체계적이고 상세하여 제1차 세계대전의 전반적인 이해가 잘 되었습니다. 전투와 군사 전략의 변화도 잘 설명해 주었습니다.','2024-08-08 16:38:44.000000',4,NULL,7,69),(44,'전쟁이 시민들의 삶에 미친 영향과 새로운 무기의 도입에 대한 부분이 매우 흥미로웠습니다. 실생활과의 연계가 잘 되었습니다.','2024-08-09 22:39:21.000000',5,NULL,7,28),(45,'실존주의의 기초부터 현대적 적용까지 잘 설명해 주어서, 철학적 사고의 깊이를 느낄 수 있었습니다.','2024-08-01 21:09:23.000000',5,NULL,8,77),(46,'키르케고르와 니체의 사상부터 시작하여, 사르트르와 카뮈의 철학까지 폭넓게 다룬 강의가 매우 유익했습니다.','2024-08-03 03:57:33.000000',1,NULL,8,93),(47,'실존, 본질, 자유 등의 핵심 개념을 이해하는 데 큰 도움이 되었고, 이를 통해 현대 사회의 문제를 분석할 수 있었습니다.','2024-08-05 01:31:14.000000',1,NULL,8,13),(48,'강의가 철학적 개념을 명확히 설명해 주었고, 실존주의가 문학과 예술에 미친 영향을 배우는 것이 흥미로웠습니다.','2024-08-08 03:12:35.000000',1,NULL,8,10),(49,'실존주의의 주요 철학자들의 사상을 체계적으로 배울 수 있어, 철학적 사고의 폭을 넓힐 수 있었습니다.','2024-08-08 22:04:02.000000',3,NULL,8,96),(50,'실존주의적 관점에서 현대 사회의 문제를 분석하는 과정이 유익했습니다. 개인의 삶의 의미를 성찰할 기회가 되었습니다.','2024-08-09 16:50:07.000000',1,NULL,8,62),(51,'학적 개념이 일상생활에 어떻게 적용되는지를 실질적으로 배우는 데 도움이 되었습니다. 강의의 구성과 내용이 좋았습니다','2024-08-10 04:52:18.000000',0,NULL,8,89),(52,'실존주의 철학이 현대 사회와 어떻게 연결되는지에 대한 분석이 흥미로웠습니다. 다양한 분야에 미친 영향을 이해할 수 있었습니다','2024-08-11 08:40:51.000000',2,NULL,8,69),(53,'철학적 사고를 통해 자신의 삶을 더 깊이 이해할 수 있었고, 실존주의의 핵심 개념들을 잘 배울 수 있었습니다','2024-08-12 02:46:29.000000',2,NULL,8,52),(54,'반야심경과 금강경의 핵심 개념을 상세히 다루어 주어 불교 철학에 대한 깊이 있는 이해가 가능했습니다.','2024-08-02 08:52:14.000000',1,NULL,9,39),(55,'반야심경의 공(空) 사상과 반야지혜를 배우는 것이 인상 깊었고, 현대적 해석을 통해 더 깊이 이해할 수 있었습니다.','2024-08-02 20:32:12.000000',1,NULL,9,22),(56,'강의를 통해 불교의 핵심 가르침을 잘 이해할 수 있었고, 자신의 삶을 성찰하는 데 많은 도움이 되었습니다.','2024-08-04 11:00:14.000000',2,NULL,9,54),(57,'불교 경전의 기본 교리와 개념을 잘 설명해 주었고, 현대적 적용 방법을 통해 실질적인 이해가 가능했습니다','2024-08-09 03:52:39.000000',1,NULL,9,11),(58,'프란치스코 교황의 회칙을 중심으로 기후 변화와 글로벌 연대에 대한 교회의 관점을 잘 배울 수 있었습니다','2024-08-02 03:00:24.000000',2,NULL,10,86),(59,'교회의 사회 교리의 핵심 원칙과 현대 사회의 문제를 연결 지어 이해하는 데 많은 도움이 되었습니다.','2024-08-03 14:23:05.000000',2,NULL,10,38),(60,'경제적 불평등, 환경 문제 등 현대 사회의 이슈에 대한 교회의 입장을 깊이 분석할 수 있어서 좋았습니다','2024-08-04 18:14:58.000000',1,NULL,10,81),(61,'강의가 가톨릭 사회 교리의 기본 원칙을 잘 설명해 주었고, 이를 현대 사회의 문제에 어떻게 적용할 수 있는지 배울 수 있었습니다','2024-08-06 23:56:33.000000',0,NULL,10,93),(62,'가톨릭 사회 교리의 역사적 발전과 현대 사회의 주요 이슈에 대한 교회의 입장을 명확히 이해할 수 있었습니다.','2024-08-08 10:36:08.000000',0,NULL,10,67),(63,'교회의 사회 교리와 관련된 다양한 문제를 깊이 있게 탐구할 수 있었고, 실천적인 방안도 모색할 수 있었습니다','2024-08-10 02:48:49.000000',0,NULL,10,88),(64,'강의의 내용이 명확하고 체계적이어서 교회의 사회 교리를 이해하는 데 큰 도움이 되었습니다.','2024-08-10 04:34:14.000000',0,NULL,10,25),(65,'교회의 입장을 통해 현대 사회의 문제를 비판적으로 분석할 수 있었고, 실천적 방안에 대해 고민해볼 수 있었습니다','2024-08-10 08:45:17.000000',2,NULL,10,39),(66,'교회의 사회 교리의 역사적 발전과 현대적 적용을 통해 가톨릭의 사회적 가치에 대해 깊이 이해할 수 있었습니다.','2024-08-11 04:15:31.000000',2,NULL,10,74),(67,'강의가 교회의 사회 교리를 현대 사회의 이슈와 잘 연결시켜 설명해 주어서 매우 유익했습니다','2024-08-11 20:41:14.000000',3,NULL,10,31),(68,'실시간으로 진행되는 필라테스 수업이 매우 생동감 있게 느껴졌고, 개인적인 피드백이 가능해 좋았습니다','2024-07-20 00:47:23.000000',4,NULL,11,75),(69,'강사와의 실시간 상호작용 덕분에 자세 교정이 즉각적으로 이루어져 매우 유익했습니다.','2024-07-25 21:39:13.000000',1,NULL,11,35),(70,'필라테스 수업을 실시간으로 진행하여 즉각적인 질문과 답변이 가능해 매우 유익했습니다.','2024-07-26 02:01:40.000000',5,NULL,11,44),(71,'필라테스를 실시간으로 배울 수 있어 동기부여가 되었고, 자세 교정과 피드백이 효과적이었습니다.','2024-08-10 00:57:05.000000',2,NULL,11,18),(72,'HTML, CSS, JavaScript의 기본을 쉽게 배울 수 있었고, 반응형 웹사이트 만드는 과정이 실습 위주라 좋았어요.','2024-07-26 03:38:02.000000',1,NULL,12,38),(73,'웹 개발의 기초를 확실히 잡을 수 있었지만, 실습이 부족해 이론 위주로 진행된 점이 아쉬웠어요','2024-07-28 11:10:41.000000',2,NULL,12,25),(74,'반응형 웹 디자인을 배우는 과정이 좋았지만, 강의가 중간에 너무 반복적이어서 지루하게 느껴졌어요.','2024-07-29 15:18:16.000000',2,NULL,12,28),(75,'강의가 잘 구성되어 있었지만, 설명이 다소 빠르게 진행되어 따라가기가 어려웠어요. 특히 초보자에게는 조금 버거울 수 있어요.','2024-08-04 10:39:28.000000',0,NULL,12,87),(76,'강의가 체계적이고, 각 기술의 장점을 잘 설명해 주었어요. 웹 개발에 대한 이해도가 높아졌어요.','2024-08-06 13:56:19.000000',4,NULL,12,61),(77,'다양한 실습을 통해 웹 개발의 기초를 확실히 다질 수 있었어요. 실제 프로젝트에 적용하기 좋은 내용이었어요','2024-08-11 17:49:00.000000',5,NULL,12,62),(78,'파이썬의 다양한 기능을 배울 수 있었으나, 강의 내용이 다소 반복적이어서 지루하게 느껴졌어요.','2024-07-26 05:08:55.000000',2,NULL,13,88),(79,'강의가 전체적으로 잘 구성되어 있었지만, 설명이 다소 빠르거나 어렵게 느껴질 때가 있었어요','2024-07-27 04:55:16.000000',0,NULL,13,7),(80,'기초부터 고급 개념까지 아우르는 강의였지만, 실습이 부족해 이론 위주로 진행된 느낌이었어요.','2024-07-27 10:37:27.000000',1,NULL,13,59),(81,'고급 개념이 다루어졌지만, 실습이 부족하여 실제 프로젝트에 적용하기에는 어려운 부분이 있었어요','2024-07-28 12:04:00.000000',2,NULL,13,65),(82,'기초부터 고급 개념까지 잘 다루어져서 파이썬에 대한 자신감이 생겼어요. 실습 예제가 많아 실무에 도움이 되었어요.','2024-07-28 14:38:50.000000',3,NULL,13,34),(83,'파이썬의 기초부터 고급 개념까지 잘 설명해 주셨어요. 실습도 많아서 매우 유익했어요.','2024-07-29 04:43:58.000000',4,NULL,13,72),(84,'강의 내용이 매우 유익했지만, 고급 개념의 설명이 조금 부족했던 것 같아요. 좀 더 자세한 설명이 필요했어요.','2024-07-30 18:41:46.000000',0,NULL,13,69),(85,'파이썬의 다양한 응용 분야를 배울 수 있어서 좋았어요. 강의가 매우 체계적이고 실습이 많아 실력 향상에 도움이 되었어요','2024-08-08 13:40:18.000000',5,NULL,13,18),(86,'파이썬의 기초는 잘 설명되었지만, 고급 개념의 경우 다루는 범위가 좁아서 심화 학습이 필요했어요','2024-08-08 20:54:05.000000',3,NULL,13,31),(87,'SEO, 소셜 미디어 마케팅, 이메일 마케팅 등 다양한 전략을 배울 수 있어서 매우 유익했어요. 실습도 좋았어요','2024-07-25 00:02:33.000000',3,NULL,14,78),(88,'강의 내용이 폭넓어서 유익했지만, 일부 전략에 대한 설명이 부족했던 느낌이었어요','2024-07-29 01:36:51.000000',1,NULL,14,17),(89,'마케팅 전략에 대한 이해도가 높아졌어요. 특히 SEO와 소셜 미디어 마케팅 부분이 유용했어요.','2024-08-01 03:14:28.000000',1,NULL,14,14),(90,'디지털 마케팅의 핵심 전략을 체계적으로 배울 수 있었어요. 강의가 실질적인 예시와 함께 진행되어 좋았어요.','2024-08-03 07:41:51.000000',2,NULL,14,50),(91,'다양한 마케팅 전략을 배우는 데는 도움이 되었으나, 강의가 다소 이론 위주로 진행되어 실습이 부족했어요.','2024-08-07 05:18:00.000000',1,NULL,14,29),(92,'디지털 마케팅의 기초를 배우는 데는 좋았지만, 실제 마케팅 캠페인 사례를 더 많이 다뤘으면 좋았겠어요','2024-08-07 21:44:20.000000',0,NULL,14,87),(93,'디지털 마케팅의 기초를 다지기에는 좋았지만, 중급 이상의 전략에 대한 설명이 부족하여 아쉬웠어요.','2024-08-11 08:12:24.000000',4,NULL,14,39),(94,'너무 어려워요','2024-07-24 15:57:31.000000',1,NULL,15,57),(95,'강의가 많은 정보를 담고 있었지만, 내용이 너무 많아서 정리가 필요했어요','2024-07-29 09:51:39.000000',0,NULL,15,59),(96,'미적분학의 기초를 잘 이해할 수 있었고, 실생활에서 어떻게 적용할 수 있는지 배울 수 있어서 좋았어요.','2024-07-29 10:04:54.000000',5,NULL,15,38),(97,'미적분학의 기초를 배우는 데는 좋았으나, 복잡한 문제 해결에 대한 설명이 부족하여 심화 학습이 필요했어요','2024-07-29 18:39:41.000000',2,NULL,15,65),(99,'강의 내용이 좋았으나, 설명이 다소 빠르게 진행되어 따라가기가 어려운 부분이 있었어요.','2024-07-27 16:25:54.000000',2,NULL,16,59),(100,'강의가 매우 실용적이었어요. 기본적인 운동부터 고급 운동까지 잘 설명해 주셨어요','2024-07-29 03:35:08.000000',4,NULL,16,83),(101,'다양한 운동 방법을 배울 수 있어서 좋았고, 홈 트레이닝으로 실질적인 운동 효과를 느낄 수 있었어요','2024-07-31 16:36:42.000000',3,NULL,16,39),(102,'다양한 운동 방법을 배울 수 있었으나, 강의가 다소 반복적이어서 지루하게 느껴졌어요.','2024-08-06 16:11:37.000000',0,NULL,16,53),(103,'운동 방법이 잘 설명되었지만, 강의에서 실습이 부족해 직접 따라하기에는 어려움이 있었어요','2024-08-09 15:20:12.000000',2,NULL,16,89),(104,'운동 방법이 다양하고, 집에서 쉽게 할 수 있는 운동들이어서 좋았어요. 강의가 잘 구성되어 있었어요.','2024-08-12 03:55:55.000000',5,NULL,16,48),(105,'다양한 나라의 요리를 배울 수 있어서 정말 재미있었어요. 강사님이 친절하게 설명해 주셔서 따라 하기 쉬웠습니다. 특히, 이탈리아 파스타 요리가 최고였어요!','2024-07-30 09:01:03.000000',2,NULL,17,64),(106,'강의 자체는 흥미로웠지만, 재료 준비가 좀 번거로웠어요. 집에서 쉽게 구할 수 없는 재료가 많아서 아쉬웠습니다.','2024-08-12 02:49:09.000000',3,NULL,17,96),(107,'강의가 너무 기초적이어서 조금 지루했어요. 이미 악기를 다룰 줄 아는 사람에게는 부족할 수 있습니다. 하지만 초보자에게는 유익할 것 같아요','2024-07-24 15:33:38.000000',2,NULL,18,97),(108,'음악 이론을 쉽게 설명해 주셔서 이해하기 쉬웠어요. 악기 연주도 천천히 따라 할 수 있어서 좋았어요. 전반적으로 만족스러운 강의였습니다.','2024-07-25 20:57:29.000000',5,NULL,18,21),(109,'음악 이론 부분이 조금 어렵게 느껴졌어요. 설명을 조금 더 쉽게 해주셨으면 좋았을 것 같아요. 그래도 연주 부분은 재미있었습니다.','2024-07-30 22:06:32.000000',2,NULL,18,52),(110,'강의가 전반적으로 좋았지만, 이론 부분이 조금 지루하게 느껴졌어요. 연주 부분은 매우 재미있었고, 악기를 다루는 법을 배울 수 있어서 좋았어요.','2024-08-01 04:47:52.000000',2,NULL,18,29),(111,'다양한 악기 연주를 배울 수 있어서 좋았어요. 하지만 작곡 부분이 너무 간단하게 다뤄져서 아쉬웠습니다. 좀 더 심화된 내용을 원했어요.','2024-08-02 15:47:56.000000',1,NULL,18,77),(112,'음악에 대한 기초 지식을 쌓는 데 도움이 되었어요. 악기 연주도 쉽게 따라 할 수 있었고, 강사님이 설명을 잘 해주셔서 좋았어요','2024-08-04 12:35:33.000000',2,NULL,18,49),(113,'사진 촬영 기법을 체계적으로 배울 수 있었어요. 카메라를 처음 사용하는 사람에게도 쉽게 따라 할 수 있는 내용이어서 좋았습니다.','2024-08-05 11:14:33.000000',4,NULL,19,41),(114,'강의가 조금 어렵게 느껴졌어요. 특히 카메라 설정 부분이 복잡해서 초보자에게는 조금 힘들었어요. 그래도 다양한 촬영 기법을 배울 수 있었어요','2024-08-06 16:41:52.000000',1,NULL,19,49),(115,'강사님이 다양한 촬영 기법을 상세히 설명해 주셔서 좋았어요. 실습 위주로 진행돼서 이해하기 쉬웠습니다. 사진 실력이 많이 향상됐어요.','2024-08-07 13:50:29.000000',1,NULL,19,65),(116,'사진 촬영에 대해 더 깊이 있게 배울 수 있었어요. 강의가 전반적으로 만족스러웠지만, 카메라 사용법 설명이 좀 더 명확했으면 좋겠어요.','2024-08-07 23:58:33.000000',2,NULL,19,21),(117,'다양한 사진 스타일을 배울 수 있어서 좋았어요. 하지만 강의 속도가 조금 빨라서 따라가기가 힘들었어요. 더 천천히 진행해 주셨으면 좋겠습니다','2024-08-11 02:41:21.000000',5,NULL,19,35),(118,'수채화의 기초부터 차근차근 배울 수 있어서 좋았어요. 강사님이 친절하게 설명해 주셔서 초보자인 저도 쉽게 따라 할 수 있었습니다.','2023-05-02 05:41:54.000000',5,NULL,20,33),(119,'수채화의 매력을 알게 해준 강의였어요. 다양한 붓 기법과 물의 양 조절 방법을 배울 수 있어서 좋았습니다. 실습 중심이라 이해하기 쉬웠어요.','2023-10-07 11:33:53.000000',5,NULL,20,18),(120,'강의가 흥미롭고 유익했어요. 하지만, 색의 혼합 부분이 조금 어려웠습니다. 좀 더 쉽게 설명해 주셨으면 좋겠어요.','2023-11-02 03:47:00.000000',1,NULL,20,43),(121,'강의가 다소 천천히 진행되어서 조금 지루하게 느껴졌어요. 그래도 수채화의 기초를 탄탄히 다질 수 있어서 좋았습니다.','2024-01-18 07:26:26.000000',1,NULL,20,51),(122,'색의 혼합과 물의 양 조절 방법을 배울 수 있어서 유익했어요. 하지만 강의가 다소 복잡하게 느껴졌습니다. 초보자에게는 조금 어려울 수 있어요.','2024-06-29 11:03:08.000000',2,NULL,20,14),(123,'정말 프랑스 가정식을 집에서 즐길 수 있다니','2023-06-28 18:03:41.000000',5,NULL,21,51),(124,'정통 프랑스 요리를 쉽게 배울 수 있어서 만족합니다','2023-10-25 10:46:08.000000',3,NULL,21,70),(125,'현대적으로 재해석된 프랑스 요리법도 소개해줘서 좋았습니다','2024-01-22 01:09:44.000000',4,NULL,21,35),(126,'재료가 너무 비싸요','2024-04-25 00:04:44.000000',1,NULL,21,93),(127,'초보자도 쉽게 따라할 수 있는 단계별 강의가 마음에 들었어요. 점점 실력이 느는 게 느껴져서 뿌듯합니다.','2024-06-13 15:19:52.000000',4,NULL,22,41),(128,'캘리그라피 작품을 직접 만들어보니 너무 뿌듯해요. 손으로 글씨를 쓰는 재미와 성취감을 느꼈어요.','2024-06-19 04:32:28.000000',1,NULL,22,30),(130,'캘리그라피의 아름다움을 느낄 수 있는 강의였습니다. 이제는 다양한 글씨체를 자유롭게 시도할 수 있어요.','2024-07-02 04:35:21.000000',4,NULL,22,87),(131,'글자의 흐름과 굵기를 조절하는 법을 쉽게 익힐 수 있었어요. 실용적인 캘리그라피 기술을 배울 수 있어서 좋았어요.','2024-07-29 12:53:56.000000',5,NULL,22,53),(132,'캘리그라피를 통해 예술적인 감각을 키울 수 있었습니다. 나만의 스타일을 찾는 과정이 즐거웠어요.','2024-08-03 08:21:09.000000',5,NULL,22,71),(133,'손글씨의 매력에 푹 빠졌어요! 기본 스트로크부터 시작해서 자신만의 스타일을 찾을 수 있었어요.','2024-08-05 23:16:03.000000',4,NULL,22,16),(134,'캘리그라피의 기초를 탄탄히 배울 수 있었습니다. 다양한 도구 사용법을 익혀 작품 제작이 쉬워졌어요.','2024-08-08 19:11:41.000000',3,NULL,22,33),(135,'집안에 자연을 들여놓는 방법을 잘 배울 수 있었습니다. 실내 가드닝이 이렇게 흥미롭고 만족스러운 줄 몰랐어요.','2023-07-16 04:09:01.000000',3,NULL,23,90),(136,'실내 환경에 맞는 식물 선택법이 유익했어요. 식물 키우기가 정말 즐거워졌습니다.','2024-01-19 10:24:44.000000',4,NULL,23,97),(137,'화분과 토양 관리에 대해 상세히 배울 수 있어 좋았습니다. 식물이 건강하게 자라도록 도와줘서 감사해요.','2024-03-18 07:27:21.000000',5,NULL,23,10),(138,'작은 공간에서 식물을 키우는 노하우를 얻을 수 있었습니다. 베란다 정원을 꾸미는 재미가 쏠쏠해요.','2024-03-29 15:03:26.000000',5,NULL,23,76),(139,'물주기와 영양 관리 방법을 알게 되어 식물이 더 잘 자라요. 이제는 식물 키우기에 자신감이 생겼습니다.','2024-05-04 02:59:44.000000',5,NULL,23,25),(140,'실내 가드닝의 기본부터 차근차근 배울 수 있어 유익했습니다. 식물의 성장 과정을 지켜보는 재미가 있어요.','2024-08-03 11:14:37.000000',5,NULL,23,51),(141,'기타를 처음 접하는데도 쉽게 배울 수 있었어요. 체계적인 강의 덕분에 빠르게 실력이 향상됐습니다.','2024-01-05 14:31:24.000000',4,NULL,24,33),(142,'올바른 자세와 손가락 포지션을 배울 수 있어 좋았어요. 연습할 때 피로감이 줄어들어 오래 연주할 수 있었어요.','2024-03-02 06:01:57.000000',3,NULL,24,46),(143,'클래식 기타의 우아한 선율을 직접 연주할 수 있어 기뻐요. 다양한 장르의 곡을 연주하는 재미가 쏠쏠합니다.','2024-05-02 11:08:50.000000',4,NULL,24,86),(144,'기본 주법부터 고급 테크닉까지 단계별로 배울 수 있었어요. 기타 연주에 대한 자신감이 생겼습니다.','2024-05-17 21:30:28.000000',3,NULL,24,85),(145,'클래식 기타의 아름다움을 느낄 수 있는 강의였어요. 음악을 더 깊이 이해하게 되었어요.','2024-06-08 19:42:47.000000',4,NULL,24,28),(146,'체계적인 커리큘럼 덕분에 빠르게 실력을 쌓을 수 있었습니다. 이제는 다양한 곡을 자유롭게 연주할 수 있어요.','2024-06-18 06:36:27.000000',3,NULL,24,22),(147,'음계와 화음 연습이 큰 도움이 되었습니다. 기타 연주 실력이 눈에 띄게 향상됐어요.','2024-06-26 23:52:25.000000',4,NULL,24,13),(148,'초보자부터 중급자까지 모두에게 유익한 강의입니다. 기타 연주에 대한 새로운 도전을 할 수 있었어요.','2024-07-20 10:47:35.000000',2,NULL,24,68),(149,'다양한 클래식 곡을 연주하며 기타의 매력을 느꼈습니다. 기타 연주가 더 즐거워졌어요.','2024-07-23 05:46:08.000000',4,NULL,24,72),(150,'클래식 기타의 기초부터 고급 테크닉까지 모두 배울 수 있어 만족합니다. 연습이 재미있어졌어요.','2024-07-24 19:32:52.000000',3,NULL,24,48),(151,'저렴해서 좋아요','2024-07-26 16:47:38.000000',0,NULL,24,100),(152,'화질이 구려요','2024-07-27 06:27:08.000000',0,NULL,24,97),(153,'천연 비누를 직접 만들 수 있어서 정말 뿌듯해요','2023-06-25 17:48:29.000000',0,NULL,25,14),(154,'화학 첨가물 없는 순수 비누를 사용하니 피부도 건강해졌어요.','2023-07-09 13:03:02.000000',1,NULL,25,55),(155,'자신만의 레시피로 비누를 만들어볼 수 있어 좋았어요.','2023-11-13 20:59:42.000000',1,NULL,25,46),(156,'식물성 오일의 특성과 배합비를 배우는 것이 유익했어요','2024-03-02 09:57:11.000000',5,NULL,25,28),(157,'다양한 몰드 활용 기법을 배울 수 있어 창의성이 생겼어요','2024-06-02 23:44:39.000000',2,NULL,25,93),(158,'도자기에 관심이 많았는데, 이 강의를 통해 기본부터 탄탄하게 배울 수 있어 좋았습니다. 실제로 물레를 사용해보는 것이 생각보다 어려웠지만, 강사의 친절한 설명 덕분에 점점 익숙해졌습니다','2023-10-31 13:35:12.000000',4,NULL,26,63),(159,'도자기 제작에 대해 전혀 몰랐는데, 이 강의를 통해 전 과정에 대해 알게 되었습니다. 특히 가마 소성 과정이 흥미로웠어요','2023-11-08 23:17:45.000000',4,NULL,26,17),(160,'그냥 관전만 했어요','2023-12-14 05:48:12.000000',0,NULL,26,75),(161,'집에 도자기 제작을 할 기계가 없어서.. 너무 슬픕니다','2024-05-13 09:12:44.000000',0,NULL,26,56),(162,'매일 아침 이 루틴을 따라하며 활기를 되찾고 있어요','2023-06-16 19:54:51.000000',5,NULL,27,29),(163,'요가와 명상에 관심이 많았는데, 이 강의를 통해 몸과 마음의 균형을 찾는 방법을 배울 수 있었습니다.','2024-01-21 20:51:17.000000',2,NULL,27,73),(164,'요가를 하면서 몸이 더 유연해지고, 명상 덕분에 마음의 평화도 찾을 수 있었습니다. 일상에서 실천할 수 있는 루틴을 배운 것이 큰 장점입니다','2024-02-15 01:44:15.000000',3,NULL,27,81),(165,'초보자에게만 적합한 강의입니다','2024-03-07 09:38:04.000000',0,NULL,27,68),(166,'강사의 명쾌한 설명 덕분에 동작을 쉽게 이해하고 따라할 수 있었습니다. 요가와 명상을 통해 일상의 스트레스를 해소하는 법을 배웠어요','2024-03-23 11:41:48.000000',5,NULL,27,17),(167,'매일 꾸준히 할 수 있는 요가와 명상 루틴을 배우게 되어 기쁩니다. 신체 건강뿐만 아니라 마음의 안정에도 큰 도움이 되었습니다','2024-07-19 08:41:35.000000',2,NULL,27,55),(168,'와인에 대한 기초 지식이 부족했는데, 이 강의를 통해 와인의 세계를 제대로 이해하게 되었습니다. 음식과의 페어링도 매우 흥미로웠어요.','2023-10-20 13:42:54.000000',2,NULL,28,49),(169,'와인 테이스팅 실습을 통해 실제로 와인의 향과 맛을 구별하는 방법을 배울 수 있어 좋았습니다. 이제 자신 있게 와인을 선택할 수 있을 것 같아요.','2024-02-06 06:58:44.000000',1,NULL,28,69),(170,'와인에 대해 깊이 있게 배울 수 있는 좋은 강의였습니다.','2024-03-02 07:10:28.000000',1,NULL,28,21),(171,'와인에 대한 열정이 넘치는 강의를 들으며, 다양한 와인의 매력을 알게 되었습니다. 이제 와인 선택에 더 자신감이 생겼어요','2024-05-05 12:05:37.000000',1,NULL,28,81),(172,'포도 품종, 와인 생산 지역, 양조 방법 등 와인에 대한 전반적인 내용을 쉽게 이해할 수 있도록 잘 설명해 주셔서 좋았습니다','2024-05-31 01:45:10.000000',0,NULL,28,59),(173,'와인에 대한 이론부터 실제 테이스팅까지 다양한 내용을 다루어 매우 알찬 강의였습니다. 와인을 더 즐겁게 즐길 수 있게 되었어요','2024-06-05 13:54:22.000000',1,NULL,28,60),(174,'기본 뜨개질 기법부터 고급 패턴 해석까지 체계적으로 배울 수 있어 좋았습니다','2024-01-20 10:29:33.000000',2,NULL,29,39),(175,'세상에 하나뿐인 나만의 니트웨어를 만들 수 있는 기회였습니다. 실용적이고 따뜻한 아이템을 완성하며 뜨개질의 매력을 느꼈습니다','2024-03-03 05:32:18.000000',2,NULL,29,87),(176,'다양한 니트웨어를 직접 만들어보며 손재주를 키울 수 있었습니다. 뜨개질 초보자도 쉽게 따라할 수 있어 추천합니다','2024-05-14 05:35:47.000000',2,NULL,29,96),(177,'여름인데 니트말고 핸드폰링 제작 이런거 해주셨으면 좋겠어요','2024-07-04 15:16:46.000000',1,NULL,29,55),(178,'뜨개질 초보자였지만, 강의를 통해 다양한 니트웨어를 만들어볼 수 있었습니다. 강사의 꼼꼼한 설명 덕분에 쉽게 따라할 수 있었어요','2024-07-11 06:48:54.000000',4,NULL,29,31),(179,'직접 만든 니트웨어를 입으니 뿌듯하네요','2024-07-16 08:43:08.000000',4,NULL,29,62),(180,'인물화에 대한 기초부터 심화 기법까지 체계적으로 배울 수 있는 강의였습니다. 얼굴 비율과 표정의 미묘한 변화를 정확히 그리는 법이 특히 유익했어요','2023-04-20 04:31:04.000000',4,NULL,30,87),(181,'연필, 목탄, 펜 등 다양한 도구를 활용해 인물화를 그리는 기술을 배울 수 있어 좋았습니다','2023-05-01 14:25:40.000000',4,NULL,30,77),(182,'개성 있는 인물화를 완성할 수 있어 뿌듯했습니다','2023-05-23 10:20:24.000000',2,NULL,30,91),(183,'인물화에 대한 이해가 깊어졌습니다. 얼굴의 비율과 인체의 구조를 배워 정확하고 생동감 있는 표현을 할 수 있게 되었어요','2023-11-30 05:51:10.000000',2,NULL,30,26),(184,'강의 덕분에 인물화를 그리는 데 자신감이 생겼습니다. 다양한 도구를 활용해 표현의 폭을 넓힐 수 있었습니다','2023-12-09 21:10:51.000000',0,NULL,30,33),(185,'인테리어 초보자에게 딱 맞는 강의였어요. 기본 원리를 잘 설명해주셔서 작은 변화로 큰 효과를 볼 수 있었습니다','2024-05-23 03:26:19.000000',5,NULL,31,21),(186,'색채 이론부터 가구 배치까지 실용적인 팁이 많아서 도움이 많이 됐습니다. 집 꾸미기가 훨씬 재미있어졌어요','2024-05-31 08:27:13.000000',4,NULL,31,3),(187,'구체적인 사례를 통해 인테리어의 기본을 배울 수 있어 좋았습니다. 조금씩 집에 변화를 주면서 배우고 있어요','2024-06-13 07:20:02.000000',4,NULL,31,25),(188,'조명 활용과 소품 선택에 대한 설명이 특히 유용했어요. 작은 변화로 분위기가 확 달라졌습니다.','2024-06-29 11:17:46.000000',5,NULL,31,72),(189,'재즈 피아노의 매력을 제대로 느낄 수 있는 강의였습니다. 리듬과 화성 이해가 크게 도움이 됐어요','2023-11-08 04:39:38.000000',4,NULL,32,74),(190,'즉흥연주 기법을 배울 수 있어서 좋았습니다. 이제 더 자유롭고 개성 있는 연주를 할 수 있게 되었어요','2023-11-22 16:04:45.000000',4,NULL,32,18),(191,'클래식 피아노와의 차이점을 이해하면서 재즈의 독특한 매력을 배울 수 있었습니다. 아주 유익했어요','2023-12-30 15:48:04.000000',3,NULL,32,46),(192,'재즈 화성 진행과 코드 보이싱을 이해하는 데 큰 도움이 된 강의였습니다. 연주 실력이 많이 향상되었습니다','2024-02-18 04:12:54.000000',4,NULL,32,28),(193,'초보자도 쉽게 따라할 수 있도록 구성되어 있어서, 재즈 피아노를 처음 시작하는 사람들에게 추천해요.','2024-06-05 09:27:19.000000',3,NULL,32,17),(194,'가구를 직접 설계하고 제작하는 과정을 배울 수 있어서 너무 좋았습니다. 나만의 가구를 만들 수 있어 뿌듯해요','2023-07-21 00:23:21.000000',0,NULL,33,73),(195,'목재의 종류와 특성부터 도구 사용법까지 배울 수 있어서 매우 실용적인 강의였습니다','2023-09-02 20:49:16.000000',1,NULL,33,50),(196,'기본적인 목공 도구 사용법을 익히면서 자신감을 얻었습니다. 이제 직접 가구를 만들 수 있을 것 같아요','2023-10-10 13:16:20.000000',1,NULL,33,78),(197,'조인트 기법과 마감 처리 방법이 매우 유익했습니다. 디테일한 설명 덕분에 가구 제작이 더욱 재미있어졌어요.','2023-12-03 04:49:13.000000',0,NULL,33,38),(198,'처음에는 어려웠지만, 강의를 따라가다 보니 점점 더 실력이 향상되는 것을 느꼈습니다','2024-04-13 15:12:14.000000',4,NULL,33,74),(199,'목공 작업에 필요한 모든 과정을 체계적으로 배울 수 있어서 매우 만족스러웠습니다','2024-05-13 17:24:40.000000',5,NULL,33,10),(200,'직접 손으로 가구를 만드는 즐거움을 배웠습니다. 완성된 가구를 보니 뿌듯해요','2024-05-23 11:33:13.000000',1,NULL,33,11),(201,'목재 다루는 방법부터 세심하게 설명해주셔서, 초보자도 쉽게 따라 할 수 있었습니다.','2024-06-06 16:47:19.000000',3,NULL,33,44),(202,'전통 자수 기법을 체계적으로 배울 수 있어서 너무 유익했습니다. 전통 문양의 의미도 깊이 이해하게 됐어요','2023-05-25 20:51:16.000000',3,NULL,34,97),(203,'다양한 자수 스티치 기법을 익히면서 전통 자수의 아름다움을 느꼈습니다. 결과물도 아주 만족스러워요.','2023-08-25 00:00:18.000000',2,NULL,34,75),(204,'자수 작업을 통해 전통의 미를 현대적으로 재해석할 수 있는 방법을 배울 수 있었습니다.','2024-01-14 23:59:08.000000',4,NULL,34,95),(205,'전통 문양의 상징성과 색실의 조화로운 사용법을 배우면서 작품의 깊이가 달라졌습니다','2024-04-17 03:31:43.000000',1,NULL,34,28),(206,'초보자도 쉽게 따라할 수 있도록 구성되어 있어서, 전통 자수에 처음 도전하는 분들께 추천합니다','2024-05-11 23:28:50.000000',1,NULL,34,92),(207,'베이킹에 대한 과학적 원리를 알게 되어, 이제 더 자신감 있게 빵을 만들 수 있게 되었습니다.','2024-02-13 17:27:34.000000',5,NULL,35,73),(208,'재료의 특성과 발효 원리를 이해하면서 베이킹의 퀄리티가 확실히 달라졌어요.','2024-04-17 07:58:32.000000',4,NULL,35,62),(209,'밀가루와 설탕, 버터의 역할을 정확히 이해하게 되어, 이제 레시피를 자유롭게 변형할 수 있습니다','2024-05-05 02:08:48.000000',5,NULL,35,76),(210,'베이킹에 대한 과학적 접근이 정말 유익했습니다. 빵과 쿠키의 질감을 자유자재로 조절할 수 있게 되었어요','2024-06-17 17:44:52.000000',0,NULL,35,60),(211,'베이킹의 기본부터 심화 과정까지 체계적으로 배울 수 있어 좋았습니다. 결과물이 항상 만족스러워요','2024-06-20 03:03:07.000000',0,NULL,35,48),(212,'온도와 습도의 영향에 대해 배워서, 이제 실패하지 않고 완벽한 베이킹을 할 수 있게 되었습니다','2024-07-23 19:08:41.000000',1,NULL,35,28),(213,'기본적인 보정 기술만 다루어서 전문적인 편집을 원하는 사람에게는 부족할 수 있습니다','2023-11-17 21:08:09.000000',1,NULL,36,85),(214,'기본적인 촬영 기법을 쉽게 배울 수 있었지만, 좀 더 심화된 내용이 추가되었으면 좋겠어요','2023-12-22 10:57:22.000000',0,NULL,36,83),(215,'강의가 전반적으로 유익하지만, 이미 어느 정도 사진에 익숙한 사람에게는 내용이 좀 얕다고 느껴질 수 있어요','2024-02-15 05:58:55.000000',1,NULL,36,72),(216,'여행 사진을 찍을 때 큰 도움이 되었어요. 특히 빛을 활용하는 방법이 유용했습니다','2024-04-05 11:58:25.000000',2,NULL,36,71),(217,'이 강의 덕분에 스마트폰으로도 멋진 사진을 찍을 수 있게 되었어요. 구도와 빛을 활용하는 방법이 정말 유익했습니다','2024-05-04 23:34:54.000000',4,NULL,36,68),(218,'촬영 모드와 보정 기술을 쉽게 배울 수 있어서 좋았어요. 이제 사진 찍는 게 훨씬 재미있어졌습니다','2024-06-15 17:40:39.000000',0,NULL,36,100),(219,'여행 사진을 찍을 때 큰 도움이 되었어요. 특히 빛을 활용하는 방법이 유용했습니다.','2024-06-20 16:31:32.000000',2,NULL,36,43),(220,'다양한 스타일의 꽃꽂이 기법을 배우면서 일상에서 활용할 수 있는 유용한 팁을 많이 얻었습니다','2023-07-04 03:14:02.000000',5,NULL,37,43),(221,'강의가 체계적이고 쉽게 따라 할 수 있어서 좋았어요. 집에서 직접 꽃꽂이를 해볼 수 있어서 유익했습니다','2023-07-08 06:16:13.000000',0,NULL,37,80),(222,'색상과 형태의 조화를 배우면서 꽃꽂이에 대한 감각이 많이 향상되었어요','2024-01-05 14:27:42.000000',5,NULL,37,100),(223,'꽃꽂이의 기본을 잘 배울 수 있었고, 실습 시간이 충분해서 좋았습니다','2024-03-21 16:56:49.000000',5,NULL,37,95),(224,'전반적으로 유익했지만, 기초적인 부분에 치우쳐 있어 아쉬웠습니다','2024-06-14 19:59:59.000000',1,NULL,37,22),(225,'클래식 음악 감상의 깊이를 더해주는 강의였습니다. 초보자에게 매우 추천합니다','2023-04-09 00:14:22.000000',3,NULL,38,74),(226,'음악 구조에 대한 설명이 조금 더 자세했으면 좋았을 것 같아요. 전반적으로는 만족합니다','2023-05-18 13:32:45.000000',3,NULL,38,17),(227,'작곡가와 대표작을 배우면서 음악을 더 풍부하게 감상할 수 있게 되었습니다','2023-06-28 16:40:45.000000',3,NULL,38,38),(228,'강의가 전반적으로 유익했지만, 기초적인 부분에 치우쳐 있어 아쉬웠습니다','2023-07-07 13:23:27.000000',3,NULL,38,3),(229,'시대별 음악 특징을 배우면서 클래식 음악의 역사에 대해 많은 것을 배울 수 있었습니다','2023-08-14 01:17:14.000000',3,NULL,38,65),(230,'내용이 조금 더 심화되었으면 좋았을 것 같아요. ','2023-10-25 23:47:15.000000',3,NULL,38,27),(231,'전반적으로는 만족하지만, 깊이가 부족한 느낌이 있습니다.','2024-01-15 11:37:03.000000',4,NULL,38,44),(232,'음악 구조 분석법이 특히 유용했습니다.','2024-02-08 08:39:33.000000',5,NULL,38,89),(233,'이제 음악을 더 깊이 있게 감상할 수 있을 것 같아요','2024-04-30 04:09:50.000000',0,NULL,38,25),(234,'커피 원두와 로스팅에 대해 자세히 배울 수 있어서 매우 유익했습니다. 집에서도 카페 수준의 커피를 만들 수 있어요','2023-12-15 05:44:07.000000',5,NULL,39,49),(235,'집에 에스프레소 머신이 없어서 따라할 수가 없었어요','2024-02-14 10:27:19.000000',0,NULL,39,46),(236,'다양한 추출 방식을 배우면서 커피 맛의 차이를 직접 경험할 수 있어서 좋았습니다.','2024-06-15 04:04:19.000000',5,NULL,39,3),(237,'강의가 기초적인 부분에 집중되어 있어서 이미 커피에 대해 알고 있는 사람에게는 부족할 수 있어요','2024-07-12 09:35:56.000000',2,NULL,39,86),(238,'패션 일러스트를 처음 배워봤는데, 정말 유익하고 재미있었습니다','2024-08-11 16:58:11.000000',4,NULL,39,64),(239,'이미 경험이 있는 사람에게는 부족할 수 있습니다','2023-12-12 22:59:36.000000',1,NULL,40,28),(240,'패션 디자인을 처음 접하는 사람에게 적합한 강의입니다. 기본을 잘 다질 수 있어요','2024-02-26 22:32:39.000000',1,NULL,40,74),(241,'패션 디자인의 기본을 배울 수 있었지만, 심화 과정이 없어서 조금 아쉬웠습니다','2024-03-05 21:13:13.000000',2,NULL,40,41),(242,'많은 것을 배울 수 있었던 강의입니다. 초보자에게 추천합니다','2024-05-14 21:35:49.000000',5,NULL,40,80),(243,'이 강의는 우쿨렐레를 처음 접하는 사람들에게 훌륭한 시작점이 될 수 있습니다. 기본적인 코드와 스트럼 패턴부터 핑거 피킹 기법까지 자세히 다루며, 다양한 장르의 곡을 연주할 수 있도록 돕습니다. 강의는 초보자가 쉽게 따라 할 수 있도록 체계적으로 구성되어 있어, 악기에 대한 이해와 연주 기술을 천천히 쌓을 수 있습니다. 또한, 노래 반주부터 솔로 연주까지 폭넓은 활용법을 배울 수 있어 실용적입니다. 강의 내용이 잘 정리되어 있어 누구든지 재미있게 배울 수 있습니다.','2024-02-04 14:51:08.000000',5,NULL,41,85),(244,'전통 기법을 배우면서 현대적 재해석도 가능해요','2024-06-06 22:46:18.000000',4,NULL,42,71),(245,'먹의 농담 조절과 붓 사용법이 잘 설명되어 있습니다','2024-06-13 22:57:15.000000',0,NULL,42,34),(246,'산수화, 사군자 등 여러 장르를 실습할 수 있어 좋습니다','2024-07-12 20:49:24.000000',2,NULL,42,69),(247,'한국화의 여백의 미를 배우며 창의력을 키울 수 있습니다.','2024-07-28 15:28:00.000000',2,NULL,42,57),(248,'전통 안료와 기법에 대해 자세히 배울 수 있어 유익해요','2024-08-04 12:49:15.000000',4,NULL,42,96),(249,'지갑, 벨트 등 실제 사용할 수 있는 아이템을 만들 수 있어 좋습니다','2024-03-01 00:14:34.000000',4,NULL,43,69),(250,'가죽의 종류와 특성에 대한 설명이 상세합니다.','2024-05-08 01:49:44.000000',0,NULL,43,11),(251,'직접 가죽 작업을 하며 배우는 점이 유익합니다','2024-07-10 21:26:41.000000',5,NULL,43,61),(252,'발레를 처음 배우는 데 적합한 강의입니다.','2024-03-30 04:58:46.000000',2,NULL,44,35),(253,'기본 동작과 자세를 잘 익힐 수 있어 좋습니다','2024-04-03 08:45:22.000000',4,NULL,44,75),(254,'발레를 통해 유연성이 많이 향상되었습니다.','2024-05-12 19:03:50.000000',0,NULL,44,100),(255,'균형감과 근력을 기르는 데 도움이 됩니다','2024-06-29 01:28:49.000000',2,NULL,44,3),(256,'바 운동과 기본 포지션을 체계적으로 배울 수 있습니다','2023-12-06 20:58:16.000000',3,NULL,44,11),(258,'전통주를 만드는 기본부터 잘 배울 수 있습니다','2024-07-04 16:50:04.000000',3,NULL,45,89),(259,'술을 마시는건지 술을 만드는건지 모르겠습니다','2024-08-09 20:08:20.000000',0,NULL,45,44),(260,'마크라메 작업을 통해 창의력을 키울 수 있었습니다','2024-01-24 03:57:05.000000',2,NULL,46,22),(261,'다양한 색상과 실을 사용해 나만의 디자인을 만들 수 있어 좋았어요.','2024-02-08 01:44:29.000000',4,NULL,46,43),(262,'벽걸이, 플랜트 행어 등 다양한 프로젝트를 시도해 볼 수 있어 좋았습니다','2024-03-03 22:50:15.000000',5,NULL,46,25),(263,'책보고도 혼자서도 충분히 작업할 수 있습니다','2024-04-07 19:35:01.000000',0,NULL,46,13),(264,'디자인 원리를 잘 배울 수 있어 유익했습니','2024-06-05 03:11:51.000000',5,NULL,46,45),(265,'보헤미안 스타일 인테리어 소품을 만들 수 있어 흥미로웠습니다','2024-08-03 22:30:27.000000',3,NULL,46,68),(266,'강의가 딱딱하고 유연함이 부족했습니다','2023-05-30 03:04:25.000000',0,NULL,47,56),(267,'타로카드의 깊이 있는 해석을 배울 수 있어 좋았습니다','2023-08-09 18:38:03.000000',3,NULL,47,85),(268,'전문용어가 많아 이해하기 어려웠습니다.','2023-09-15 06:40:36.000000',0,NULL,47,87),(269,'카드 각각의 의미와 조합의 해석법이 구체적입니다.','2024-04-25 12:00:18.000000',3,NULL,47,37),(270,'메이크업, 의상, 헤어 스타일링에 적용할 수 있는 실용적인 팁이 많았습니다.','2023-10-11 17:57:36.000000',1,NULL,48,70),(271,'아로마테라피의 효과와 활용법을 잘 배울 수 있었습니다','2024-05-06 22:25:23.000000',3,NULL,49,49),(272,'강의 자료가 잘 준비되어 있어 학습에 도움이 되었습니다.','2024-05-10 16:22:25.000000',2,NULL,49,91),(273,'다양한 디자인을 시도해볼 수 있어 창의력이 발휘되었습니다.','2024-05-13 18:43:00.000000',3,NULL,49,80),(274,'에센셜 오일 블렌딩 기술이 유용하고 실용적입니다.','2024-06-17 15:46:53.000000',3,NULL,49,48),(275,'직접 캔들을 만들면서 재미있게 배울 수 있었습니다.','2024-07-14 17:09:39.000000',5,NULL,49,54),(276,'나만의 향을 만드는 재미가 있었습니다.','2024-07-15 00:37:37.000000',4,NULL,49,60),(277,'강사가 친절하고 세심하게 설명해 주었습니다.','2024-07-27 07:11:38.000000',2,NULL,49,26),(278,'주변에서 구하기 쉬운 재료가지고 맥주를 만들수있다니.. 대박','2023-12-27 17:23:53.000000',4,NULL,50,74),(279,'집에서 맥주를 만들어보는 경험이 정말 재미있었어요. 다양한 맥주 스타일을 배울 수 있어 좋았습니다.','2024-01-24 04:22:43.000000',4,NULL,50,46),(280,'강사님의 설명이 매우 상세해서 초보자도 쉽게 따라할 수 있었어요. 정말 만족스러운 수업이었습니다.','2024-04-14 00:08:42.000000',5,NULL,50,55),(281,'직접 만든 맥주의 맛이 기대 이상으로 좋아서 놀랐어요. 이 강좌 덕분에 새로운 취미가 생겼습니다.','2024-06-08 14:56:47.000000',5,NULL,50,3),(282,'프랑스 자수에 대한 기대가 컸는데, 실제로 해보니 생각보다 어려웠어요. 좀 더 쉬운 설명이 필요할 것 같아요.','2023-03-12 07:20:19.000000',0,NULL,51,43),(283,'섬세한 프랑스 자수 기법을 차근차근 배울 수 있어 좋았어요. 강사님의 꼼꼼한 지도에 감사드립니다.','2023-04-08 14:48:55.000000',5,NULL,51,54),(284,'수업 내용이 너무 빠르게 진행되어 따라가기 힘들었어요. 초보자를 위한 과정이 더 필요할 것 같습니다.','2023-04-09 21:58:37.000000',0,NULL,51,18),(285,'자수 재료의 품질이 기대에 미치지 못해 아쉬웠어요. 더 좋은 재료로 수업했으면 좋겠습니다.','2023-06-29 13:44:25.000000',2,NULL,51,46),(286,'프랑스 자수의 다양한 기법을 배울 수 있어 유익했어요. 실용적인 소품 만들기도 재미있었습니다.','2023-09-15 07:02:44.000000',4,NULL,51,87),(287,'수업 시간이 너무 짧아 충분히 연습할 시간이 부족했어요. 수업 시간을 늘려주셨으면 좋겠습니다.','2024-01-19 11:41:53.000000',0,NULL,51,37),(288,'기본적인 스티치는 잘 배웠지만, 고급 기법은 조금 어려웠어요. 중급자를 위한 과정도 있으면 좋겠습니다.','2024-02-10 06:19:37.000000',3,NULL,51,13),(289,'가창력 향상을 기대했는데, 실제로는 큰 변화를 느끼지 못했어요. 더 체계적인 훈련 방법이 필요할 것 같아요.','2024-06-20 03:02:53.000000',1,NULL,52,26),(290,'테라리움 만들기가 생각보다 복잡해서 어려웠어요. 초보자를 위한 더 쉬운 과정이 있으면 좋겠습니다.','2024-01-06 04:32:47.000000',0,NULL,53,59),(291,'식물 선택에 대한 설명이 부족해서 아쉬웠어요. 더 다양한 식물에 대한 정보가 필요할 것 같습니다.','2024-02-02 00:53:47.000000',1,NULL,53,25),(292,'작은 유리 용기 안에 나만의 정원을 만드는 과정이 정말 재미있었어요. 창의성을 발휘할 수 있어 좋았습니다.','2024-02-19 14:32:05.000000',4,NULL,53,63),(293,'재료의 품질이 기대에 미치지 못해 아쉬웠어요. 더 좋은 품질의 재료로 수업했으면 좋겠습니다.','2024-05-01 09:57:31.000000',2,NULL,53,90),(294,'테라리움 관리 방법에 대한 설명이 상세해서 좋았어요. 실내 공간에 생기를 불어넣을 수 있어 만족스럽습니다.','2024-05-04 02:55:43.000000',4,NULL,53,91),(295,'기본적인 테라리움 만들기는 잘 배웠지만, 좀 더 다양한 스타일을 배우고 싶어요.','2024-06-19 15:28:04.000000',3,NULL,53,61),(296,'한국 전통 무용의 기본 동작이 생각보다 어려웠어요. 초보자를 위한 더 쉬운 과정이 필요할 것 같습니다.','2023-09-05 01:37:54.000000',1,NULL,54,50),(297,'수업 진행이 너무 빨라서 따라가기 힘들었어요. 동작을 익히는데 더 많은 시간이 필요합니다.','2023-12-06 01:21:37.000000',0,NULL,54,80),(298,'한국 무용의 아름다움을 직접 체험할 수 있어 좋았어요. 전통 문화를 배우는 좋은 기회였습니다.','2024-01-31 00:37:58.000000',4,NULL,54,41),(299,'기본 동작은 잘 배웠지만, 소도구를 활용한 춤은 조금 어려웠어요. 단계별 학습이 더 필요할 것 같습니다.','2024-02-27 16:37:33.000000',3,NULL,54,55),(300,'강사님의 설명이 불충분해서 동작을 이해하기 어려웠어요. 더 자세한 설명이 필요합니다.','2024-07-14 02:45:40.000000',1,NULL,54,94),(301,'한국 무용의 기본을 배울 수 있어 좋았지만, 현대적 해석이 조금 부족한 것 같아요.','2024-07-15 18:47:32.000000',3,NULL,54,75),(302,'베란다 채소 재배가 생각보다 어려웠어요. 초보자를 위한 더 상세한 가이드가 필요합니다.','2023-10-16 17:16:37.000000',1,NULL,55,94),(303,'식물이 제대로 자라지 않아 실망했어요. 더 실질적인 재배 팁이 필요할 것 같습니다.','2023-12-28 15:55:07.000000',0,NULL,55,96),(304,'작은 공간에서 채소를 기르는 방법을 배울 수 있어 유익했어요. 다만, 더 다양한 채소에 대한 정보가 있으면 좋겠어요.','2024-02-13 06:00:42.000000',3,NULL,55,25),(305,'친환경적인 방법으로 채소를 기르는 법을 배워 좋았어요. 실제로 수확의 기쁨을 느낄 수 있었습니다.','2024-02-26 19:27:01.000000',4,NULL,55,78),(306,'병충해 관리에 대한 정보가 부족해서 어려움을 겪었어요. 이 부분에 대한 더 자세한 설명이 필요합니다.','2024-03-10 17:37:30.000000',0,NULL,55,70),(307,'기본적인 베란다 채소 재배법은 잘 배웠지만, 좀 더 고급 기술도 배우고 싶어요.','2024-04-12 01:20:18.000000',3,NULL,55,27),(308,'재배에 필요한 도구와 재료에 대한 설명이 부족했어요. 이 부분에 대한 더 자세한 정보가 있으면 좋겠습니다.','2024-04-22 23:32:16.000000',2,NULL,55,38),(309,'직접 기른 채소로 요리를 해먹을 수 있어 정말 뿌듯했어요. 실용적인 수업이었습니다.','2024-04-30 17:50:53.000000',4,NULL,55,30),(310,'수업 내용이 너무 이론적이어서 실제 적용하기 어려웠어요. 더 많은 실습 시간이 필요합니다.','2024-08-08 18:21:25.000000',1,NULL,55,35),(311,'펜과 잉크로 도시 풍경을 그리는 기법을 배울 수 있어 좋았어요. 새로운 예술 표현 방법을 알게 되었습니다.','2023-02-23 08:57:38.000000',4,NULL,56,27),(312,'기본적인 스케치 기법은 잘 배웠지만, 복잡한 도시 풍경 표현은 아직 어려워요. 더 많은 연습이 필요할 것 같아요.','2023-05-13 10:17:46.000000',3,NULL,56,10),(313,'재료의 품질이 기대에 미치지 못해 아쉬웠어요. 더 좋은 펜과 잉크로 수업했으면 좋겠습니다.','2023-06-14 08:03:02.000000',2,NULL,56,55),(314,'강사님의 설명이 때때로 모호해서 이해하기 어려웠어요. 더 명확한 설명이 필요합니다.','2023-09-02 18:07:51.000000',2,NULL,56,37),(315,'도시 스케치의 기본은 배웠지만, 좀 더 다양한 기법을 배우고 싶어요. 심화 과정도 있으면 좋겠습니다.','2024-01-09 00:09:53.000000',3,NULL,56,52),(316,'유명 화가들의 작품을 모사하는 과정이 생각보다 어려웠어요. 초보자를 위한 더 쉬운 작품부터 시작했으면 좋겠어요.','2023-11-11 20:48:20.000000',2,NULL,57,3),(317,'유화 재료의 사용법에 대한 설명이 부족해서 어려움을 겪었어요. 더 자세한 가이드가 필요합니다.','2023-11-18 20:23:29.000000',1,NULL,57,63),(318,'다양한 화풍을 직접 체험해볼 수 있어 정말 좋았어요. 미술사에 대한 이해도 높아졌습니다.','2024-03-07 04:45:51.000000',4,NULL,57,85),(319,'유화의 기본 기법부터 차근차근 배울 수 있어 만족스러웠어요. 강사님의 꼼꼼한 지도에 감사드립니다.','2024-04-27 11:44:42.000000',4,NULL,57,68),(320,'명화를 모사하면서 색감과 구도에 대한 안목이 높아진 것 같아요. 유익한 수업이었습니다.','2024-05-15 10:09:16.000000',4,NULL,57,89),(321,'수업 시간이 너무 짧아 충분히 그림을 완성하기 어려웠어요. 수업 시간을 늘려주셨으면 좋겠습니다.','2024-07-26 04:22:33.000000',2,NULL,57,76),(322,'가죽 공예의 기본을 배울 수 있어 좋았어요. 다만, 고급 기술을 더 배우고 싶습니다.','2023-12-05 11:58:08.000000',3,NULL,58,64),(323,'가죽 재단이 생각보다 어려웠어요. 이 부분에 대한 더 자세한 설명이 필요합니다.','2024-01-02 10:25:16.000000',2,NULL,58,74),(324,'재료의 품질이 기대에 미치지 못해 아쉬웠어요. 더 좋은 가죽으로 수업했으면 좋겠습니다.','2024-01-06 14:50:15.000000',1,NULL,58,50),(325,'직접 만든 가죽 지갑을 사용하니 정말 뿌듯해요. 실용적인 기술을 배울 수 있어 좋았습니다.','2024-01-30 06:02:23.000000',4,NULL,58,86),(326,'강사님의 꼼꼼한 지도 덕분에 어려운 기술도 잘 배울 수 있었어요. 정말 만족스러운 수업이었습니다.','2024-04-19 23:46:29.000000',5,NULL,58,67),(327,'수업 진도가 너무 빨라서 따라가기 힘들었어요. 좀 더 천천히 진행했으면 좋겠습니다.','2024-06-30 20:01:56.000000',2,NULL,58,3),(328,'타악기 연주가 생각보다 어려웠어요. 초보자를 위한 더 쉬운 과정이 필요할 것 같습니다.','2023-06-17 04:00:38.000000',0,NULL,59,87),(329,'다양한 타악기를 직접 연주해볼 수 있어 정말 즐거웠어요. 새로운 취미가 생긴 것 같습니다.','2023-06-27 21:25:08.000000',4,NULL,59,72),(330,'리듬 감각을 키우는 데 도움이 되긴 했지만, 좀 더 체계적인 훈련 방법이 필요할 것 같아요.','2023-08-23 03:49:55.000000',2,NULL,59,65),(331,'악기의 상태가 좋지 않아 제대로 된 소리를 내기 어려웠어요. 더 좋은 악기로 수업했으면 좋겠습니다.','2023-10-14 10:54:47.000000',1,NULL,59,35),(332,'기본적인 리듬 패턴은 잘 배웠지만, 즉흥 연주는 아직 어려워요. 이 부분에 대한 더 많은 연습이 필요할 것 같습니다.','2023-11-06 06:26:18.000000',3,NULL,59,94),(333,'강사님의 열정적인 지도 덕분에 타악기의 매력에 푹 빠졌어요. 정말 즐거운 수업이었습니다.','2023-11-24 23:29:13.000000',5,NULL,59,30),(334,'다양한 문화의 리듬을 배울 수 있어 흥미로웠어요. 음악적 시야가 넓어진 것 같습니다.','2023-12-15 02:04:06.000000',4,NULL,59,71),(335,'프리저브드 플라워 제작이 생각보다 어려웠어요. 꽃의 상태를 유지하는 게 쉽지 않았습니다.','2024-04-29 02:49:20.000000',1,NULL,60,60),(336,'기본적인 기술은 배웠지만, 좀 더 다양한 꽃으로 실습해보고 싶어요. 재료의 다양성이 아쉬웠습니다.','2024-06-13 23:36:53.000000',3,NULL,60,93),(337,'꽃 처리 과정에서 실수가 많아 아쉬웠어요. 더 자세한 설명과 시연이 필요할 것 같습니다.','2024-08-10 20:22:21.000000',2,NULL,60,70),(338,'한문 서예의 기본을 배울 수 있어 좋았어요. 붓글씨의 아름다움을 직접 체험할 수 있었습니다.','2024-06-11 01:24:50.000000',1,NULL,61,51),(339,'서예의 기본 원리는 이해했지만, 실제로 글씨를 쓰는 건 아직 어려워요. 더 많은 연습이 필요할 것 같습니다.','2024-06-28 20:24:53.000000',2,NULL,61,38),(340,'수업 시간이 너무 짧아 충분히 연습할 시간이 부족했어요. 수업 시간을 늘려주셨으면 좋겠습니다.','2024-06-28 20:41:30.000000',0,NULL,61,46),(341,'붓의 사용법이 생각보다 어려웠어요. 초보자를 위한 더 상세한 지도가 필요할 것 같습니다.','2024-06-30 02:44:28.000000',1,NULL,61,92),(342,'서예를 통해 마음의 평화를 얻을 수 있어 좋았어요. 정신 수양에 도움이 되는 좋은 취미를 배웠습니다.','2024-07-07 17:57:41.000000',4,NULL,61,33),(343,'파티 요리 강좌가 기대에 미치지 못했어요. 더 다양하고 창의적인 레시피를 배우고 싶었습니다.','2023-06-12 23:33:25.000000',0,NULL,62,57),(344,'요리 기술뿐만 아니라 파티 기획에 대한 팁도 얻을 수 있어 유익했어요. 실생활에 바로 적용할 수 있어 좋았습니다.','2024-06-07 09:51:48.000000',1,NULL,62,68),(345,'전통 민화의 아름다움을 직접 체험할 수 있어 좋았어요. 우리 문화의 멋을 새롭게 발견했습니다.','2023-10-24 01:47:35.000000',5,NULL,63,39),(346,'민화 기법을 현대적으로 재해석하는 방법을 배워 흥미로웠어요. 창의적인 작품을 만들 수 있어 만족스럽습니다.','2023-11-27 07:29:30.000000',4,NULL,63,55),(347,'색채 사용법과 구도 잡는 방법을 자세히 배울 수 있어 좋았어요. 미술 실력이 전반적으로 향상된 것 같습니다.','2024-04-28 20:21:46.000000',4,NULL,63,22),(348,'수업 진행 속도가 너무 빨라 따라가기 힘들었어요. 좀 더 천천히 설명해 주셨으면 좋겠습니다.','2024-06-04 09:10:32.000000',0,NULL,63,38),(349,'강사님의 꼼꼼한 지도 덕분에 어려운 기법도 잘 배울 수 있었어요. 정말 만족스러운 수업이었습니다.','2024-07-01 01:57:50.000000',5,NULL,63,10),(350,'전통 문양의 의미와 상징을 배울 수 있어 흥미로웠어요. 우리 문화에 대한 이해가 깊어졌습니다.','2024-07-26 00:45:48.000000',5,NULL,63,74),(351,'좋아요','2024-08-07 22:25:19.000000',4,NULL,63,30),(352,'카드 마술을 배우는 게 정말 재미있었어요. 친구들 앞에서 시연해 보니 반응이 좋아 뿌듯했습니다.','2024-06-05 13:45:01.000000',3,NULL,64,21),(353,'마술 도구 사용법에 대한 설명이 자세해서 좋았어요. 직접 도구를 다뤄보며 실력이 늘어가는 걸 느꼈습니다.','2024-06-30 11:16:38.000000',4,NULL,64,11),(354,'관객과의 상호작용 기술을 배우는 게 어려웠어요. 이 부분에 대한 더 많은 연습이 필요할 것 같습니다.','2024-07-04 01:29:26.000000',4,NULL,64,35),(355,'다양한 마술 장르를 맛볼 수 있어 좋았어요. 제 적성에 맞는 마술 스타일을 찾을 수 있었습니다.','2024-07-22 07:16:37.000000',2,NULL,64,3),(356,'마술의 기본 원리를 이해하는 데 도움이 되었어요. 간단한 트릭부터 시작해 점점 어려운 마술로 나아가는 구성이 좋았습니다.','2024-08-11 11:59:50.000000',4,NULL,64,81),(357,'퀼트 기법이 생각보다 복잡해서 어려웠어요. 초보자를 위한 더 쉬운 과정이 필요할 것 같습니다.','2023-10-18 09:22:03.000000',0,NULL,65,48),(358,'기본적인 패치워크 기법은 배웠지만, 좀 더 다양한 디자인을 배우고 싶어요. 심화 과정도 있으면 좋겠습니다.','2023-12-06 23:16:35.000000',2,NULL,65,25),(359,'강사님의 꼼꼼한 지도 덕분에 어려운 기술도 잘 배울 수 있었어요. 정말 만족스러운 수업이었습니다.','2024-03-19 13:54:48.000000',5,NULL,65,76),(360,'재료의 품질이 기대에 미치지 못해 아쉬웠어요. 더 좋은 원단과 실로 수업했으면 좋겠습니다.','2024-03-23 14:54:47.000000',1,NULL,65,13),(361,'수업 시간이 너무 짧아 작품을 완성하기 어려웠어요. 수업 시간을 늘려주셨으면 좋겠습니다.','2024-03-24 07:35:06.000000',0,NULL,65,87),(362,'색상 조합과 패턴 디자인에 대한 설명이 부족했어요. 이 부분에 대한 더 자세한 가이드가 필요합니다.','2024-04-20 03:42:17.000000',1,NULL,65,37),(363,'직접 만든 퀼트 작품으로 집을 꾸미니 정말 뿌듯해요. 실용적인 기술을 배울 수 있어 좋았습니다.','2024-07-29 19:56:08.000000',4,NULL,65,30),(364,'발레의 기본 동작을 배울 수 있어 좋았어요. 우아한 움직임을 익히는 게 재미있었습니다.','2024-02-12 16:23:32.000000',3,NULL,66,31),(365,'강사님의 꼼꼼한 지도 덕분에 자세 교정에 많은 도움을 받았어요. 몸의 변화를 느낄 수 있어 좋았습니다.','2024-02-12 22:06:37.000000',4,NULL,66,69),(366,'발레가 생각보다 체력이 많이 필요해서 힘들었어요. 초보자를 위한 더 쉬운 과정이 필요할 것 같습니다.','2024-02-27 01:35:28.000000',2,NULL,66,53),(367,'수업 시간이 너무 짧아 충분히 연습할 시간이 부족했어요. 수업 시간을 늘려주셨으면 좋겠습니다.','2024-04-03 17:36:59.000000',0,NULL,66,43),(368,'발레를 통해 유연성과 균형감이 향상된 것 같아요. 전반적인 건강 증진에 도움이 되었습니다.','2024-05-06 08:57:42.000000',4,NULL,66,75),(369,'발레 용어가 어려워서 이해하기 힘들었어요. 용어에 대한 더 자세한 설명이 필요합니다.','2024-06-19 18:13:15.000000',1,NULL,66,73),(370,'음악에 맞춰 움직이는 것이 어려웠어요. 리듬 감각을 키우는 데 더 많은 연습이 필요할 것 같습니다.','2024-06-22 03:55:25.000000',2,NULL,66,92),(371,'기본 동작은 배웠지만, 좀 더 다양한 발레 테크닉을 배우고 싶어요. 중급 과정도 있으면 좋겠습니다.','2024-07-10 09:57:31.000000',3,NULL,66,83),(372,'발레를 통해 자세가 교정되는 걸 느꼈어요. 일상생활에서도 도움이 되는 좋은 운동이었습니다.','2024-08-05 03:29:00.000000',5,NULL,66,41),(373,'비건 요리의 기본을 배울 수 있어 좋았어요. 건강한 식생활에 대해 많이 배웠습니다.','2023-10-06 20:01:57.000000',2,NULL,67,88),(374,'다양한 대체 재료를 활용하는 방법을 배워 흥미로웠어요. 창의적인 요리 방법을 익힐 수 있었습니다.','2023-10-29 07:37:43.000000',3,NULL,67,90),(375,'강사님의 꼼꼼한 설명 덕분에 영양 균형 잡힌 비건 식단을 구성하는 법을 잘 배웠어요. 매우 유익했습니다.','2023-11-04 20:40:17.000000',4,NULL,67,61),(376,'일부 재료를 구하기 어려워 실습에 어려움이 있었어요. 대체 가능한 재료에 대한 정보가 더 필요합니다.','2023-12-25 08:23:00.000000',1,NULL,67,76),(377,'비건 요리가 생각보다 맛있어서 놀랐어요. 편견을 깰 수 있는 좋은 기회였습니다.','2024-01-07 02:34:07.000000',2,NULL,67,37),(378,'환경을 생각하는 요리 철학을 배울 수 있어 좋았어요. 생활 습관을 개선하는 데 도움이 되었습니다.','2024-04-02 06:05:17.000000',5,NULL,67,60),(379,'일부 요리 기술이 어려워서 따라하기 힘들었어요. 초보자를 위한 더 쉬운 레시피도 필요할 것 같습니다.','2024-04-13 10:58:54.000000',5,NULL,67,18),(380,'비건 베이킹 방법이 특히 유익했어요. 달걀과 유제품 없이도 맛있는 디저트를 만들 수 있어 좋았습니다.','2024-04-23 03:06:30.000000',1,NULL,67,100),(381,'강사님의 열정적인 태도가 인상적이었어요. 비건 라이프스타일에 대한 동기부여가 되었습니다.','2024-06-27 12:59:01.000000',5,NULL,67,35),(382,'다양한 세계 요리를 비건으로 재해석하는 방법을 배워 흥미로웠어요. 요리의 폭이 넓어진 것 같습니다.','2024-07-31 13:38:27.000000',4,NULL,67,80),(383,'퀼트 가방 만들기 과정이 생각보다 복잡해서 어려웠어요. 초보자를 위한 더 쉬운 디자인부터 시작하면 좋겠습니다.','2024-05-21 12:03:45.000000',2,NULL,68,90),(384,'다양한 퀼트 패턴을 배울 수 있어 좋았어요. 창의적인 디자인을 만드는 데 도움이 되었습니다.','2024-05-28 18:12:55.000000',4,NULL,68,34),(385,'지퍼 달기와 안감 처리 방법이 특히 유용했어요. 실용적인 기술을 배울 수 있어 만족스럽습니다.','2024-06-26 07:47:56.000000',2,NULL,68,56),(386,'필라테스의 기본 원리를 이해하는 데 도움이 되었어요. 몸의 중심을 잡는 방법을 배워 일상생활에도 유용합니다.','2024-04-13 04:38:44.000000',4,NULL,69,33),(387,'일부 동작이 너무 어려워서 따라하기 힘들었어요. 초보자를 위한 더 쉬운 변형 동작이 필요할 것 같습니다.','2024-04-18 22:00:09.000000',1,NULL,69,39),(388,'호흡법을 배우는 게 어려웠어요. 이 부분에 대한 더 자세한 설명과 연습이 필요합니다.','2024-04-27 20:32:17.000000',1,NULL,69,52),(389,'수업 시간이 너무 짧아 충분히 운동 효과를 느끼기 어려웠어요. 수업 시간을 늘려주셨으면 좋겠습니다.','2024-05-03 08:13:40.000000',0,NULL,69,81),(390,'기구 사용법에 대한 설명이 부족했어요. 각 기구의 올바른 사용법에 대해 더 자세히 알고 싶습니다.','2024-07-27 08:04:14.000000',0,NULL,69,26),(391,'향수 제작의 기본 원리를 배울 수 있어 좋았어요. 향에 대한 이해가 깊어졌습니다.','2024-03-14 10:59:29.000000',2,NULL,70,56),(392,'향료 선택과 조합이 어려웠어요. 이 부분에 대한 더 자세한 가이드가 필요할 것 같습니다.','2024-05-28 00:30:29.000000',0,NULL,70,46),(393,'치즈 만들기 과정이 생각보다 복잡해서 어려웠어요. 초보자를 위한 더 쉬운 치즈부터 시작하면 좋겠습니다.','2023-06-27 10:42:43.000000',3,NULL,71,81),(394,'다양한 종류의 치즈를 만들어볼 수 있어 좋았어요. 치즈에 대한 이해가 깊어졌습니다.','2023-07-17 21:47:55.000000',1,NULL,71,100),(395,'숙성 과정에 대한 설명이 특히 유익했어요. 시간과 온도 관리의 중요성을 배웠습니다.','2024-03-05 22:36:57.000000',3,NULL,71,49),(396,'판화의 기본 기법을 배울 수 있어 좋았어요. 새로운 예술 표현 방법을 알게 되었습니다.','2024-04-27 22:17:58.000000',1,NULL,72,25),(397,'잉크 사용법이 어려워서 실수가 많았어요. 이 부분에 대한 더 자세한 가이드가 필요합니다.','2024-06-12 14:18:14.000000',1,NULL,72,21),(398,'모르겠어요','2024-07-17 01:43:36.000000',2,NULL,72,17),(399,'태극권의 기본 동작을 배울 수 있어 좋았어요. 몸과 마음의 균형을 잡는 데 도움이 되었습니다.','2024-04-30 17:30:57.000000',3,NULL,73,81),(400,'동작의 의미와 원리를 이해하기 어려웠어요. 더 자세한 설명이 필요할 것 같습니다.','2024-06-13 06:44:54.000000',5,NULL,73,34),(401,'호흡법을 익히는 게 어려웠어요. 이 부분에 대한 더 많은 연습이 필요할 것 같습니다.','2024-06-30 02:44:27.000000',1,NULL,73,17),(402,'태극권을 통해 유연성과 균형감이 향상된 것 같아요. 일상생활에서도 도움이 되고 있습니다.','2024-07-15 14:02:39.000000',3,NULL,73,56),(403,'집에서 따라하기 힘들어요','2024-08-10 17:46:47.000000',1,NULL,73,69),(404,'수제화 만들기의 기본을 배울 수 있어 좋았어요. 신발에 대한 이해가 깊어졌습니다.','2024-01-15 21:15:32.000000',4,NULL,74,92),(405,'강사님의 꼼꼼한 지도 덕분에 복잡한 과정도 잘 따라갈 수 있었어요. 매우 만족스러운 수업이었습니다.','2024-03-23 12:22:23.000000',5,NULL,74,83),(406,'생각보다 어려워서 힘들었어요. 더 많은 연습이 필요할 것 같습니다.','2024-07-10 00:42:17.000000',0,NULL,74,16),(407,'도자기에 그림 그리기가 생각보다 어려웠어요. 초보자를 위한 더 쉬운 기법부터 시작하면 좋겠습니다.','2024-05-17 13:18:08.000000',0,NULL,75,43),(408,'다양한 채색 기법을 배울 수 있어 좋았어요. 창의적인 표현 방법을 익힐 수 있었습니다.','2024-05-22 14:27:31.000000',5,NULL,75,49),(409,'유약 처리 과정이 복잡해서 이해하기 어려웠어요. 이 부분에 대한 더 자세한 설명이 필요합니다.','2024-08-05 13:00:35.000000',2,NULL,75,91),(410,'즉흥 연기의 기본을 배울 수 있어 좋았어요. 창의성과 표현력이 향상된 것 같습니다.','2023-11-02 18:26:53.000000',5,NULL,76,10),(411,'파트너와의 호흡을 맞추는 게 어려웠어요. 이 부분에 대한 더 많은 연습이 필요할 것 같습니다.','2023-11-08 05:27:04.000000',3,NULL,76,27),(412,'캐릭터 구축 방법이 특히 유익했어요. 연기에 대한 이해가 깊어졌습니다.','2023-11-10 17:58:14.000000',3,NULL,76,68),(413,'감정 표현 기법을 배우는 게 재미있었어요. 일상생활에서도 도움이 되고 있습니다.','2024-03-01 14:56:54.000000',4,NULL,76,26),(414,'즉흥 대사 구성이 어려웠어요. 이 부분에 대한 더 많은 훈련이 필요할 것 같습니다.','2024-05-26 19:47:30.000000',3,NULL,76,21),(415,'천연 화장품 만들기의 기본을 배울 수 있어 좋았어요. 피부 건강에 대한 이해가 깊어졌습니다.','2023-06-15 06:20:44.000000',3,NULL,77,16),(416,'다양한 원료의 특성과 효능을 배울 수 있어 유익했어요. 제품 선택에 도움이 되고 있습니다.','2023-09-02 14:33:27.000000',4,NULL,77,90),(417,'강사님의 꼼꼼한 지도 덕분에 안전하고 효과적인 제품을 만들 수 있었어요. 매우 만족스러운 수업이었습니다.','2023-10-30 19:46:52.000000',5,NULL,77,3),(418,'일부 원료의 보존 방법이 어려웠어요. 이 부분에 대한 더 자세한 가이드가 필요합니다.','2024-04-16 04:37:33.000000',0,NULL,77,41),(419,'전통 매듭의 기본을 배울 수 있어 좋았어요. 우리 문화의 아름다움을 새롭게 발견했습니다.','2023-10-26 04:30:55.000000',3,NULL,78,83),(420,'복잡한 매듭 기법을 익히는 게 어려웠어요. 초보자를 위한 더 쉬운 단계별 과정이 필요할 것 같습니다.','2024-01-30 19:54:49.000000',2,NULL,78,43),(421,'색실의 조화로운 사용법을 배우는 게 어려웠어요. 이 부분에 대한 더 자세한 가이드가 필요합니다.','2024-02-16 15:28:34.000000',0,NULL,78,48),(422,'수업 시간이 너무 짧아 충분히 연습할 시간이 부족했어요. 수업 시간을 늘려주셨으면 좋겠습니다.','2024-04-11 22:43:07.000000',0,NULL,78,30),(423,'강사님의 열정적인 지도 덕분에 전통 매듭의 매력에 푹 빠졌어요. 정말 즐거운 수업이었습니다.','2024-06-06 00:08:46.000000',5,NULL,78,18),(424,'가야금의 기본 연주법을 배우는 게 생각보다 어려웠어요. 초보자를 위한 더 쉬운 곡부터 시작하면 좋겠습니다.','2023-04-23 06:22:28.000000',1,NULL,79,37),(425,'전통 음악의 아름다움을 직접 체험할 수 있어 좋았어요. 우리 문화에 대한 자부심이 생겼습니다.','2023-04-30 16:07:56.000000',4,NULL,79,74),(426,'악기의 조율과 관리 방법이 어려웠어요. 이 부분에 대한 더 자세한 설명이 필요합니다.','2023-08-08 19:20:28.000000',0,NULL,79,68),(427,'수업 시간이 너무 짧아 충분히 연습할 시간이 부족했어요. 수업 시간을 늘려주셨으면 좋겠습니다.','2024-03-09 07:17:12.000000',0,NULL,79,95),(428,'강사님의 꼼꼼한 지도 덕분에 어려운 주법도 잘 배울 수 있었어요. 정말 만족스러운 수업이었습니다.','2024-05-21 01:15:23.000000',5,NULL,79,69),(429,'산조와 정악의 차이를 이해하기 어려웠어요. 이 부분에 대한 더 자세한 설명이 필요합니다.','2024-07-27 17:01:24.000000',0,NULL,79,29),(430,'캘리그라피의 기본을 배울 수 있어 좋았어요. 글씨 쓰는 즐거움을 알게 되었습니다.','2024-03-16 20:02:05.000000',2,NULL,80,16),(431,'다양한 필기구의 특성과 사용법을 배울 수 있어 유익했어요. 표현의 폭이 넓어진 것 같습니다.','2024-03-26 00:24:37.000000',3,NULL,80,78),(432,'글씨체 구조를 이해하고 연습하는 게 어려웠어요. 더 많은 기초 훈련이 필요할 것 같습니다.','2024-04-22 05:15:37.000000',1,NULL,80,45),(433,'레이아웃 구성 방법이 특히 유익했어요. 작품의 완성도를 높이는 데 도움이 되었습니다.','2024-05-21 13:23:17.000000',2,NULL,80,13),(434,'개성 있는 글씨체를 개발하는 게 어려웠어요. 이 부분에 대한 더 많은 지도가 필요할 것 같습니다.','2024-05-26 19:17:20.000000',2,NULL,80,91),(435,'조경 설계의 기본 원리를 배울 수 있어 좋았어요. 공간을 바라보는 시각이 달라졌습니다.','2023-10-06 18:43:54.000000',4,NULL,81,64),(436,'식물 선택과 배치 방법이 어려웠어요. 더 많은 실습 기회가 있었으면 좋겠습니다.','2023-10-07 07:32:55.000000',2,NULL,81,62),(437,'강사님의 풍부한 경험을 바탕으로 한 조언들이 매우 유익했어요. 실제 정원 설계에 큰 도움이 되었습니다.','2023-12-14 12:11:24.000000',5,NULL,81,50),(438,'지속 가능한 정원 관리 방법에 대한 설명이 부족했어요. 이 부분에 대해 더 자세히 다뤄주셨으면 합니다.','2024-01-07 10:45:29.000000',2,NULL,81,56),(439,'소규모 정원 설계 실습이 너무 짧았어요. 더 긴 시간 동안 실습할 수 있었으면 좋겠습니다.','2024-02-01 14:20:19.000000',0,NULL,81,57),(440,'다양한 조경 스타일을 배울 수 있어 흥미로웠어요. 제 취향에 맞는 정원 스타일을 찾을 수 있었습니다.','2024-02-05 15:50:23.000000',4,NULL,81,86),(441,'조경 설계 소프트웨어 사용법도 배워서 좋았어요. 현대적인 설계 방법을 익힐 수 있어 유익했습니다.','2024-08-02 20:21:03.000000',4,NULL,81,97),(442,'재즈 댄스의 기본 스텝을 배울 수 있어 좋았어요. 리듬감이 향상된 것 같아 기쁩니다.','2024-07-05 06:38:19.000000',4,NULL,82,48),(443,'음악에 맞춰 즉흥적으로 춤추는 것이 재미있었어요. 자유로운 표현력이 늘어난 것 같습니다.','2024-07-17 13:08:14.000000',4,NULL,82,35),(444,'발효 식품 만들기의 기본을 배울 수 있어 좋았어요. 건강한 식생활에 도움이 되고 있습니다.','2024-01-30 01:53:08.000000',2,NULL,83,72),(445,'디지털 드로잉의 기초를 배우기에는 수업 내용이 너무 어려웠어요. 더 기초적인 과정이 필요할 것 같습니다.','2023-08-20 09:46:29.000000',0,NULL,84,85),(446,'다양한 브러시 효과를 배울 수 있어 좋았어요. 표현의 폭이 넓어진 것 같습니다.','2024-01-08 08:57:42.000000',3,NULL,84,60),(447,'레이어 활용법이 복잡해서 이해하기 어려웠어요. 이 부분에 대한 더 자세한 설명이 필요합니다.','2024-02-09 01:52:24.000000',2,NULL,84,54),(448,'색상 이론에 대한 설명이 특히 유익했어요. 작품의 퀄리티가 높아진 것 같습니다.','2024-04-22 04:05:45.000000',2,NULL,84,51),(449,'소프트웨어 사용법을 익히는 데 시간이 부족했어요. 실습 시간을 늘려주셨으면 좋겠습니다.','2024-08-01 07:36:51.000000',0,NULL,84,55),(450,'클래식 기타 제작의 전 과정을 배울 수 있어 정말 좋았어요. 악기에 대한 이해가 깊어졌습니다.','2023-05-07 07:18:12.000000',5,NULL,85,91),(451,'목재 선택과 가공 과정이 생각보다 어려웠어요. 이 부분에 대한 더 자세한 설명이 필요합니다.','2024-01-23 15:10:37.000000',2,NULL,85,73),(452,'기타의 구조와 원리를 이해하는 데 많은 도움이 되었어요. 연주할 때도 도움이 될 것 같습니다.','2024-04-05 23:13:11.000000',3,NULL,85,17),(453,'마감 처리 기술을 익히는 게 어려웠어요. 더 많은 실습 기회가 있었으면 좋겠습니다.','2024-05-08 01:14:12.000000',1,NULL,85,61),(454,'음색 조율 방법이 특히 흥미로웠어요. 기타 소리에 대한 감각이 생긴 것 같습니다.','2024-08-06 05:00:12.000000',1,NULL,85,85),(455,'한복 제작의 기초를 배우기에는 수업 내용이 너무 어려웠어요. 초보자를 위한 과정이 필요할 것 같습니다.','2023-09-22 14:44:17.000000',0,NULL,86,38),(456,'전통 한복과 현대 한복의 차이점을 배울 수 있어 흥미로웠어요. 한복에 대한 시각이 넓어졌습니다.','2023-12-30 12:21:47.000000',2,NULL,86,48),(457,'바느질 기술을 익히는 데 시간이 부족했어요. 실습 시간을 늘려주셨으면 좋겠습니다.','2024-03-31 04:29:35.000000',0,NULL,86,33),(458,'다양한 한복 스타일을 배울 수 있어 좋았어요. 창의적인 디자인에 도전할 수 있었습니다.','2024-04-08 16:20:33.000000',4,NULL,86,25),(459,'강사님의 꼼꼼한 지도 덕분에 복잡한 제작 과정도 잘 따라갈 수 있었어요. 만족스러운 수업이었습니다.','2024-05-13 00:22:21.000000',4,NULL,86,62),(460,'수채화로 풍경을 그리는 기본 기술을 배우기에는 수업 내용이 어려웠어요. 초보자용 과정이 필요할 것 같습니다.','2023-05-23 19:04:40.000000',1,NULL,87,81),(461,'빛과 그림자 표현법을 배우는 게 특히 유익했어요. 그림에 생동감이 더해진 것 같습니다.','2023-06-09 10:10:39.000000',5,NULL,87,10),(462,'다양한 풍경 요소를 그리는 방법을 배울 수 있어 좋았어요. 표현력이 향상된 것 같습니다.','2023-06-28 11:22:44.000000',4,NULL,87,35),(464,'원근법 적용이 어려웠어요. 이 부분에 대한 더 자세한 설명과 연습이 필요할 것 같습니다.','2024-03-06 21:56:45.000000',2,NULL,87,62),(465,'야외 스케치 실습이 특히 재미있었어요. 현장에서의 그림 그리기 경험이 값졌습니다.','2024-05-24 02:45:04.000000',2,NULL,87,100),(466,'팝업북 제작의 기본 원리를 이해하기 쉽게 설명해주셔서 좋았어요. 입체적 사고력이 향상된 것 같습니다.','2024-03-06 17:29:45.000000',4,NULL,88,76),(467,'복잡한 팝업 메커니즘을 만드는 게 어려웠어요. 단계별로 더 자세한 설명이 필요할 것 같습니다.','2024-03-24 04:24:55.000000',1,NULL,88,95),(468,'창의적인 스토리텔링 방법을 배울 수 있어 흥미로웠어요. 새로운 표현 방식을 알게 되었습니다.','2024-03-29 12:39:56.000000',5,NULL,88,50),(469,'다양한 종이 공학 기법을 배울 수 있어 좋았어요. 응용 범위가 넓어진 것 같습니다.','2024-04-17 09:53:22.000000',4,NULL,88,38),(470,'정교한 칼질과 접기가 어려웠어요. 이 부분에 대한 더 많은 연습이 필요할 것 같습니다.','2024-05-05 11:16:18.000000',2,NULL,88,13),(471,'강사님의 상세한 설명 덕분에 복잡한 팝업 구조도 이해할 수 있었어요. 매우 만족스러운 수업이었습니다.','2024-05-14 00:09:36.000000',5,NULL,88,72),(472,'책 디자인의 기초를 배울 수 있어 좋았어요. 전문성이 향상된 것 같습니다.','2024-05-20 10:41:00.000000',1,NULL,88,52),(473,'팝업북 제작에 필요한 재료 준비가 어려웠어요. 키트 형태로 제공되면 좋겠습니다.','2024-06-19 19:58:16.000000',2,NULL,88,34),(474,'완성된 팝업북을 만들어 볼 수 있어 뿌듯했어요. 성취감을 느낄 수 있는 좋은 경험이었습니다.','2024-06-24 11:57:50.000000',5,NULL,88,65),(475,'팝업 요소의 움직임을 설계하는 것이 어려웠어요. 이 부분에 대한 더 자세한 가이드가 필요합니다.','2024-06-28 15:58:42.000000',2,NULL,88,90),(476,'크로쉐의 기본 스티치를 배우는 것이 생각보다 어려웠어요. 더 천천히 설명해주셨으면 좋겠습니다.','2024-02-14 10:03:28.000000',3,NULL,89,59),(477,'다양한 패턴을 배울 수 있어 좋았어요. 창의적인 작품을 만들 수 있게 되었습니다.','2024-02-27 06:32:44.000000',3,NULL,89,38),(478,'실의 장력 조절이 어려웠어요. 이 부분에 대한 더 많은 연습이 필요할 것 같습니다.','2024-03-19 07:45:29.000000',0,NULL,89,43),(479,'수업 시간이 너무 짧아 작품을 완성하기 어려웠어요. 수업 시간을 늘려주셨으면 좋겠습니다.','2024-03-26 06:22:40.000000',0,NULL,89,88),(480,'색상 조합에 대한 조언이 특히 유익했어요. 더 조화로운 작품을 만들 수 있게 되었습니다.','2024-04-10 17:50:26.000000',3,NULL,89,83),(481,'강사님의 꼼꼼한 지도 덕분에 어려운 기술도 잘 배울 수 있었어요. 만족스러운 수업이었습니다.','2024-04-22 16:59:34.000000',3,NULL,89,96),(482,'작은 소품부터 큰 작품까지 다양한 아이템을 만들어볼 수 있어 좋았어요. 실용적인 기술을 배웠습니다.','2024-06-16 09:27:22.000000',2,NULL,89,30),(483,'한국 전통 차 문화에 대해 폭넓게 배울 수 있어 좋았어요. 우리 문화의 깊이를 느낄 수 있었습니다.','2023-09-01 06:14:52.000000',4,NULL,90,31),(484,'다양한 차의 특성과 효능에 대해 배울 수 있어 유익했어요. 일상에서 차를 더 잘 즐길 수 있게 되었습니다.','2023-09-27 10:54:12.000000',4,NULL,90,11),(485,'차 우리는 방법이 생각보다 복잡해서 어려웠어요. 더 많은 실습 기회가 있었으면 좋겠습니다.','2023-11-05 00:45:31.000000',1,NULL,90,10),(486,'다례의 예절을 익히는 것이 어려웠어요. 이 부분에 대한 더 자세한 설명이 필요합니다.','2024-01-12 19:59:33.000000',2,NULL,90,55),(487,'차 도구의 사용법과 관리법을 배울 수 있어 좋았어요. 전문성이 향상된 것 같습니다.','2024-02-22 18:28:56.000000',1,NULL,90,38),(488,'차의 향과 맛을 감별하는 방법이 어려웠어요. 이 부분에 대한 더 많은 훈련이 필요할 것 같습니다.','2024-05-19 09:31:40.000000',1,NULL,90,85),(489,'강사님의 풍부한 지식과 경험 덕분에 깊이 있는 내용을 배울 수 있었어요. 매우 만족스러운 수업이었습니다.','2024-05-23 12:00:03.000000',4,NULL,90,75),(490,'전통 다례와 현대적 티 문화의 조화를 배울 수 있어 흥미로웠어요. 새로운 시각을 갖게 되었습니다.','2024-06-25 13:00:12.000000',3,NULL,90,87),(491,'업사이클링의 기본 개념과 중요성에 대해 배울 수 있어 좋았어요. 환경에 대한 인식이 높아졌습니다.','2024-03-05 12:05:41.000000',5,NULL,91,94),(492,'다양한 재활용 재료의 활용법을 배울 수 있어 창의력이 자극되었어요. 새로운 가능성을 발견했습니다.','2024-06-04 01:33:12.000000',5,NULL,91,45),(493,'강사님의 독창적인 아이디어에 많은 영감을 받았어요. 일상에서의 실천 방법도 배울 수 있어 좋았습니다.','2024-06-07 08:43:12.000000',5,NULL,91,61),(494,'일부 재료의 가공 기술이 어려웠어요. 이 부분에 대한 더 자세한 설명이 필요합니다.','2024-07-03 12:48:43.000000',3,NULL,91,33),(495,'작품의 완성도를 높이는 방법이 어려웠어요. 더 많은 팁과 노하우가 공유되면 좋겠습니다.','2024-08-11 06:01:46.000000',5,NULL,91,81),(496,'살사 댄스의 기본 스텝을 배우는 것이 생각보다 어려웠어요. 더 천천히 진행해주셨으면 좋겠습니다.','2023-05-14 08:08:47.000000',2,NULL,92,46),(497,'파트너와의 호흡을 맞추는 방법을 배울 수 있어 좋았어요. 커뮤니케이션 능력이 향상된 것 같습니다.','2023-06-16 13:50:06.000000',5,NULL,92,83),(498,'다양한 살사 음악을 접할 수 있어 흥미로웠어요. 리듬 감각이 향상된 것 같습니다.','2023-12-14 22:18:40.000000',4,NULL,92,52),(499,'복잡한 턴 동작을 익히는 것이 어려웠어요. 이 부분에 대한 더 많은 연습이 필요할 것 같습니다.','2024-04-28 12:14:46.000000',3,NULL,92,63),(500,'강사님의 열정적인 지도 덕분에 춤에 대한 자신감이 생겼어요. 매우 즐거운 수업이었습니다.','2024-05-26 05:07:51.000000',4,NULL,92,54),(501,'꽃차 만들기의 기본 원리를 이해하기 쉽게 설명해주셔서 좋았어요. 새로운 취미를 가지게 되었습니다.','2023-09-02 14:00:08.000000',4,NULL,93,96),(502,'다양한 꽃과 허브의 특성을 배울 수 있어 유익했어요. 재료 선택의 폭이 넓어진 것 같습니다.','2024-03-03 19:27:58.000000',3,NULL,93,43),(503,'꽃 건조 과정이 생각보다 까다로웠어요. 이 부분에 대한 더 자세한 가이드가 필요합니다.','2024-07-29 06:52:05.000000',2,NULL,93,97),(504,'블렌딩 기술을 익히는 것이 어려웠어요. 더 많은 실습 기회가 있었으면 좋겠습니다.','2024-08-01 10:54:40.000000',1,NULL,93,61),(506,'재료 준비가 너무 복잡하고 비용이 많이 들어 아쉬웠어요. 초보자에게는 조금 버거운 과정이었습니다.','2023-08-07 04:57:20.000000',0,NULL,94,48),(507,'강사님의 꼼꼼한 지도 덕분에 섬세한 기술도 잘 배울 수 있었어요. 매우 만족스러운 수업이었습니다.','2023-10-12 20:00:54.000000',5,NULL,94,72),(508,'인형 얼굴 표정 만들기가 특히 재미있었어요. 창의성을 발휘할 수 있는 좋은 기회였습니다.','2024-01-26 19:30:38.000000',4,NULL,94,100),(509,'테디베어 만들기는 즐거웠지만, 의상 제작 부분이 조금 어려웠어요. 이 부분에 대한 더 자세한 설명이 필요할 것 같습니다.','2024-02-13 10:22:25.000000',3,NULL,94,76),(510,'인형 제작의 역사를 배울 수 있어서 흥미로웠어요. 실습과 이론이 잘 병행된 수업이었습니다.','2024-06-30 20:10:58.000000',4,NULL,94,49),(511,'개성 있는 나만의 인형을 만들 수 있어서 정말 뿌듯했어요. 새로운 취미가 생긴 것 같아 기쁩니다.','2024-07-19 00:53:27.000000',5,NULL,94,61),(512,'전통 목공 기술을 배울 수 있어서 좋았어요. 소반 만들기가 특히 인상적이었습니다.','2023-12-14 14:14:10.000000',4,NULL,95,64),(513,'도구 사용법이 너무 어려워서 따라가기 힘들었어요. 초보자를 위한 더 기초적인 과정이 필요할 것 같습니다.','2023-12-19 02:53:26.000000',1,NULL,95,49),(514,'재료비가 예상보다 많이 들어서 부담스러웠어요. 학생들을 위한 할인이 있으면 좋겠습니다.','2024-01-04 17:27:56.000000',1,NULL,95,88),(515,'전통 가구의 미적 가치를 이해하는 데 도움이 되었어요. 다만, 실습 시간이 좀 더 길었으면 좋겠습니다.','2024-01-31 23:16:19.000000',3,NULL,95,13),(516,'찬장 만들기 과정이 너무 복잡해서 어려웠어요. 단계별로 더 자세한 설명이 필요할 것 같습니다.','2024-02-29 23:11:04.000000',2,NULL,95,30),(517,'목재의 특성과 관리법에 대해 배울 수 있어서 유익했어요. 실생활에서도 활용할 수 있을 것 같습니다.','2024-04-04 00:36:08.000000',3,NULL,95,69),(518,'아크릴 물감 사용법이 너무 어려웠어요. 초보자를 위한 더 기초적인 과정이 필요합니다.','2024-01-02 14:29:11.000000',0,NULL,96,29),(519,'색채 혼합 기법을 배우는 것이 어려웠지만, 조금씩 향상되는 것을 느낄 수 있었어요.','2024-01-26 19:26:41.000000',2,NULL,96,69),(520,'다양한 질감 표현 기법을 배울 수 있어서 좋았어요. 창의적인 작품을 만들 수 있었습니다.','2024-05-13 23:02:54.000000',4,NULL,96,91),(521,'레이어링 기법이 생각보다 어려워서 힘들었어요. 이 부분에 대한 더 자세한 설명이 필요합니다.','2024-05-13 23:52:58.000000',2,NULL,96,39),(522,'추상화 기법을 배우는 것이 흥미로웠어요. 새로운 예술적 시각을 가질 수 있었습니다.','2024-06-02 08:11:35.000000',3,NULL,96,73),(523,'수업 진도가 너무 빨라서 따라가기 힘들었어요. 좀 더 천천히 진행해주셨으면 좋겠습니다.','2024-06-23 12:59:00.000000',1,NULL,96,72),(524,'개인의 예술적 비전을 발전시키는 데 도움이 되었어요. 다만, 더 많은 실습 시간이 필요할 것 같습니다.','2024-06-29 06:12:10.000000',3,NULL,96,87),(525,'요가 니드라를 통해 정말 깊은 이완을 경험할 수 있었어요. 일상의 스트레스 해소에 큰 도움이 됩니다.','2024-04-09 09:00:14.000000',5,NULL,97,37),(526,'명상이 생소해서 집중하기 어려웠어요. 초보자를 위한 더 쉬운 접근 방법이 필요할 것 같습니다.','2024-04-16 06:22:58.000000',0,NULL,97,54),(527,'요가 니드라의 철학적 배경이 이해하기 어려웠어요. 좀 더 쉽게 설명해주셨으면 좋겠습니다.','2024-04-27 06:47:36.000000',2,NULL,97,11),(528,'다양한 요가 니드라 실습 방법을 배울 수 있어서 좋았어요. 일상에서 활용하기 쉬웠습니다.','2024-05-22 16:18:13.000000',3,NULL,97,89),(529,'과학적 효과에 대한 설명이 부족했어요. 이 부분에 대해 더 자세히 다뤄주셨으면 합니다.','2024-07-09 22:38:10.000000',2,NULL,97,31),(530,'수업 시간이 너무 길어서 집중력이 떨어졌어요. 좀 더 짧은 세션으로 나누면 좋겠습니다.','2024-07-15 07:47:10.000000',0,NULL,97,96),(531,'다양한 디저트 레시피를 배울 수 있어서 좋았어요. 특히 케이크 만들기가 재미있었습니다.','2024-05-25 05:44:30.000000',4,NULL,98,64),(532,'기본적인 베이킹 기술을 잘 배울 수 있었지만, 고급 기술은 조금 어려웠어요.','2024-06-22 12:54:02.000000',3,NULL,98,63),(533,'창의적인 플레이팅 방법을 배울 수 있어서 좋았어요. 디저트의 완성도가 높아졌습니다.','2024-06-24 15:35:34.000000',4,NULL,98,37),(534,'푸딩 만들기가 특히 인상적이었어요. 다만, 일부 재료를 구하기 어려웠습니다.','2024-07-12 23:02:48.000000',3,NULL,98,44),(535,'강사님의 꼼꼼한 설명 덕분에 어려운 기술도 잘 배울 수 있었어요. 매우 만족스러운 수업이었습니다.','2024-07-22 18:22:02.000000',5,NULL,98,96),(536,'오븐 사용법이 어려워서 실습에 어려움이 있었어요. 기초 과정이 더 필요할 것 같습니다.','2024-07-26 15:24:29.000000',0,NULL,98,33),(537,'레시피가 너무 복잡해서 따라하기 힘들었어요. 좀 더 간단한 레시피부터 시작하면 좋겠습니다.','2024-08-09 20:33:35.000000',1,NULL,98,45),(539,'스토리 구상이 어려웠지만, 강사님의 조언으로 극복할 수 있었어요. 창의력이 향상된 것 같습니다.','2024-05-15 20:20:59.000000',3,NULL,99,28),(540,'일러스트레이션 기법을 배우는 것이 흥미로웠어요. 다만, 더 많은 실습 시간이 필요할 것 같습니다.','2024-07-29 17:10:23.000000',3,NULL,99,37),(545,'다양한 종류의 인형을 만들어볼 수 있어서 정말 좋았어요. 특히 포셀린 인형 제작 과정이 인상적이었습니다.','2024-08-12 09:37:46.460125',5,NULL,94,34),(546,'진짜 재미있어요','2024-08-13 06:32:45.728725',4,NULL,2,114),(547,'다양한 도구와 잉크를 사용해 글자의 굵기와 흐름을 조절하는 방법을 배우며, 자신만의 독특한 스타일을 개발할 수 있는 기회를 제공합니다. 기본 스트로크부터 시작해 실제 작품을 제작하는 과정까지 단계적으로 실력을 쌓아가는 구조 덕분에, 학습하는 내내 성취감을 느낄 수 있었습니다!','2024-08-14 04:33:26.416370',5,NULL,22,70),(548,'100점만점!!','2024-08-14 05:19:39.541000',3,NULL,2,13),(550,'요리 재료가 없는데, 키트로 집에 배송되어서 너무 좋았어요! 담에 또 수강할 마음이 있어요','2024-08-14 05:23:31.506657',4,NULL,112,2),(551,'100점만점','2024-08-14 05:25:53.355000',3,NULL,112,13),(553,'무료강의라 너무 좋아요','2024-08-14 07:56:03.828024',4,NULL,41,101),(555,'밀푀유나베 맛있게 만드는 법을 알게 되었습니다.','2024-08-15 08:49:39.568768',4,NULL,114,137);
/*!40000 ALTER TABLE `review` ENABLE KEYS */;
UNLOCK TABLES;

--
-- Table structure for table `tag`
--

DROP TABLE IF EXISTS `tag`;
/*!40101 SET @saved_cs_client     = @@character_set_client */;
/*!50503 SET character_set_client = utf8mb4 */;
CREATE TABLE `tag` (
  `tag_id` bigint(20) NOT NULL AUTO_INCREMENT,
  `name` varchar(45) COLLATE utf8mb4_bin DEFAULT NULL,
  `img_url` varchar(2000) COLLATE utf8mb4_bin DEFAULT NULL,
  PRIMARY KEY (`tag_id`)
) ENGINE=InnoDB AUTO_INCREMENT=14 DEFAULT CHARSET=utf8mb4 COLLATE=utf8mb4_bin;
/*!40101 SET character_set_client = @saved_cs_client */;

--
-- Dumping data for table `tag`
--

LOCK TABLES `tag` WRITE;
/*!40000 ALTER TABLE `tag` DISABLE KEYS */;
INSERT INTO `tag` VALUES (1,'요리',NULL),(2,'베이킹',NULL),(3,'운동',NULL),(4,'요가',NULL),(5,'기술',NULL),(6,'예술',NULL),(7,'드로잉',NULL),(8,'음악',NULL),(9,'피아노',NULL),(10,'프로그래밍',NULL),(11,'포토그래피',NULL),(12,'인테리어',NULL),(13,'공예',NULL);
/*!40000 ALTER TABLE `tag` ENABLE KEYS */;
UNLOCK TABLES;

--
-- Dumping routines for database 's11p12a504'
--
/*!40103 SET TIME_ZONE=@OLD_TIME_ZONE */;

/*!40101 SET SQL_MODE=@OLD_SQL_MODE */;
/*!40014 SET FOREIGN_KEY_CHECKS=@OLD_FOREIGN_KEY_CHECKS */;
/*!40014 SET UNIQUE_CHECKS=@OLD_UNIQUE_CHECKS */;
/*!40101 SET CHARACTER_SET_CLIENT=@OLD_CHARACTER_SET_CLIENT */;
/*!40101 SET CHARACTER_SET_RESULTS=@OLD_CHARACTER_SET_RESULTS */;
/*!40101 SET COLLATION_CONNECTION=@OLD_COLLATION_CONNECTION */;
/*!40111 SET SQL_NOTES=@OLD_SQL_NOTES */;

-- Dump completed on 2024-08-16  9:51:26
